/*
 Navicat Premium Data Transfer

 Source Server         : mysql_shop
 Source Server Type    : MySQL
 Source Server Version : 80037
 Source Host           : localhost:3306
 Source Schema         : shop_db

 Target Server Type    : MySQL
 Target Server Version : 80037
 File Encoding         : 65001

 Date: 12/07/2025 13:38:05
*/

SET NAMES utf8mb4;
SET FOREIGN_KEY_CHECKS = 0;

-- ----------------------------
-- Table structure for category
-- ----------------------------
DROP TABLE IF EXISTS `category`;
CREATE TABLE `category`  (
  `CategoryID` char(36) CHARACTER SET utf8mb4 COLLATE utf8mb4_0900_ai_ci NOT NULL,
  `Category1` varchar(36) CHARACTER SET utf8mb4 COLLATE utf8mb4_0900_ai_ci NOT NULL,
  `Category2` varchar(36) CHARACTER SET utf8mb4 COLLATE utf8mb4_0900_ai_ci NULL DEFAULT NULL,
  `Category3` varchar(36) CHARACTER SET utf8mb4 COLLATE utf8mb4_0900_ai_ci NULL DEFAULT NULL,
  PRIMARY KEY (`CategoryID`) USING BTREE
) ENGINE = InnoDB CHARACTER SET = utf8mb4 COLLATE = utf8mb4_0900_ai_ci ROW_FORMAT = Dynamic;

-- ----------------------------
-- Records of category
-- ----------------------------
INSERT INTO `category` VALUES ('C001', '食品', '特色拌菜', '');
INSERT INTO `category` VALUES ('C002', '食品', '韩式泡菜', '');
INSERT INTO `category` VALUES ('C003', '食品', '酱类', '');
INSERT INTO `category` VALUES ('C004', '食品', '饮品', '');
INSERT INTO `category` VALUES ('C005', '食品', '主食', '');

-- ----------------------------
-- Table structure for customer
-- ----------------------------
DROP TABLE IF EXISTS `customer`;
CREATE TABLE `customer`  (
  `Customer_ID` char(36) CHARACTER SET utf8mb4 COLLATE utf8mb4_0900_ai_ci NOT NULL,
  `Name` varchar(100) CHARACTER SET utf8mb4 COLLATE utf8mb4_0900_ai_ci NULL DEFAULT NULL,
  `Phone` char(15) CHARACTER SET utf8mb4 COLLATE utf8mb4_0900_ai_ci NULL DEFAULT NULL,
  `IsMember` varchar(10) CHARACTER SET utf8mb4 COLLATE utf8mb4_0900_ai_ci NULL DEFAULT NULL,
  `MemberLevel` char(36) CHARACTER SET utf8mb4 COLLATE utf8mb4_0900_ai_ci NULL DEFAULT NULL,
  `Tags` varchar(255) CHARACTER SET utf8mb4 COLLATE utf8mb4_0900_ai_ci NULL DEFAULT NULL,
  `Remark` varchar(255) CHARACTER SET utf8mb4 COLLATE utf8mb4_0900_ai_ci NULL DEFAULT NULL,
  PRIMARY KEY (`Customer_ID`) USING BTREE
) ENGINE = InnoDB CHARACTER SET = utf8mb4 COLLATE = utf8mb4_0900_ai_ci ROW_FORMAT = Dynamic;

-- ----------------------------
-- Records of customer
-- ----------------------------
INSERT INTO `customer` VALUES ('-.-', NULL, '	18065989032', '否', NULL, NULL, NULL);
INSERT INTO `customer` VALUES ('*。Ю媛※■', NULL, '139****4341', '否', NULL, NULL, NULL);
INSERT INTO `customer` VALUES ('♚Wang.*≈', NULL, NULL, '否', NULL, NULL, NULL);
INSERT INTO `customer` VALUES ('🌟Z.sN_', NULL, NULL, '否', NULL, NULL, NULL);
INSERT INTO `customer` VALUES ('🌸🐒', NULL, '176****2867', '否', NULL, NULL, NULL);
INSERT INTO `customer` VALUES ('🍇Mandy🍇', NULL, '	15184179966', '否', NULL, NULL, NULL);
INSERT INTO `customer` VALUES ('🍑桃喜🍑', NULL, '	13942590837', '否', NULL, NULL, NULL);
INSERT INTO `customer` VALUES ('🍭米迦勒_004603', NULL, '	18296446555', '否', NULL, NULL, NULL);
INSERT INTO `customer` VALUES ('💕尚好佳💕', NULL, '159****3230', '否', NULL, NULL, NULL);
INSERT INTO `customer` VALUES ('💫飞天小仙女🎀', NULL, '	18552019191', '是', NULL, NULL, NULL);
INSERT INTO `customer` VALUES ('🔅蓝宝石', '宝石蓝', '	18300536367', '否', NULL, NULL, NULL);
INSERT INTO `customer` VALUES ('1', NULL, '	13844242067', '否', NULL, NULL, NULL);
INSERT INTO `customer` VALUES ('123', NULL, '	15853542798', '否', NULL, NULL, NULL);
INSERT INTO `customer` VALUES ('1983', NULL, '	13591109020', '否', NULL, NULL, NULL);
INSERT INTO `customer` VALUES ('A0--西美丽♈', NULL, '	13644585872', '否', NULL, NULL, NULL);
INSERT INTO `customer` VALUES ('aaa', NULL, NULL, '否', NULL, NULL, NULL);
INSERT INTO `customer` VALUES ('A加加布鲁根', NULL, NULL, '否', NULL, NULL, NULL);
INSERT INTO `customer` VALUES ('A蚂蚱', NULL, NULL, '否', NULL, NULL, NULL);
INSERT INTO `customer` VALUES ('beoChen', NULL, '186****3393', '否', NULL, NULL, NULL);
INSERT INTO `customer` VALUES ('Bowen', NULL, '	13910180123', '否', NULL, NULL, NULL);
INSERT INTO `customer` VALUES ('Cary ෆ⃛ ོ    ོ', 'Cary ෆ⃛ ོ    ོ', '	18601226212', '否', NULL, NULL, NULL);
INSERT INTO `customer` VALUES ('D·JiaoJiao🧸ྀི', NULL, '	18341207777', '否', NULL, NULL, NULL);
INSERT INTO `customer` VALUES ('Daisy', NULL, '	13029682368', '否', NULL, NULL, NULL);
INSERT INTO `customer` VALUES ('Daisy.', NULL, NULL, '否', NULL, NULL, NULL);
INSERT INTO `customer` VALUES ('Emma', NULL, '150****4602', '否', NULL, NULL, NULL);
INSERT INTO `customer` VALUES ('ʚ🐨ིྀɞ', NULL, '	15946009316', '否', NULL, NULL, NULL);
INSERT INTO `customer` VALUES ('ʚ阿喂ɞ', NULL, '	15018723864', '否', NULL, NULL, NULL);
INSERT INTO `customer` VALUES ('GYC🎀하 베이비', NULL, '	15898336072', '否', NULL, NULL, NULL);
INSERT INTO `customer` VALUES ('huan', '赵哲焕', '	18640884010', '是', '2_3', NULL, NULL);
INSERT INTO `customer` VALUES ('Jiang', NULL, '	18301076578', '否', NULL, NULL, NULL);
INSERT INTO `customer` VALUES ('jiawei', NULL, '	15247140973', '否', NULL, NULL, NULL);
INSERT INTO `customer` VALUES ('Kelly', NULL, '	13704111074', '否', NULL, NULL, NULL);
INSERT INTO `customer` VALUES ('Kobe', NULL, '	15692166697', '否', NULL, NULL, NULL);
INSERT INTO `customer` VALUES ('L55', '李京', '	15165778725', '是', '2_3', NULL, NULL);
INSERT INTO `customer` VALUES ('Miyeong', 'Miyeong', '	18904236733', '否', NULL, NULL, NULL);
INSERT INTO `customer` VALUES ('Mo茉', NULL, '	18626540001', '否', NULL, NULL, NULL);
INSERT INTO `customer` VALUES ('nana', NULL, '185****8218', '否', NULL, NULL, NULL);
INSERT INTO `customer` VALUES ('NE.fifi💋', NULL, '	18809883371', '否', NULL, NULL, NULL);
INSERT INTO `customer` VALUES ('Neo', NULL, '	18615632375', '否', NULL, NULL, NULL);
INSERT INTO `customer` VALUES ('oil', NULL, '	13190319309', '否', NULL, NULL, NULL);
INSERT INTO `customer` VALUES ('O耶', NULL, '177****2223', '否', NULL, NULL, NULL);
INSERT INTO `customer` VALUES ('Paopao', NULL, '	13015955137', '否', NULL, NULL, NULL);
INSERT INTO `customer` VALUES ('Q', NULL, '	18105226858', '否', NULL, NULL, NULL);
INSERT INTO `customer` VALUES ('Rebecca💦', NULL, '	18602150806', '否', NULL, NULL, NULL);
INSERT INTO `customer` VALUES ('River ᐝ', NULL, '	18642222555', '否', NULL, NULL, NULL);
INSERT INTO `customer` VALUES ('ShufeiZHENG', NULL, NULL, '否', NULL, NULL, NULL);
INSERT INTO `customer` VALUES ('treasure', NULL, '	18733321865', '否', NULL, NULL, NULL);
INSERT INTO `customer` VALUES ('wl', NULL, '	18204010632', '否', NULL, NULL, NULL);
INSERT INTO `customer` VALUES ('Z🌷＾小栋', NULL, '	17709875911', '否', NULL, NULL, NULL);
INSERT INTO `customer` VALUES ('Zjc', NULL, '	18629408693', '否', NULL, NULL, NULL);
INSERT INTO `customer` VALUES ('닥터 김', NULL, '	15940126986', '否', NULL, NULL, NULL);
INSERT INTO `customer` VALUES ('로이맘德国🇩🇪PM', NULL, '	18562698611', '否', NULL, NULL, NULL);
INSERT INTO `customer` VALUES ('선화', NULL, '	15954237654', '否', NULL, NULL, NULL);
INSERT INTO `customer` VALUES ('진베베花(童装）', '李爱花', '	18766597766', '是', '2_3', NULL, NULL);
INSERT INTO `customer` VALUES ('不加班还是喜相逢', NULL, NULL, '否', NULL, NULL, NULL);
INSERT INTO `customer` VALUES ('伊本 微微', NULL, '	13365456541', '否', NULL, NULL, NULL);
INSERT INTO `customer` VALUES ('侯珊珊-邮储前所古城支行', NULL, '	18042937896', '否', NULL, NULL, NULL);
INSERT INTO `customer` VALUES ('六月', NULL, '	15031553363', '否', NULL, NULL, NULL);
INSERT INTO `customer` VALUES ('兰兰준호맘', NULL, '	15589862610', '否', NULL, NULL, NULL);
INSERT INTO `customer` VALUES ('养乐多(薪雅)', NULL, '	13019235593', '否', NULL, NULL, NULL);
INSERT INTO `customer` VALUES ('冀晔', NULL, '	13940399915', '否', NULL, NULL, NULL);
INSERT INTO `customer` VALUES ('冉冉妈', NULL, '	13840976433', '否', NULL, NULL, NULL);
INSERT INTO `customer` VALUES ('刘', NULL, '	18309865810', '否', NULL, NULL, NULL);
INSERT INTO `customer` VALUES ('刘慧慧啊🌴', NULL, '	18241079264', '否', NULL, NULL, NULL);
INSERT INTO `customer` VALUES ('别的小菇凉💃💃', NULL, '	13609821481', '否', NULL, NULL, NULL);
INSERT INTO `customer` VALUES ('加油', NULL, '	18660531595', '否', NULL, NULL, NULL);
INSERT INTO `customer` VALUES ('努力努力再努力@续', NULL, '	18618247138', '否', NULL, NULL, NULL);
INSERT INTO `customer` VALUES ('十五', '十五', '	17695980310', '否', NULL, NULL, NULL);
INSERT INTO `customer` VALUES ('华', NULL, '155****9126', '否', NULL, NULL, NULL);
INSERT INTO `customer` VALUES ('叮铃铃🐀   💨', NULL, '	15578899277', '否', NULL, NULL, NULL);
INSERT INTO `customer` VALUES ('吉吉兔', NULL, '	18033510289', '否', NULL, NULL, NULL);
INSERT INTO `customer` VALUES ('吉吉国王', NULL, '	17642053205', '否', NULL, NULL, NULL);
INSERT INTO `customer` VALUES ('吉文静', '吉文静', '	18610906328', '否', NULL, NULL, NULL);
INSERT INTO `customer` VALUES ('君子兰', '君子兰', '	15928688778', '否', NULL, NULL, NULL);
INSERT INTO `customer` VALUES ('周润发', NULL, '	15280017515', '否', NULL, NULL, NULL);
INSERT INTO `customer` VALUES ('呱呱呱', '呱呱呱', '	15647248657', '否', NULL, NULL, NULL);
INSERT INTO `customer` VALUES ('哈哈', NULL, NULL, '否', NULL, NULL, NULL);
INSERT INTO `customer` VALUES ('唉呀妈呀（Q）', NULL, '	17743092412', '否', NULL, NULL, NULL);
INSERT INTO `customer` VALUES ('喜洋洋', NULL, '	18004427666', '否', NULL, NULL, NULL);
INSERT INTO `customer` VALUES ('嗅嗅😼', NULL, '	19932021461', '否', NULL, NULL, NULL);
INSERT INTO `customer` VALUES ('嗯哼', '嗯哼', '	17733555149', '否', NULL, NULL, NULL);
INSERT INTO `customer` VALUES ('圆溜溜', NULL, NULL, '否', NULL, NULL, NULL);
INSERT INTO `customer` VALUES ('大海', NULL, '	15946636096', '否', NULL, NULL, NULL);
INSERT INTO `customer` VALUES ('大草莓', NULL, '	15204440125', '否', NULL, NULL, NULL);
INSERT INTO `customer` VALUES ('大萱', NULL, NULL, '否', NULL, NULL, NULL);
INSERT INTO `customer` VALUES ('奔跑的犀牛', NULL, '177****9810', '否', NULL, NULL, NULL);
INSERT INTO `customer` VALUES ('好运来', NULL, '	13940697181', '否', NULL, NULL, NULL);
INSERT INTO `customer` VALUES ('娜', NULL, '	13591211227', '否', NULL, NULL, NULL);
INSERT INTO `customer` VALUES ('娜，初心烘焙.私人定制15032312714', NULL, '	15032312714', '否', NULL, NULL, NULL);
INSERT INTO `customer` VALUES ('孔雀', NULL, NULL, '否', NULL, NULL, NULL);
INSERT INTO `customer` VALUES ('孟昕霖', NULL, '137****4521', '否', NULL, NULL, NULL);
INSERT INTO `customer` VALUES ('小宇', NULL, '	13080700832', '否', NULL, NULL, NULL);
INSERT INTO `customer` VALUES ('小小小赵🤍', NULL, '	15145617700', '否', NULL, NULL, NULL);
INSERT INTO `customer` VALUES ('小承韩国童装工厂直销(韩国内衣）', NULL, '	18765423410', '否', NULL, NULL, NULL);
INSERT INTO `customer` VALUES ('小狼～', '小狼～', '	15841397328', '否', NULL, NULL, NULL);
INSERT INTO `customer` VALUES ('小花', NULL, '	17305156612', '否', NULL, NULL, NULL);
INSERT INTO `customer` VALUES ('小螺号', NULL, '	13130923131', '否', NULL, NULL, NULL);
INSERT INTO `customer` VALUES ('小金', NULL, '131****4054', '否', NULL, NULL, NULL);
INSERT INTO `customer` VALUES ('平淡生活', NULL, '	13842842079', '否', NULL, NULL, NULL);
INSERT INTO `customer` VALUES ('年年', '方也', '	18032669777', '否', NULL, NULL, NULL);
INSERT INTO `customer` VALUES ('张三', NULL, '	15144578347', '否', NULL, NULL, NULL);
INSERT INTO `customer` VALUES ('张小花', NULL, NULL, '否', NULL, NULL, NULL);
INSERT INTO `customer` VALUES ('张璐', NULL, '	15145982526', '否', NULL, NULL, NULL);
INSERT INTO `customer` VALUES ('张磊', '张磊', '	18611144821', '否', NULL, NULL, NULL);
INSERT INTO `customer` VALUES ('彬彬', '彬彬', '	13541137682', '否', NULL, NULL, NULL);
INSERT INTO `customer` VALUES ('思密达', NULL, '	18340636668', '否', NULL, NULL, NULL);
INSERT INTO `customer` VALUES ('我是你的阿拉平', NULL, '	15942755557', '否', NULL, NULL, NULL);
INSERT INTO `customer` VALUES ('文小文', NULL, '	15566919755', '否', NULL, NULL, NULL);
INSERT INTO `customer` VALUES ('文心^^*(윤희)', NULL, '	13564375253', '否', NULL, NULL, NULL);
INSERT INTO `customer` VALUES ('旋紫', NULL, '	13464295575', '否', NULL, NULL, NULL);
INSERT INTO `customer` VALUES ('明日之King', NULL, '	15725503311', '否', NULL, NULL, NULL);
INSERT INTO `customer` VALUES ('昨儿', NULL, '	15545563786', '否', NULL, NULL, NULL);
INSERT INTO `customer` VALUES ('李涵嵋', NULL, NULL, '否', NULL, NULL, NULL);
INSERT INTO `customer` VALUES ('杨咩咩', NULL, NULL, '否', NULL, NULL, NULL);
INSERT INTO `customer` VALUES ('杨帆', NULL, '	13796609699', '否', NULL, NULL, NULL);
INSERT INTO `customer` VALUES ('杨旸', NULL, '	13578926556', '否', NULL, NULL, NULL);
INSERT INTO `customer` VALUES ('温shu芸', NULL, '137****8131', '否', NULL, NULL, NULL);
INSERT INTO `customer` VALUES ('温小温', NULL, '	13811488816', '否', NULL, NULL, NULL);
INSERT INTO `customer` VALUES ('王皓淼', '王皓淼', '	15124133777', '否', NULL, NULL, NULL);
INSERT INTO `customer` VALUES ('玟佑妈妈（韩国直邮韩妆，奶粉）', '玟佑妈妈（韩国直邮韩妆，奶粉）', '	18839016561', '否', NULL, NULL, NULL);
INSERT INTO `customer` VALUES ('琥珀', NULL, '	18826050597', '否', NULL, NULL, NULL);
INSERT INTO `customer` VALUES ('甜与苦', NULL, '	18624021542', '否', NULL, NULL, NULL);
INSERT INTO `customer` VALUES ('白凤', NULL, '	15158060854', '否', NULL, NULL, NULL);
INSERT INTO `customer` VALUES ('米菲和贝利', NULL, '	13889425882', '否', NULL, NULL, NULL);
INSERT INTO `customer` VALUES ('素然🐴🐯🐶439', NULL, '	13820832221', '否', NULL, NULL, NULL);
INSERT INTO `customer` VALUES ('索多', '刘呈阳', '	18610996189', '是', '3_2', NULL, NULL);
INSERT INTO `customer` VALUES ('罗', NULL, '	15836690090', '否', NULL, NULL, NULL);
INSERT INTO `customer` VALUES ('良辰', NULL, '	15640146096', '否', NULL, NULL, NULL);
INSERT INTO `customer` VALUES ('芃芃麻麻', '芃芃麻麻', '	18166882179', '否', NULL, NULL, NULL);
INSERT INTO `customer` VALUES ('芝士小丸子', NULL, '	15801633404', '否', NULL, NULL, NULL);
INSERT INTO `customer` VALUES ('花开不败', '花开不败', '	13810396450', '否', NULL, NULL, NULL);
INSERT INTO `customer` VALUES ('若冰', NULL, '	15844718006', '否', NULL, NULL, NULL);
INSERT INTO `customer` VALUES ('苦咖啡💕', NULL, NULL, '否', NULL, NULL, NULL);
INSERT INTO `customer` VALUES ('萝溪.', NULL, '	15374713791', '否', NULL, NULL, NULL);
INSERT INTO `customer` VALUES ('蕾', NULL, NULL, '否', NULL, NULL, NULL);
INSERT INTO `customer` VALUES ('虎哥', NULL, '	18766598686', '否', NULL, NULL, NULL);
INSERT INTO `customer` VALUES ('言覃木南木南', NULL, '159****3836', '否', NULL, NULL, NULL);
INSERT INTO `customer` VALUES ('说什么呢？', NULL, '176****7735', '否', NULL, NULL, NULL);
INSERT INTO `customer` VALUES ('谢紫棋cindy', NULL, '	13681038987', '否', NULL, NULL, NULL);
INSERT INTO `customer` VALUES ('谭雪', NULL, '	15552207199', '否', NULL, NULL, NULL);
INSERT INTO `customer` VALUES ('贾', '贾', '	18647370006', '否', NULL, NULL, NULL);
INSERT INTO `customer` VALUES ('遥远', NULL, NULL, '否', NULL, NULL, NULL);
INSERT INTO `customer` VALUES ('金子', NULL, '	15140866989', '否', NULL, NULL, NULL);
INSERT INTO `customer` VALUES ('金谨商贸', NULL, '	18241308881', '否', NULL, NULL, NULL);
INSERT INTO `customer` VALUES ('镇艳', '崔镇艳', '	15840367782', '是', '2_3', NULL, NULL);
INSERT INTO `customer` VALUES ('阳洋', NULL, '	18618145976', '否', NULL, NULL, NULL);
INSERT INTO `customer` VALUES ('阿才才', NULL, '	18343571230', '否', NULL, NULL, NULL);
INSERT INTO `customer` VALUES ('阿淼仔。', NULL, '	15804398556', '否', NULL, NULL, NULL);
INSERT INTO `customer` VALUES ('阿蓝', NULL, '	18643742181', '否', NULL, NULL, NULL);
INSERT INTO `customer` VALUES ('雪儿', NULL, '	13840897655', '否', NULL, NULL, NULL);
INSERT INTO `customer` VALUES ('青草香', NULL, NULL, '否', NULL, NULL, NULL);
INSERT INTO `customer` VALUES ('顶楼泡菜之家（张太峰）', '张太峰', '	13840051524', '是', '2_3', NULL, NULL);
INSERT INTO `customer` VALUES ('顾佳妮', NULL, '	13910716876', '否', NULL, NULL, NULL);
INSERT INTO `customer` VALUES ('颢颢', '陈颢', '	13701100698', '否', NULL, NULL, NULL);
INSERT INTO `customer` VALUES ('鱼糕大叔', NULL, '	18809827132', '否', NULL, NULL, NULL);
INSERT INTO `customer` VALUES ('黎刚', NULL, '	13570955622', '否', NULL, NULL, NULL);
INSERT INTO `customer` VALUES ('黑崎一护', NULL, '	13702104977', '否', NULL, NULL, NULL);

-- ----------------------------
-- Table structure for order_item
-- ----------------------------
DROP TABLE IF EXISTS `order_item`;
CREATE TABLE `order_item`  (
  `OrderItemID` char(36) CHARACTER SET utf8mb4 COLLATE utf8mb4_0900_ai_ci NOT NULL,
  `OrderID` char(36) CHARACTER SET utf8mb4 COLLATE utf8mb4_0900_ai_ci NULL DEFAULT NULL,
  `ProdSpecID` char(36) CHARACTER SET utf8mb4 COLLATE utf8mb4_0900_ai_ci NULL DEFAULT NULL,
  `Quantity` int NOT NULL,
  PRIMARY KEY (`OrderItemID`) USING BTREE,
  INDEX `FK_Relationship_2`(`OrderID` ASC) USING BTREE,
  INDEX `FK_Relationship_6`(`ProdSpecID` ASC) USING BTREE,
  CONSTRAINT `FK_Relationship_2` FOREIGN KEY (`OrderID`) REFERENCES `orders` (`OrderID`) ON DELETE RESTRICT ON UPDATE RESTRICT,
  CONSTRAINT `FK_Relationship_6` FOREIGN KEY (`ProdSpecID`) REFERENCES `product_spec` (`ProdSpecID`) ON DELETE RESTRICT ON UPDATE RESTRICT
) ENGINE = InnoDB CHARACTER SET = utf8mb4 COLLATE = utf8mb4_0900_ai_ci ROW_FORMAT = Dynamic;

-- ----------------------------
-- Records of order_item
-- ----------------------------
INSERT INTO `order_item` VALUES ('OI0001', 'E20250702163118092700075', NULL, 1);
INSERT INTO `order_item` VALUES ('OI0002', 'E20250702150657029700087', NULL, 1);
INSERT INTO `order_item` VALUES ('OI0003', 'E20250702150657029700087', NULL, 1);
INSERT INTO `order_item` VALUES ('OI0004', 'E20250702150657029700087', NULL, 2);
INSERT INTO `order_item` VALUES ('OI0005', 'E20250702092147082200049', '25867386932', 2);
INSERT INTO `order_item` VALUES ('OI0006', 'E20250702092147082200049', '25867386933', 2);
INSERT INTO `order_item` VALUES ('OI0007', 'E20250702092147082200049', NULL, 2);
INSERT INTO `order_item` VALUES ('OI0008', 'E20250701223350079606185', NULL, 2);
INSERT INTO `order_item` VALUES ('OI0009', 'E20250701222810072906149', NULL, 1);
INSERT INTO `order_item` VALUES ('OI0010', 'E20250701222810072906149', NULL, 1);
INSERT INTO `order_item` VALUES ('OI0011', 'E20250701222810072906149', '25886585341', 1);
INSERT INTO `order_item` VALUES ('OI0012', 'E20250701145241081100045', NULL, 1);
INSERT INTO `order_item` VALUES ('OI0013', 'E20250701145241081100045', '25886585341', 1);
INSERT INTO `order_item` VALUES ('OI0014', 'E20250701143116014700011', NULL, 1);
INSERT INTO `order_item` VALUES ('OI0015', 'E20250701143116014700011', '25886585341', 2);
INSERT INTO `order_item` VALUES ('OI0016', 'E20250701141533059506217', '25867390433', 3);
INSERT INTO `order_item` VALUES ('OI0017', 'E20250701121623098100011', NULL, 1);
INSERT INTO `order_item` VALUES ('OI0018', 'E20250701121623098100011', '25886585340', 1);
INSERT INTO `order_item` VALUES ('OI0019', 'E20250701121623098100011', '25886585341', 1);
INSERT INTO `order_item` VALUES ('OI0020', 'E20250701090501074506211', '25886585341', 1);
INSERT INTO `order_item` VALUES ('OI0021', 'E20250701090501074506211', NULL, 1);
INSERT INTO `order_item` VALUES ('OI0022', 'E20250701090501074506211', '25886585340', 1);
INSERT INTO `order_item` VALUES ('OI0023', 'E20250701090122074500011', '25886585341', 1);
INSERT INTO `order_item` VALUES ('OI0024', 'E20250630201004009506239', '25886585340', 1);
INSERT INTO `order_item` VALUES ('OI0025', 'E20250630201004009506239', NULL, 9);
INSERT INTO `order_item` VALUES ('OI0026', 'E20250630191903097100097', '25887076865', 2);
INSERT INTO `order_item` VALUES ('OI0027', 'E20250630191903097100097', '25867390433', 1);
INSERT INTO `order_item` VALUES ('OI0028', 'E20250630191903097100097', NULL, 2);
INSERT INTO `order_item` VALUES ('OI0029', 'E20250630191903097100097', NULL, 2);
INSERT INTO `order_item` VALUES ('OI0030', 'E20250630190053036206163', NULL, 1);
INSERT INTO `order_item` VALUES ('OI0031', 'E20250630190053036206163', NULL, 2);
INSERT INTO `order_item` VALUES ('OI0032', 'E20250630190053036206163', '25867390433', 1);
INSERT INTO `order_item` VALUES ('OI0033', 'E20250630190053036206163', NULL, 1);
INSERT INTO `order_item` VALUES ('OI0034', 'E20250630190053036206163', '25886585341', 1);
INSERT INTO `order_item` VALUES ('OI0035', 'E20250630185131010406205', NULL, 2);
INSERT INTO `order_item` VALUES ('OI0036', 'E20250630185131010406205', '25867386933', 1);
INSERT INTO `order_item` VALUES ('OI0037', 'E20250630185131010406205', NULL, 1);
INSERT INTO `order_item` VALUES ('OI0038', 'E20250630185131010406205', '25867390433', 1);
INSERT INTO `order_item` VALUES ('OI0039', 'E20250630185131010406205', '25886585341', 2);
INSERT INTO `order_item` VALUES ('OI0040', 'E20250630171319081900033', NULL, 1);
INSERT INTO `order_item` VALUES ('OI0041', 'E20250630171319081900033', '25867390433', 1);
INSERT INTO `order_item` VALUES ('OI0042', 'E20250630171319081900033', NULL, 1);
INSERT INTO `order_item` VALUES ('OI0043', 'E20250630171319081900033', NULL, 2);
INSERT INTO `order_item` VALUES ('OI0044', 'E20250630171319081900033', NULL, 1);
INSERT INTO `order_item` VALUES ('OI0045', 'E20250630170540081900033', '25867390433', 1);
INSERT INTO `order_item` VALUES ('OI0046', 'E20250630170540081900033', NULL, 2);
INSERT INTO `order_item` VALUES ('OI0047', 'E20250630170540081900033', NULL, 1);
INSERT INTO `order_item` VALUES ('OI0048', 'E20250630170540081900033', NULL, 1);
INSERT INTO `order_item` VALUES ('OI0049', 'E20250630170540081900033', NULL, 2);
INSERT INTO `order_item` VALUES ('OI0050', 'E20250630165538027700061', NULL, 1);
INSERT INTO `order_item` VALUES ('OI0051', 'E20250630165538027700061', NULL, 2);
INSERT INTO `order_item` VALUES ('OI0052', 'E20250630165538027700061', '25886585341', 2);
INSERT INTO `order_item` VALUES ('OI0053', 'E20250630165538027700061', NULL, 1);
INSERT INTO `order_item` VALUES ('OI0054', 'E20250630161541016706169', NULL, 1);
INSERT INTO `order_item` VALUES ('OI0055', 'E20250630161541016706169', NULL, 1);
INSERT INTO `order_item` VALUES ('OI0056', 'E20250630161541016706169', NULL, 1);
INSERT INTO `order_item` VALUES ('OI0057', 'E20250630161541016706169', '25886585341', 1);
INSERT INTO `order_item` VALUES ('OI0058', 'E20250630145006077700013', NULL, 1);
INSERT INTO `order_item` VALUES ('OI0059', 'E20250630145006077700013', '25887076864', 1);
INSERT INTO `order_item` VALUES ('OI0060', 'E20250630145006077700013', NULL, 1);
INSERT INTO `order_item` VALUES ('OI0061', 'E20250630145006077700013', NULL, 1);
INSERT INTO `order_item` VALUES ('OI0062', 'E20250630145006077700013', '25886585341', 1);
INSERT INTO `order_item` VALUES ('OI0063', 'E20250630143117086900063', NULL, 1);
INSERT INTO `order_item` VALUES ('OI0064', 'E20250630143117086900063', NULL, 1);
INSERT INTO `order_item` VALUES ('OI0065', 'E20250630143117086900063', '25887076865', 1);
INSERT INTO `order_item` VALUES ('OI0066', 'E20250630143117086900063', NULL, 2);
INSERT INTO `order_item` VALUES ('OI0067', 'E20250630143117086900063', NULL, 1);
INSERT INTO `order_item` VALUES ('OI0068', 'E20250630142751011000075', NULL, 2);
INSERT INTO `order_item` VALUES ('OI0069', 'E20250630142751011000075', NULL, 1);
INSERT INTO `order_item` VALUES ('OI0070', 'E20250630142751011000075', NULL, 1);
INSERT INTO `order_item` VALUES ('OI0071', 'E20250630142751011000075', '25886585341', 3);
INSERT INTO `order_item` VALUES ('OI0072', 'E20250630141608035606201', NULL, 1);
INSERT INTO `order_item` VALUES ('OI0073', 'E20250630141608035606201', NULL, 1);
INSERT INTO `order_item` VALUES ('OI0074', 'E20250630141608035606201', NULL, 1);
INSERT INTO `order_item` VALUES ('OI0075', 'E20250630141608035606201', '25886585341', 1);
INSERT INTO `order_item` VALUES ('OI0076', 'E20250630141608035606201', NULL, 1);
INSERT INTO `order_item` VALUES ('OI0077', 'E20250630135133017300053', NULL, 2);
INSERT INTO `order_item` VALUES ('OI0078', 'E20250630135133017300053', '25886585340', 1);
INSERT INTO `order_item` VALUES ('OI0079', 'E20250630135133017300053', NULL, 2);
INSERT INTO `order_item` VALUES ('OI0080', 'E20250630124203093706183', '25887076865', 1);
INSERT INTO `order_item` VALUES ('OI0081', 'E20250630124203093706183', NULL, 1);
INSERT INTO `order_item` VALUES ('OI0082', 'E20250630124203093706183', NULL, 1);
INSERT INTO `order_item` VALUES ('OI0083', 'E20250630124203093706183', '25867390433', 1);
INSERT INTO `order_item` VALUES ('OI0084', 'E20250630124203093706183', '25886585341', 1);
INSERT INTO `order_item` VALUES ('OI0085', 'E20250630121243054000025', NULL, 14);
INSERT INTO `order_item` VALUES ('OI0086', 'E20250630115352040500019', NULL, 1);
INSERT INTO `order_item` VALUES ('OI0087', 'E20250630115352040500019', NULL, 1);
INSERT INTO `order_item` VALUES ('OI0088', 'E20250630115352040500019', '25887076865', 2);
INSERT INTO `order_item` VALUES ('OI0089', 'E20250630115352040500019', NULL, 1);
INSERT INTO `order_item` VALUES ('OI0090', 'E20250630115223024806183', NULL, 1);
INSERT INTO `order_item` VALUES ('OI0091', 'E20250630115223024806183', NULL, 1);
INSERT INTO `order_item` VALUES ('OI0092', 'E20250630115223024806183', '25867390433', 1);
INSERT INTO `order_item` VALUES ('OI0093', 'E20250630115223024806183', NULL, 1);
INSERT INTO `order_item` VALUES ('OI0094', 'E20250630115223024806183', NULL, 1);
INSERT INTO `order_item` VALUES ('OI0095', 'E20250630115223024806183', '25886585341', 1);
INSERT INTO `order_item` VALUES ('OI0096', 'E20250630115209008206153', NULL, 1);
INSERT INTO `order_item` VALUES ('OI0097', 'E20250630114228039106187', NULL, 1);
INSERT INTO `order_item` VALUES ('OI0098', 'E20250630114228039106187', NULL, 1);
INSERT INTO `order_item` VALUES ('OI0099', 'E20250630114228039106187', NULL, 1);
INSERT INTO `order_item` VALUES ('OI0100', 'E20250630114228039106187', NULL, 2);
INSERT INTO `order_item` VALUES ('OI0101', 'E20250630114228039106187', NULL, 2);
INSERT INTO `order_item` VALUES ('OI0102', 'E20250630114024003706161', '25867390434', 1);
INSERT INTO `order_item` VALUES ('OI0103', 'E20250630114024003706161', '25886585341', 1);
INSERT INTO `order_item` VALUES ('OI0104', 'E20250630114024003706161', NULL, 5);
INSERT INTO `order_item` VALUES ('OI0105', 'E20250630114024003706161', NULL, 1);
INSERT INTO `order_item` VALUES ('OI0106', 'E20250630105328041406189', NULL, 1);
INSERT INTO `order_item` VALUES ('OI0107', 'E20250630105328041406189', NULL, 2);
INSERT INTO `order_item` VALUES ('OI0108', 'E20250630105328041406189', '25886585341', 3);
INSERT INTO `order_item` VALUES ('OI0109', 'E20250630105328041406189', '25887076865', 1);
INSERT INTO `order_item` VALUES ('OI0110', 'E20250630105328041406189', NULL, 1);
INSERT INTO `order_item` VALUES ('OI0111', 'E20250630104013087200031', '25887076865', 1);
INSERT INTO `order_item` VALUES ('OI0112', 'E20250630104013087200031', NULL, 1);
INSERT INTO `order_item` VALUES ('OI0113', 'E20250630104013087200031', NULL, 1);
INSERT INTO `order_item` VALUES ('OI0114', 'E20250630104013087200031', '25867390433', 2);
INSERT INTO `order_item` VALUES ('OI0115', 'E20250630104013087200031', NULL, 1);
INSERT INTO `order_item` VALUES ('OI0116', 'E20250630103755012706211', '25887076865', 1);
INSERT INTO `order_item` VALUES ('OI0117', 'E20250630103755012706211', '25867390434', 1);
INSERT INTO `order_item` VALUES ('OI0118', 'E20250630103755012706211', NULL, 1);
INSERT INTO `order_item` VALUES ('OI0119', 'E20250630103755012706211', NULL, 1);
INSERT INTO `order_item` VALUES ('OI0120', 'E20250630100658059300019', NULL, 2);
INSERT INTO `order_item` VALUES ('OI0121', 'E20250630100658059300019', NULL, 2);
INSERT INTO `order_item` VALUES ('OI0122', 'E20250630095722018600013', NULL, 1);
INSERT INTO `order_item` VALUES ('OI0123', 'E20250630095722018600013', NULL, 1);
INSERT INTO `order_item` VALUES ('OI0124', 'E20250630095722018600013', NULL, 1);
INSERT INTO `order_item` VALUES ('OI0125', 'E20250630095722018600013', '25867390433', 1);
INSERT INTO `order_item` VALUES ('OI0126', 'E20250630095514071600005', NULL, 1);
INSERT INTO `order_item` VALUES ('OI0127', 'E20250630095514071600005', NULL, 1);
INSERT INTO `order_item` VALUES ('OI0128', 'E20250630095514071600005', NULL, 1);
INSERT INTO `order_item` VALUES ('OI0129', 'E20250630095514071600005', '25867390434', 1);
INSERT INTO `order_item` VALUES ('OI0130', 'E20250630095514071600005', NULL, 1);
INSERT INTO `order_item` VALUES ('OI0131', 'E20250630095514071600005', NULL, 1);
INSERT INTO `order_item` VALUES ('OI0132', 'E20250630095232040100035', NULL, 2);
INSERT INTO `order_item` VALUES ('OI0133', 'E20250630094833007206183', '25886585340', 3);
INSERT INTO `order_item` VALUES ('OI0134', 'E20250630094749007806149', NULL, 1);
INSERT INTO `order_item` VALUES ('OI0135', 'E20250630094749007806149', NULL, 1);
INSERT INTO `order_item` VALUES ('OI0136', 'E20250630094749007806149', NULL, 1);
INSERT INTO `order_item` VALUES ('OI0137', 'E20250630094749007806149', NULL, 1);
INSERT INTO `order_item` VALUES ('OI0138', 'E20250630094749007806149', '25887076865', 1);
INSERT INTO `order_item` VALUES ('OI0139', 'E20250630094749007806149', NULL, 1);
INSERT INTO `order_item` VALUES ('OI0140', 'E20250630094405040900019', NULL, 1);
INSERT INTO `order_item` VALUES ('OI0141', 'E20250630094405040900019', NULL, 7);
INSERT INTO `order_item` VALUES ('OI0142', 'E20250630093054007206205', NULL, 1);
INSERT INTO `order_item` VALUES ('OI0143', 'E20250630093054007206205', NULL, 1);
INSERT INTO `order_item` VALUES ('OI0144', 'E20250630093054007206205', NULL, 2);
INSERT INTO `order_item` VALUES ('OI0145', 'E20250630093054007206205', '25886585340', 1);
INSERT INTO `order_item` VALUES ('OI0146', 'E20250630093054007206205', '25886585341', 1);
INSERT INTO `order_item` VALUES ('OI0147', 'E20250630085507030800021', '25867390434', 2);
INSERT INTO `order_item` VALUES ('OI0148', 'E20250630085507030800021', NULL, 1);
INSERT INTO `order_item` VALUES ('OI0149', 'E20250630085507030800021', '25886585341', 2);
INSERT INTO `order_item` VALUES ('OI0150', 'E20250630084919030800069', NULL, 1);
INSERT INTO `order_item` VALUES ('OI0151', 'E20250630083056009900063', NULL, 3);
INSERT INTO `order_item` VALUES ('OI0152', 'E20250630083056009900063', NULL, 2);
INSERT INTO `order_item` VALUES ('OI0153', 'E20250630082950009706177', '25867386929', 1);
INSERT INTO `order_item` VALUES ('OI0154', 'E20250630082950009706177', NULL, 1);
INSERT INTO `order_item` VALUES ('OI0155', 'E20250630082950009706177', NULL, 1);
INSERT INTO `order_item` VALUES ('OI0156', 'E20250630082950009706177', NULL, 1);
INSERT INTO `order_item` VALUES ('OI0157', 'E20250630082950009706177', NULL, 1);
INSERT INTO `order_item` VALUES ('OI0158', 'E20250630072403052600001', NULL, 3);
INSERT INTO `order_item` VALUES ('OI0159', 'E20250630072403052600001', '25886585341', 2);
INSERT INTO `order_item` VALUES ('OI0160', 'E20250630072403052600001', '25887076865', 1);
INSERT INTO `order_item` VALUES ('OI0161', 'E20250630072403052600001', NULL, 1);
INSERT INTO `order_item` VALUES ('OI0162', 'E20250630071213011206195', NULL, 1);
INSERT INTO `order_item` VALUES ('OI0163', 'E20250630071213011206195', '25887076864', 2);
INSERT INTO `order_item` VALUES ('OI0164', 'E20250630071213011206195', NULL, 1);
INSERT INTO `order_item` VALUES ('OI0165', 'E20250630071213011206195', '25886585341', 2);
INSERT INTO `order_item` VALUES ('OI0166', 'E20250630014514062700045', NULL, 1);
INSERT INTO `order_item` VALUES ('OI0167', 'E20250630014514062700045', NULL, 1);
INSERT INTO `order_item` VALUES ('OI0168', 'E20250629234203082300067', NULL, 3);
INSERT INTO `order_item` VALUES ('OI0169', 'E20250629234203082300067', '25867390433', 3);
INSERT INTO `order_item` VALUES ('OI0170', 'E20250629234203082300067', '25886585341', 1);
INSERT INTO `order_item` VALUES ('OI0171', 'E20250629233345057400015', '25867390434', 1);
INSERT INTO `order_item` VALUES ('OI0172', 'E20250629233345057400015', NULL, 1);
INSERT INTO `order_item` VALUES ('OI0173', 'E20250629233345057400015', '25887076865', 1);
INSERT INTO `order_item` VALUES ('OI0174', 'E20250629233345057400015', '25887076864', 1);
INSERT INTO `order_item` VALUES ('OI0175', 'E20250629233345057400015', NULL, 1);
INSERT INTO `order_item` VALUES ('OI0176', 'E20250629233345057400015', NULL, 1);
INSERT INTO `order_item` VALUES ('OI0177', 'E20250629233345057400015', NULL, 4);
INSERT INTO `order_item` VALUES ('OI0178', 'E20250629224533074100011', NULL, 1);
INSERT INTO `order_item` VALUES ('OI0179', 'E20250629224533074100011', NULL, 1);
INSERT INTO `order_item` VALUES ('OI0180', 'E20250629223859072800021', NULL, 2);
INSERT INTO `order_item` VALUES ('OI0181', 'E20250629223859072800021', NULL, 1);
INSERT INTO `order_item` VALUES ('OI0182', 'E20250629223859072800021', NULL, 1);
INSERT INTO `order_item` VALUES ('OI0183', 'E20250629223859072800021', '25886585341', 3);
INSERT INTO `order_item` VALUES ('OI0184', 'E20250629223129072806213', '25867386933', 1);
INSERT INTO `order_item` VALUES ('OI0185', 'E20250629221746004906155', NULL, 1);
INSERT INTO `order_item` VALUES ('OI0186', 'E20250629221746004906155', '25886585341', 4);
INSERT INTO `order_item` VALUES ('OI0187', 'E20250629215030056406153', NULL, 1);
INSERT INTO `order_item` VALUES ('OI0188', 'E20250629215030056406153', NULL, 2);
INSERT INTO `order_item` VALUES ('OI0189', 'E20250629215030056406153', '25887076864', 3);
INSERT INTO `order_item` VALUES ('OI0190', 'E20250629215030056406153', NULL, 2);
INSERT INTO `order_item` VALUES ('OI0191', 'E20250629214625052506205', NULL, 1);
INSERT INTO `order_item` VALUES ('OI0192', 'E20250629214625052506205', NULL, 1);
INSERT INTO `order_item` VALUES ('OI0193', 'E20250629214625052506205', NULL, 5);
INSERT INTO `order_item` VALUES ('OI0194', 'E20250629214625052506205', '25886585341', 1);
INSERT INTO `order_item` VALUES ('OI0195', 'E20250629214625052506205', NULL, 1);
INSERT INTO `order_item` VALUES ('OI0196', 'E20250629214400090606199', NULL, 1);
INSERT INTO `order_item` VALUES ('OI0197', 'E20250629214400090606199', NULL, 1);
INSERT INTO `order_item` VALUES ('OI0198', 'E20250629214400090606199', NULL, 1);
INSERT INTO `order_item` VALUES ('OI0199', 'E20250629214400090606199', '25887076865', 1);
INSERT INTO `order_item` VALUES ('OI0200', 'E20250629214400090606199', NULL, 1);
INSERT INTO `order_item` VALUES ('OI0201', 'E20250629214400090606199', '25886585341', 1);
INSERT INTO `order_item` VALUES ('OI0202', 'E20250629214359089306177', NULL, 6);
INSERT INTO `order_item` VALUES ('OI0203', 'E20250629214359089306177', NULL, 2);
INSERT INTO `order_item` VALUES ('OI0204', 'E20250629213947041400009', '25886585341', 6);
INSERT INTO `order_item` VALUES ('OI0205', 'E20250629212345051306159', NULL, 1);
INSERT INTO `order_item` VALUES ('OI0206', 'E20250629212345051306159', NULL, 2);
INSERT INTO `order_item` VALUES ('OI0207', 'E20250629212345051306159', '25867390433', 1);
INSERT INTO `order_item` VALUES ('OI0208', 'E20250629212345051306159', '25867390434', 1);
INSERT INTO `order_item` VALUES ('OI0209', 'E20250629211753028900059', '25867386930', 1);
INSERT INTO `order_item` VALUES ('OI0210', 'E20250629211753028900059', NULL, 1);
INSERT INTO `order_item` VALUES ('OI0211', 'E20250629211753028900059', NULL, 2);
INSERT INTO `order_item` VALUES ('OI0212', 'E20250629211753028900059', NULL, 1);
INSERT INTO `order_item` VALUES ('OI0213', 'E20250629211753028900059', NULL, 1);
INSERT INTO `order_item` VALUES ('OI0214', 'E20250629204835033900033', NULL, 1);
INSERT INTO `order_item` VALUES ('OI0215', 'E20250629204835033900033', NULL, 1);
INSERT INTO `order_item` VALUES ('OI0216', 'E20250629204835033900033', '25867390433', 1);
INSERT INTO `order_item` VALUES ('OI0217', 'E20250629204835033900033', '25886585340', 1);
INSERT INTO `order_item` VALUES ('OI0218', 'E20250629204835033900033', '25886585341', 1);
INSERT INTO `order_item` VALUES ('OI0219', 'E20250629204008099706193', NULL, 1);
INSERT INTO `order_item` VALUES ('OI0220', 'E20250629204008099706193', NULL, 1);
INSERT INTO `order_item` VALUES ('OI0221', 'E20250629204008099706193', NULL, 2);
INSERT INTO `order_item` VALUES ('OI0222', 'E20250629203951054706155', NULL, 1);
INSERT INTO `order_item` VALUES ('OI0223', 'E20250629203951054706155', NULL, 1);
INSERT INTO `order_item` VALUES ('OI0224', 'E20250629203951054706155', NULL, 2);
INSERT INTO `order_item` VALUES ('OI0225', 'E20250629203951054706155', NULL, 1);
INSERT INTO `order_item` VALUES ('OI0226', 'E20250629202102066700067', NULL, 2);
INSERT INTO `order_item` VALUES ('OI0227', 'E20250629202102066700067', NULL, 1);
INSERT INTO `order_item` VALUES ('OI0228', 'E20250629202102066700067', NULL, 2);
INSERT INTO `order_item` VALUES ('OI0229', 'E20250629202102066700067', NULL, 2);
INSERT INTO `order_item` VALUES ('OI0230', 'E20250629202102066700067', NULL, 1);
INSERT INTO `order_item` VALUES ('OI0231', 'E20250629200116065400043', NULL, 1);
INSERT INTO `order_item` VALUES ('OI0232', 'E20250629200116065400043', '25886585340', 1);
INSERT INTO `order_item` VALUES ('OI0233', 'E20250629200116065400043', NULL, 1);
INSERT INTO `order_item` VALUES ('OI0234', 'E20250629200116065400043', '25886585341', 2);
INSERT INTO `order_item` VALUES ('OI0235', 'E20250629195111030606197', '25887076864', 1);
INSERT INTO `order_item` VALUES ('OI0236', 'E20250629195111030606197', NULL, 1);
INSERT INTO `order_item` VALUES ('OI0237', 'E20250629195111030606197', NULL, 1);
INSERT INTO `order_item` VALUES ('OI0238', 'E20250629194651045906185', '25867386931', 1);
INSERT INTO `order_item` VALUES ('OI0239', 'E20250629194651045906185', '25867386933', 1);
INSERT INTO `order_item` VALUES ('OI0240', 'E20250629194651045906185', NULL, 1);
INSERT INTO `order_item` VALUES ('OI0241', 'E20250629194651045906185', NULL, 1);
INSERT INTO `order_item` VALUES ('OI0242', 'E20250629194651045906185', NULL, 1);
INSERT INTO `order_item` VALUES ('OI0243', 'E20250629194651045906185', NULL, 1);
INSERT INTO `order_item` VALUES ('OI0244', 'E20250629194651045906185', NULL, 1);
INSERT INTO `order_item` VALUES ('OI0245', 'E20250629194651045906185', '25887076864', 2);
INSERT INTO `order_item` VALUES ('OI0246', 'E20250629193431053500067', NULL, 1);
INSERT INTO `order_item` VALUES ('OI0247', 'E20250629193431053500067', NULL, 1);
INSERT INTO `order_item` VALUES ('OI0248', 'E20250629193431053500067', NULL, 1);
INSERT INTO `order_item` VALUES ('OI0249', 'E20250629193431053500067', '25867390433', 1);
INSERT INTO `order_item` VALUES ('OI0250', 'E20250629193431053500067', NULL, 1);
INSERT INTO `order_item` VALUES ('OI0251', 'E20250629193431053500067', '25887076865', 1);
INSERT INTO `order_item` VALUES ('OI0252', 'E20250629193140031606185', NULL, 1);
INSERT INTO `order_item` VALUES ('OI0253', 'E20250629193140031606185', NULL, 2);
INSERT INTO `order_item` VALUES ('OI0254', 'E20250629193140031606185', '25886585341', 1);
INSERT INTO `order_item` VALUES ('OI0255', 'E20250629192838039700035', NULL, 1);
INSERT INTO `order_item` VALUES ('OI0256', 'E20250629192838039700035', '25886585340', 1);
INSERT INTO `order_item` VALUES ('OI0257', 'E20250629192838039700035', '25867390434', 1);
INSERT INTO `order_item` VALUES ('OI0258', 'E20250629192838039700035', NULL, 1);
INSERT INTO `order_item` VALUES ('OI0259', 'E20250629192838039700035', NULL, 1);
INSERT INTO `order_item` VALUES ('OI0260', 'E20250629192838039700035', NULL, 1);
INSERT INTO `order_item` VALUES ('OI0261', 'E20250629192439014600061', '25867386929', 1);
INSERT INTO `order_item` VALUES ('OI0262', 'E20250629192439014600061', '25867386930', 1);
INSERT INTO `order_item` VALUES ('OI0263', 'E20250629192439014600061', NULL, 2);
INSERT INTO `order_item` VALUES ('OI0264', 'E20250629192439014600061', '25886585340', 1);
INSERT INTO `order_item` VALUES ('OI0265', 'E20250629192439014600061', NULL, 2);
INSERT INTO `order_item` VALUES ('OI0266', 'E20250629192439014600061', '25887076865', 1);
INSERT INTO `order_item` VALUES ('OI0267', 'E20250629192439014600061', NULL, 1);
INSERT INTO `order_item` VALUES ('OI0268', 'E20250629191343071506161', NULL, 1);
INSERT INTO `order_item` VALUES ('OI0269', 'E20250629191343071506161', NULL, 1);
INSERT INTO `order_item` VALUES ('OI0270', 'E20250629191343071506161', '25867390434', 1);
INSERT INTO `order_item` VALUES ('OI0271', 'E20250629191343071506161', '25887076865', 1);
INSERT INTO `order_item` VALUES ('OI0272', 'E20250629191343071506161', '25886585341', 1);
INSERT INTO `order_item` VALUES ('OI0273', 'E20250629191258098800053', '25867390434', 2);
INSERT INTO `order_item` VALUES ('OI0274', 'E20250629191258098800053', NULL, 1);
INSERT INTO `order_item` VALUES ('OI0275', 'E20250629191258098800053', NULL, 1);
INSERT INTO `order_item` VALUES ('OI0276', 'E20250629191258098800053', NULL, 1);
INSERT INTO `order_item` VALUES ('OI0277', 'E20250629191258098800053', '25886585341', 1);
INSERT INTO `order_item` VALUES ('OI0278', 'E20250629191258098800053', NULL, 2);
INSERT INTO `order_item` VALUES ('OI0279', 'E20250629190804043706229', NULL, 1);
INSERT INTO `order_item` VALUES ('OI0280', 'E20250629190804043706229', NULL, 2);
INSERT INTO `order_item` VALUES ('OI0281', 'E20250629190755038706181', NULL, 1);
INSERT INTO `order_item` VALUES ('OI0282', 'E20250629185828101700059', NULL, 1);
INSERT INTO `order_item` VALUES ('OI0283', 'E20250629185828101700059', '25886585341', 1);
INSERT INTO `order_item` VALUES ('OI0284', 'E20250629185828101700059', NULL, 1);
INSERT INTO `order_item` VALUES ('OI0285', 'E20250629185828101700059', NULL, 1);
INSERT INTO `order_item` VALUES ('OI0286', 'E20250629185614022306173', NULL, 1);
INSERT INTO `order_item` VALUES ('OI0287', 'E20250629185614022306173', NULL, 1);
INSERT INTO `order_item` VALUES ('OI0288', 'E20250629185614022306173', '25886585340', 1);
INSERT INTO `order_item` VALUES ('OI0289', 'E20250629184940083306153', NULL, 1);
INSERT INTO `order_item` VALUES ('OI0290', 'E20250629183350090100049', NULL, 1);
INSERT INTO `order_item` VALUES ('OI0291', 'E20250629183350090100049', NULL, 2);
INSERT INTO `order_item` VALUES ('OI0292', 'E20250629183350090100049', '25886585340', 1);
INSERT INTO `order_item` VALUES ('OI0293', 'E20250629183350090100049', NULL, 1);
INSERT INTO `order_item` VALUES ('OI0294', 'E20250629182900064706163', '25867390433', 1);
INSERT INTO `order_item` VALUES ('OI0295', 'E20250629182900064706163', NULL, 1);
INSERT INTO `order_item` VALUES ('OI0296', 'E20250629182900064706163', NULL, 1);
INSERT INTO `order_item` VALUES ('OI0297', 'E20250629182900064706163', NULL, 1);
INSERT INTO `order_item` VALUES ('OI0298', 'E20250629182827078900015', NULL, 1);
INSERT INTO `order_item` VALUES ('OI0299', 'E20250629182827078900015', '25886585340', 1);
INSERT INTO `order_item` VALUES ('OI0300', 'E20250629182607088306187', NULL, 2);
INSERT INTO `order_item` VALUES ('OI0301', 'E20250629182607088306187', NULL, 3);
INSERT INTO `order_item` VALUES ('OI0302', 'E20250629182556077200001', '25886585340', 1);
INSERT INTO `order_item` VALUES ('OI0303', 'E20250629182556077200001', NULL, 1);
INSERT INTO `order_item` VALUES ('OI0304', 'E20250629182359101406173', NULL, 2);
INSERT INTO `order_item` VALUES ('OI0305', 'E20250629182359101406173', NULL, 4);
INSERT INTO `order_item` VALUES ('OI0306', 'E20250629181456097400017', NULL, 1);
INSERT INTO `order_item` VALUES ('OI0307', 'E20250629181454053900077', NULL, 2);
INSERT INTO `order_item` VALUES ('OI0308', 'E20250629181454053900077', NULL, 4);
INSERT INTO `order_item` VALUES ('OI0309', 'E20250629181454053900077', NULL, 2);
INSERT INTO `order_item` VALUES ('OI0310', 'E20250629175256097806147', NULL, 1);
INSERT INTO `order_item` VALUES ('OI0311', 'E20250629175256097806147', NULL, 1);
INSERT INTO `order_item` VALUES ('OI0312', 'E20250629175256097806147', '25886585340', 1);
INSERT INTO `order_item` VALUES ('OI0313', 'E20250629175256097806147', '25887076865', 1);
INSERT INTO `order_item` VALUES ('OI0314', 'E20250629175256097806147', NULL, 1);
INSERT INTO `order_item` VALUES ('OI0315', 'E20250629172019038806189', NULL, 1);
INSERT INTO `order_item` VALUES ('OI0316', 'E20250629172019038806189', '25886585341', 3);
INSERT INTO `order_item` VALUES ('OI0317', 'E20250629172019038806189', NULL, 2);
INSERT INTO `order_item` VALUES ('OI0318', 'E20250629170448006006153', NULL, 1);
INSERT INTO `order_item` VALUES ('OI0319', 'E20250629170448006006153', NULL, 1);
INSERT INTO `order_item` VALUES ('OI0320', 'E20250629170448006006153', NULL, 1);
INSERT INTO `order_item` VALUES ('OI0321', 'E20250629165739029706203', NULL, 3);
INSERT INTO `order_item` VALUES ('OI0322', 'E20250629165739029706203', NULL, 1);
INSERT INTO `order_item` VALUES ('OI0323', 'E20250629165739029706203', NULL, 2);
INSERT INTO `order_item` VALUES ('OI0324', 'E20250629164818082006181', NULL, 2);
INSERT INTO `order_item` VALUES ('OI0325', 'E20250629164818082006181', NULL, 1);
INSERT INTO `order_item` VALUES ('OI0326', 'E20250629164818082006181', NULL, 2);
INSERT INTO `order_item` VALUES ('OI0327', 'E20250629164818082006181', NULL, 2);
INSERT INTO `order_item` VALUES ('OI0328', 'E20250629163628077806145', NULL, 1);
INSERT INTO `order_item` VALUES ('OI0329', 'E20250629163628077806145', NULL, 1);
INSERT INTO `order_item` VALUES ('OI0330', 'E20250629163628077806145', '25867390433', 1);
INSERT INTO `order_item` VALUES ('OI0331', 'E20250629163628077806145', '25886585341', 2);
INSERT INTO `order_item` VALUES ('OI0332', 'E20250629161711016306157', NULL, 1);
INSERT INTO `order_item` VALUES ('OI0333', 'E20250629161711016306157', NULL, 1);
INSERT INTO `order_item` VALUES ('OI0334', 'E20250629161711016306157', '25867390433', 1);
INSERT INTO `order_item` VALUES ('OI0335', 'E20250629161711016306157', NULL, 1);
INSERT INTO `order_item` VALUES ('OI0336', 'E20250629160547017406185', '25867386930', 1);
INSERT INTO `order_item` VALUES ('OI0337', 'E20250629160547017406185', '25867390433', 1);
INSERT INTO `order_item` VALUES ('OI0338', 'E20250629160547017406185', NULL, 2);
INSERT INTO `order_item` VALUES ('OI0339', 'E20250629160547017406185', NULL, 1);
INSERT INTO `order_item` VALUES ('OI0340', 'E20250629160547017406185', NULL, 1);
INSERT INTO `order_item` VALUES ('OI0341', 'E20250629160547017406185', '25886585341', 1);
INSERT INTO `order_item` VALUES ('OI0342', 'E20250629160547017406185', NULL, 2);
INSERT INTO `order_item` VALUES ('OI0343', 'E20250629154319020000053', NULL, 2);
INSERT INTO `order_item` VALUES ('OI0344', 'E20250629154319020000053', '25887076865', 3);
INSERT INTO `order_item` VALUES ('OI0345', 'E20250629154319020000053', '25867390433', 2);
INSERT INTO `order_item` VALUES ('OI0346', 'E20250629153714052500027', NULL, 1);
INSERT INTO `order_item` VALUES ('OI0347', 'E20250629153714052500027', NULL, 1);
INSERT INTO `order_item` VALUES ('OI0348', 'E20250629153714052500027', '25867390433', 1);
INSERT INTO `order_item` VALUES ('OI0349', 'E20250629153714052500027', NULL, 1);
INSERT INTO `order_item` VALUES ('OI0350', 'E20250629153411034206171', '25887076865', 1);
INSERT INTO `order_item` VALUES ('OI0351', 'E20250629153411034206171', NULL, 1);
INSERT INTO `order_item` VALUES ('OI0352', 'E20250629153411034206171', NULL, 1);
INSERT INTO `order_item` VALUES ('OI0353', 'E20250629153411034206171', '25867390433', 1);
INSERT INTO `order_item` VALUES ('OI0354', 'E20250629153411034206171', NULL, 2);
INSERT INTO `order_item` VALUES ('OI0355', 'E20250629153207083106211', '25887076864', 1);
INSERT INTO `order_item` VALUES ('OI0356', 'E20250629153207083106211', NULL, 2);
INSERT INTO `order_item` VALUES ('OI0357', 'E20250629153207083106211', NULL, 1);
INSERT INTO `order_item` VALUES ('OI0358', 'E20250629153207083106211', NULL, 1);
INSERT INTO `order_item` VALUES ('OI0359', 'E20250629153207083106211', '25867390433', 2);
INSERT INTO `order_item` VALUES ('OI0360', 'E20250629153039064106209', NULL, 1);
INSERT INTO `order_item` VALUES ('OI0361', 'E20250629153039064106209', NULL, 1);
INSERT INTO `order_item` VALUES ('OI0362', 'E20250629153039064106209', NULL, 3);
INSERT INTO `order_item` VALUES ('OI0363', 'E20250629152845006106209', '25887076864', 1);
INSERT INTO `order_item` VALUES ('OI0364', 'E20250629152845006106209', NULL, 1);
INSERT INTO `order_item` VALUES ('OI0365', 'E20250629152505016000057', NULL, 1);
INSERT INTO `order_item` VALUES ('OI0366', 'E20250629152505016000057', NULL, 2);
INSERT INTO `order_item` VALUES ('OI0367', 'E20250629152505016000057', NULL, 1);
INSERT INTO `order_item` VALUES ('OI0368', 'E20250629152505016000057', NULL, 2);
INSERT INTO `order_item` VALUES ('OI0369', 'E20250629152222053706209', NULL, 1);
INSERT INTO `order_item` VALUES ('OI0370', 'E20250629152222053706209', NULL, 1);
INSERT INTO `order_item` VALUES ('OI0371', 'E20250629152222053706209', NULL, 4);
INSERT INTO `order_item` VALUES ('OI0372', 'E20250629152222053706209', '25867390433', 1);
INSERT INTO `order_item` VALUES ('OI0373', 'E20250629152109064100045', NULL, 1);
INSERT INTO `order_item` VALUES ('OI0374', 'E20250629152059015006171', NULL, 1);
INSERT INTO `order_item` VALUES ('OI0375', 'E20250629152059015006171', '25886585341', 3);
INSERT INTO `order_item` VALUES ('OI0376', 'E20250629151954092700059', NULL, 6);
INSERT INTO `order_item` VALUES ('OI0377', 'E20250629151954092700059', NULL, 1);
INSERT INTO `order_item` VALUES ('OI0378', 'E20250629151954092700059', NULL, 1);
INSERT INTO `order_item` VALUES ('OI0379', 'E20250629151805004200045', NULL, 1);
INSERT INTO `order_item` VALUES ('OI0380', 'E20250629150601024006159', NULL, 1);
INSERT INTO `order_item` VALUES ('OI0381', 'E20250629150601024006159', NULL, 1);
INSERT INTO `order_item` VALUES ('OI0382', 'E20250629150601024006159', '25867390433', 1);
INSERT INTO `order_item` VALUES ('OI0383', 'E20250629150601024006159', NULL, 1);
INSERT INTO `order_item` VALUES ('OI0384', 'E20250629150601024006159', NULL, 1);
INSERT INTO `order_item` VALUES ('OI0385', 'E20250629104349012206197', NULL, 1);
INSERT INTO `order_item` VALUES ('OI0386', 'E20250629104349012206197', NULL, 1);
INSERT INTO `order_item` VALUES ('OI0387', 'E20250629104349012206197', NULL, 1);
INSERT INTO `order_item` VALUES ('OI0388', 'E20250629104349012206197', '25867390433', 1);
INSERT INTO `order_item` VALUES ('OI0389', 'E20250629101514056706203', NULL, 1);
INSERT INTO `order_item` VALUES ('OI0390', 'E20250629101514056706203', NULL, 1);
INSERT INTO `order_item` VALUES ('OI0391', 'E20250629101514056706203', '25887076864', 1);
INSERT INTO `order_item` VALUES ('OI0392', 'E20250629101514056706203', '25886585341', 1);
INSERT INTO `order_item` VALUES ('OI0393', 'E20250629094301085106177', '25886585341', 1);
INSERT INTO `order_item` VALUES ('OI0394', 'E20250629094301085106177', '25886585340', 1);
INSERT INTO `order_item` VALUES ('OI0395', 'E20250629094301085106177', NULL, 1);
INSERT INTO `order_item` VALUES ('OI0396', 'E20250629070332052900007', NULL, 1);
INSERT INTO `order_item` VALUES ('OI0397', 'E20250628190852026006215', NULL, 1);
INSERT INTO `order_item` VALUES ('OI0398', 'E20250628190852026006215', NULL, 1);
INSERT INTO `order_item` VALUES ('OI0399', 'E20250628190852026006215', NULL, 1);
INSERT INTO `order_item` VALUES ('OI0400', 'E20250628190852026006215', '25886585341', 1);
INSERT INTO `order_item` VALUES ('OI0401', 'E20250628181626038400013', '25867390434', 11);
INSERT INTO `order_item` VALUES ('OI0402', 'E20250628181626038400013', NULL, 11);
INSERT INTO `order_item` VALUES ('OI0403', 'E20250628181620094006185', NULL, 1);
INSERT INTO `order_item` VALUES ('OI0404', 'E20250628181115070000021', '25867386933', 1);
INSERT INTO `order_item` VALUES ('OI0405', 'E20250628181115070000021', '25867386930', 1);
INSERT INTO `order_item` VALUES ('OI0406', 'E20250628181115070000021', NULL, 13);
INSERT INTO `order_item` VALUES ('OI0407', 'E20250628181115070000021', '25867390434', 14);
INSERT INTO `order_item` VALUES ('OI0408', 'E20250628181115070000021', NULL, 2);
INSERT INTO `order_item` VALUES ('OI0409', 'E20250628181115070000021', NULL, 1);
INSERT INTO `order_item` VALUES ('OI0410', 'E20250628175759056100039', NULL, 2);
INSERT INTO `order_item` VALUES ('OI0411', 'E20250628175759056100039', '25886585341', 1);
INSERT INTO `order_item` VALUES ('OI0412', 'E20250628161134074606165', NULL, 1);
INSERT INTO `order_item` VALUES ('OI0413', 'E20250628150730048906183', NULL, 1);
INSERT INTO `order_item` VALUES ('OI0414', 'E20250628150730048906183', NULL, 1);
INSERT INTO `order_item` VALUES ('OI0415', 'E20250628150730048906183', NULL, 1);
INSERT INTO `order_item` VALUES ('OI0416', 'E20250628150730048906183', '25886585340', 1);
INSERT INTO `order_item` VALUES ('OI0417', 'E20250628150730048906183', NULL, 1);
INSERT INTO `order_item` VALUES ('OI0418', 'E20250628144312056000013', NULL, 1);
INSERT INTO `order_item` VALUES ('OI0419', 'E20250628144312056000013', NULL, 1);
INSERT INTO `order_item` VALUES ('OI0420', 'E20250628130749097300059', NULL, 2);
INSERT INTO `order_item` VALUES ('OI0421', 'E20250628130749097300059', '25886585341', 4);
INSERT INTO `order_item` VALUES ('OI0422', 'E20250628130457097300077', NULL, 2);
INSERT INTO `order_item` VALUES ('OI0423', 'E20250628130457097300077', '25886585340', 2);
INSERT INTO `order_item` VALUES ('OI0424', 'E20250628130457097300077', '25886585341', 5);
INSERT INTO `order_item` VALUES ('OI0425', 'E20250628130457097300077', '14878629222', 3);
INSERT INTO `order_item` VALUES ('OI0426', 'E20250628130457097300077', NULL, 1);
INSERT INTO `order_item` VALUES ('OI0427', 'E20250627215029015006189', '14878629222', 4);
INSERT INTO `order_item` VALUES ('OI0428', 'E20250627215029015006189', '14878629221', 4);
INSERT INTO `order_item` VALUES ('OI0429', 'E20250627214754012700055', NULL, 4);
INSERT INTO `order_item` VALUES ('OI0430', 'E20250627203712015000023', NULL, 2);
INSERT INTO `order_item` VALUES ('OI0431', 'E20250627175044087506147', NULL, 1);
INSERT INTO `order_item` VALUES ('OI0432', 'E20250627175044087506147', NULL, 1);
INSERT INTO `order_item` VALUES ('OI0433', 'E20250627175044087506147', '25867386932', 2);
INSERT INTO `order_item` VALUES ('OI0434', 'E20250627141825041906191', NULL, 1);
INSERT INTO `order_item` VALUES ('OI0435', 'E20250627141825041906191', NULL, 2);
INSERT INTO `order_item` VALUES ('OI0436', 'E20250627141825041906191', '25887076865', 2);
INSERT INTO `order_item` VALUES ('OI0437', 'E20250627141825041906191', NULL, 2);
INSERT INTO `order_item` VALUES ('OI0438', 'E20250627130558012706241', NULL, 1);
INSERT INTO `order_item` VALUES ('OI0439', 'E20250627125334014800037', NULL, 1);
INSERT INTO `order_item` VALUES ('OI0440', 'E20250627125334014800037', NULL, 1);
INSERT INTO `order_item` VALUES ('OI0441', 'E20250627125334014800037', NULL, 1);
INSERT INTO `order_item` VALUES ('OI0442', 'E20250627125334014800037', NULL, 1);
INSERT INTO `order_item` VALUES ('OI0443', 'E20250627125334014800037', '14878629220', 1);
INSERT INTO `order_item` VALUES ('OI0444', 'E20250627125136055906253', '14878629222', 1);
INSERT INTO `order_item` VALUES ('OI0445', 'E20250627125136055906253', NULL, 1);
INSERT INTO `order_item` VALUES ('OI0446', 'E20250627125136055906253', NULL, 1);
INSERT INTO `order_item` VALUES ('OI0447', 'E20250627125136055906253', '25867386933', 1);
INSERT INTO `order_item` VALUES ('OI0448', 'E20250627125136055906253', NULL, 1);
INSERT INTO `order_item` VALUES ('OI0449', 'E20250627103902011306169', '25867390434', 5);
INSERT INTO `order_item` VALUES ('OI0450', 'E20250627103902011306169', '25886585340', 3);
INSERT INTO `order_item` VALUES ('OI0451', 'E20250627103902011306169', '25886585341', 2);
INSERT INTO `order_item` VALUES ('OI0452', 'E20250627103902011306169', '14878629220', 5);
INSERT INTO `order_item` VALUES ('OI0453', 'E20250626172259070006215', '25867390434', 11);
INSERT INTO `order_item` VALUES ('OI0454', 'E20250626172259070006215', NULL, 11);
INSERT INTO `order_item` VALUES ('OI0455', 'E20250626002959065306149', NULL, 3);
INSERT INTO `order_item` VALUES ('OI0456', 'E20250626002959065306149', NULL, 2);
INSERT INTO `order_item` VALUES ('OI0457', 'E20250626002959065306149', NULL, 3);
INSERT INTO `order_item` VALUES ('OI0458', 'E20250626002959065306149', '14878629221', 3);
INSERT INTO `order_item` VALUES ('OI0459', 'E20250625230842074706165', NULL, 1);
INSERT INTO `order_item` VALUES ('OI0460', 'E20250625230842074706165', '25886585341', 1);
INSERT INTO `order_item` VALUES ('OI0461', 'E20250625230842074706165', '14878629222', 1);
INSERT INTO `order_item` VALUES ('OI0462', 'E20250625230842074706165', '14878629221', 2);
INSERT INTO `order_item` VALUES ('OI0463', 'E20250625230842074706165', '14878629220', 2);
INSERT INTO `order_item` VALUES ('OI0464', 'E20250625210431030306149', NULL, 10);
INSERT INTO `order_item` VALUES ('OI0465', 'E20250625182051045300079', '14878629221', 1);
INSERT INTO `order_item` VALUES ('OI0466', 'E20250625182051045300079', '14878629222', 1);
INSERT INTO `order_item` VALUES ('OI0467', 'E20250625182051045300079', NULL, 1);
INSERT INTO `order_item` VALUES ('OI0468', 'E20250625182051045300079', '25887076865', 1);
INSERT INTO `order_item` VALUES ('OI0469', 'E20250625171426010406209', NULL, 20);
INSERT INTO `order_item` VALUES ('OI0470', 'E20250625141644012706147', NULL, 1);
INSERT INTO `order_item` VALUES ('OI0471', 'E20250625141644012706147', NULL, 1);
INSERT INTO `order_item` VALUES ('OI0472', 'E20250625141644012706147', NULL, 1);
INSERT INTO `order_item` VALUES ('OI0473', 'E20250625141644012706147', NULL, 1);
INSERT INTO `order_item` VALUES ('OI0474', 'E20250625141644012706147', NULL, 1);
INSERT INTO `order_item` VALUES ('OI0475', 'E20250625140249010406169', NULL, 20);
INSERT INTO `order_item` VALUES ('OI0476', 'E20250625131803052000035', NULL, 1);
INSERT INTO `order_item` VALUES ('OI0477', 'E20250625131803052000035', NULL, 1);
INSERT INTO `order_item` VALUES ('OI0478', 'E20250625131803052000035', '14878629220', 1);
INSERT INTO `order_item` VALUES ('OI0479', 'E20250623210407083000077', NULL, 1);
INSERT INTO `order_item` VALUES ('OI0480', 'E20250623210407083000077', NULL, 1);
INSERT INTO `order_item` VALUES ('OI0481', 'E20250623210407083000077', NULL, 2);
INSERT INTO `order_item` VALUES ('OI0482', 'E20250623210407083000077', NULL, 1);
INSERT INTO `order_item` VALUES ('OI0483', 'E20250623210407083000077', '14878629221', 1);
INSERT INTO `order_item` VALUES ('OI0484', 'E20250623203356094606203', NULL, 5);
INSERT INTO `order_item` VALUES ('OI0485', 'E20250623091834067106149', NULL, 1);
INSERT INTO `order_item` VALUES ('OI0486', 'E20250623091834067106149', NULL, 1);
INSERT INTO `order_item` VALUES ('OI0487', 'E20250623091834067106149', NULL, 1);
INSERT INTO `order_item` VALUES ('OI0488', 'E20250623091834067106149', '25887076864', 1);
INSERT INTO `order_item` VALUES ('OI0489', 'E20250623091834067106149', '25867390434', 1);
INSERT INTO `order_item` VALUES ('OI0490', 'E20250623091834067106149', '14878629221', 1);
INSERT INTO `order_item` VALUES ('OI0491', 'E20250622202355009500005', NULL, 1);
INSERT INTO `order_item` VALUES ('OI0492', 'E20250622202355009500005', NULL, 5);
INSERT INTO `order_item` VALUES ('OI0493', 'E20250622075420017300059', '14878629220', 1);
INSERT INTO `order_item` VALUES ('OI0494', 'E20250622075420017300059', NULL, 2);
INSERT INTO `order_item` VALUES ('OI0495', 'E20250622075420017300059', NULL, 1);
INSERT INTO `order_item` VALUES ('OI0496', 'E20250621163734040106191', NULL, 1);
INSERT INTO `order_item` VALUES ('OI0497', 'E20250621163734040106191', NULL, 1);
INSERT INTO `order_item` VALUES ('OI0498', 'E20250621163734040106191', NULL, 1);
INSERT INTO `order_item` VALUES ('OI0499', 'E20250621153430040106169', NULL, 2);
INSERT INTO `order_item` VALUES ('OI0500', 'E20250621153430040106169', NULL, 1);
INSERT INTO `order_item` VALUES ('OI0501', 'E20250621143931040106207', NULL, 1);
INSERT INTO `order_item` VALUES ('OI0502', 'E20250621143931040106207', NULL, 2);
INSERT INTO `order_item` VALUES ('OI0503', 'E20250621143247040106183', NULL, 1);
INSERT INTO `order_item` VALUES ('OI0504', 'E20250621143247040106183', NULL, 1);
INSERT INTO `order_item` VALUES ('OI0505', 'E20250621142550040100067', NULL, 1);
INSERT INTO `order_item` VALUES ('OI0506', 'E20250621142550040100067', NULL, 1);
INSERT INTO `order_item` VALUES ('OI0507', 'E20250620134504019106163', '25886585341', 1);
INSERT INTO `order_item` VALUES ('OI0508', 'E20250620134504019106163', '25867390434', 1);
INSERT INTO `order_item` VALUES ('OI0509', 'E20250620134504019106163', '25867386930', 1);
INSERT INTO `order_item` VALUES ('OI0510', 'E20250620134504019106163', '25867386929', 1);
INSERT INTO `order_item` VALUES ('OI0511', 'E20250620134504019106163', NULL, 4);
INSERT INTO `order_item` VALUES ('OI0512', 'E20250620103206017300017', NULL, 4);
INSERT INTO `order_item` VALUES ('OI0513', 'E20250620103206017300017', NULL, 2);
INSERT INTO `order_item` VALUES ('OI0514', 'E20250620103206017300017', NULL, 2);
INSERT INTO `order_item` VALUES ('OI0515', 'E20250619194143067000073', '25886585341', 1);
INSERT INTO `order_item` VALUES ('OI0516', 'E20250619194143067000073', '25867390434', 1);
INSERT INTO `order_item` VALUES ('OI0517', 'E20250619194143067000073', NULL, 1);
INSERT INTO `order_item` VALUES ('OI0518', 'E20250619194143067000073', NULL, 1);
INSERT INTO `order_item` VALUES ('OI0519', 'E20250619154656100006241', NULL, 1);
INSERT INTO `order_item` VALUES ('OI0520', 'E20250619154656100006241', NULL, 1);
INSERT INTO `order_item` VALUES ('OI0521', 'E20250619154656100006241', '25867390433', 1);
INSERT INTO `order_item` VALUES ('OI0522', 'E20250619154656100006241', NULL, 1);
INSERT INTO `order_item` VALUES ('OI0523', 'E20250618130008039300001', NULL, 2);
INSERT INTO `order_item` VALUES ('OI0524', 'E20250618130008039300001', NULL, 4);
INSERT INTO `order_item` VALUES ('OI0525', 'E20250617212708029506167', NULL, 1);
INSERT INTO `order_item` VALUES ('OI0526', 'E20250617212708029506167', NULL, 1);
INSERT INTO `order_item` VALUES ('OI0527', 'E20250617212708029506167', NULL, 1);
INSERT INTO `order_item` VALUES ('OI0528', 'E20250617212708029506167', '25867390433', 4);
INSERT INTO `order_item` VALUES ('OI0529', 'E20250617125651017300091', '25867390434', 2);
INSERT INTO `order_item` VALUES ('OI0530', 'E20250617125651017300091', NULL, 5);
INSERT INTO `order_item` VALUES ('OI0531', 'E20250616153940016706163', NULL, 4);
INSERT INTO `order_item` VALUES ('OI0532', 'E20250616153940016706163', '25867386929', 1);
INSERT INTO `order_item` VALUES ('OI0533', 'E20250616153940016706163', '25867386931', 1);
INSERT INTO `order_item` VALUES ('OI0534', 'E20250616153940016706163', '25867386933', 4);
INSERT INTO `order_item` VALUES ('OI0535', 'E20250616143941024600055', NULL, 1);
INSERT INTO `order_item` VALUES ('OI0536', 'E20250616113600024600025', NULL, 1);
INSERT INTO `order_item` VALUES ('OI0537', 'E20250614202124037006159', '25867390433', 1);
INSERT INTO `order_item` VALUES ('OI0538', 'E20250614202124037006159', NULL, 1);
INSERT INTO `order_item` VALUES ('OI0539', 'E20250614202124037006159', NULL, 1);
INSERT INTO `order_item` VALUES ('OI0540', 'E20250614202124037006159', NULL, 4);
INSERT INTO `order_item` VALUES ('OI0541', 'E20250614191358037000085', NULL, 6);
INSERT INTO `order_item` VALUES ('OI0542', 'E20250614191106001500003', NULL, 5);
INSERT INTO `order_item` VALUES ('OI0543', 'E20250613163419050206185', NULL, 2);
INSERT INTO `order_item` VALUES ('OI0544', 'E20250613163419050206185', NULL, 1);
INSERT INTO `order_item` VALUES ('OI0545', 'E20250613163419050206185', NULL, 15);
INSERT INTO `order_item` VALUES ('OI0546', 'E20250612205021051806165', NULL, 1);
INSERT INTO `order_item` VALUES ('OI0547', 'E20250612205021051806165', NULL, 1);
INSERT INTO `order_item` VALUES ('OI0548', 'E20250612195706041506159', NULL, 8);
INSERT INTO `order_item` VALUES ('OI0549', 'E20250612181128015006193', NULL, 2);
INSERT INTO `order_item` VALUES ('OI0550', 'E20250612105141031906191', '25887076864', 1);
INSERT INTO `order_item` VALUES ('OI0551', 'E20250612105141031906191', '25886585340', 1);
INSERT INTO `order_item` VALUES ('OI0552', 'E20250612105141031906191', '25886585341', 1);
INSERT INTO `order_item` VALUES ('OI0553', 'E20250612104729071106179', NULL, 1);
INSERT INTO `order_item` VALUES ('OI0554', 'E20250612104729071106179', '25886585340', 2);
INSERT INTO `order_item` VALUES ('OI0555', 'E20250612104729071106179', '25886585341', 1);
INSERT INTO `order_item` VALUES ('OI0556', 'E20250612095301042506195', '25886585340', 1);
INSERT INTO `order_item` VALUES ('OI0557', 'E20250612095301042506195', '25886585341', 2);
INSERT INTO `order_item` VALUES ('OI0558', 'E20250612094843079500051', '25886585341', 2);
INSERT INTO `order_item` VALUES ('OI0559', 'E20250612094843079500051', '25886585340', 1);
INSERT INTO `order_item` VALUES ('OI0560', 'E20250612094819040606169', '25886585341', 4);
INSERT INTO `order_item` VALUES ('OI0561', 'E20250612093418048900015', '25867390434', 1);
INSERT INTO `order_item` VALUES ('OI0562', 'E20250612093418048900015', NULL, 1);
INSERT INTO `order_item` VALUES ('OI0563', 'E20250612093418048900015', NULL, 1);
INSERT INTO `order_item` VALUES ('OI0564', 'E20250612093418048900015', NULL, 1);
INSERT INTO `order_item` VALUES ('OI0565', 'E20250612093418048900015', '25886585341', 1);
INSERT INTO `order_item` VALUES ('OI0566', 'E20250612093418048900015', '25886585340', 1);
INSERT INTO `order_item` VALUES ('OI0567', 'E20250612062542014800001', NULL, 1);
INSERT INTO `order_item` VALUES ('OI0568', 'E20250612062542014800001', NULL, 1);
INSERT INTO `order_item` VALUES ('OI0569', 'E20250612062542014800001', NULL, 1);
INSERT INTO `order_item` VALUES ('OI0570', 'E20250612062542014800001', NULL, 1);
INSERT INTO `order_item` VALUES ('OI0571', 'E20250612062542014800001', '25887076864', 1);
INSERT INTO `order_item` VALUES ('OI0572', 'E20250611220152001500047', NULL, 1);
INSERT INTO `order_item` VALUES ('OI0573', 'E20250611220152001500047', '25886585341', 1);
INSERT INTO `order_item` VALUES ('OI0574', 'E20250611220152001500047', '25887076864', 1);
INSERT INTO `order_item` VALUES ('OI0575', 'E20250611184026035700081', NULL, 1);
INSERT INTO `order_item` VALUES ('OI0576', 'E20250611184026035700081', NULL, 3);
INSERT INTO `order_item` VALUES ('OI0577', 'E20250610151711077100073', NULL, 3);
INSERT INTO `order_item` VALUES ('OI0578', 'E20250610151711077100073', NULL, 1);
INSERT INTO `order_item` VALUES ('OI0579', 'E20250610151711077100073', '25886585341', 3);
INSERT INTO `order_item` VALUES ('OI0580', 'E20250609122446017000069', NULL, 1);
INSERT INTO `order_item` VALUES ('OI0581', 'E20250609122446017000069', NULL, 2);
INSERT INTO `order_item` VALUES ('OI0582', 'E20250609122446017000069', NULL, 1);
INSERT INTO `order_item` VALUES ('OI0583', 'E20250609122446017000069', '25886585341', 1);
INSERT INTO `order_item` VALUES ('OI0584', 'E20250609111708092706215', NULL, 1);
INSERT INTO `order_item` VALUES ('OI0585', 'E20250609111708092706215', NULL, 1);
INSERT INTO `order_item` VALUES ('OI0586', 'E20250609111708092706215', NULL, 1);
INSERT INTO `order_item` VALUES ('OI0587', 'E20250609111708092706215', NULL, 1);
INSERT INTO `order_item` VALUES ('OI0588', 'E20250609111708092706215', NULL, 3);
INSERT INTO `order_item` VALUES ('OI0589', 'E20250609111708092706215', NULL, 1);
INSERT INTO `order_item` VALUES ('OI0590', 'E20250609111708092706215', '25886585340', 1);
INSERT INTO `order_item` VALUES ('OI0591', 'E20250608200044010406199', NULL, 1);
INSERT INTO `order_item` VALUES ('OI0592', 'E20250608200044010406199', '25887076864', 1);
INSERT INTO `order_item` VALUES ('OI0593', 'E20250608200044010406199', NULL, 1);
INSERT INTO `order_item` VALUES ('OI0594', 'E20250608200044010406199', '25886585341', 1);
INSERT INTO `order_item` VALUES ('OI0595', 'E20250608200044010406199', NULL, 1);
INSERT INTO `order_item` VALUES ('OI0596', 'E20250608170928050906173', '25867390433', 1);
INSERT INTO `order_item` VALUES ('OI0597', 'E20250608170928050906173', '25887076864', 1);
INSERT INTO `order_item` VALUES ('OI0598', 'E20250608170928050906173', NULL, 1);
INSERT INTO `order_item` VALUES ('OI0599', 'E20250608155433055906157', NULL, 2);
INSERT INTO `order_item` VALUES ('OI0600', 'E20250608151936055900053', NULL, 2);
INSERT INTO `order_item` VALUES ('OI0601', 'E20250608114610052006175', '25867390433', 1);
INSERT INTO `order_item` VALUES ('OI0602', 'E20250608114610052006175', '25886585341', 1);
INSERT INTO `order_item` VALUES ('OI0603', 'E20250608114610052006175', NULL, 1);
INSERT INTO `order_item` VALUES ('OI0604', 'E20250608092657010400069', NULL, 2);
INSERT INTO `order_item` VALUES ('OI0605', 'E20250608092657010400069', NULL, 10);
INSERT INTO `order_item` VALUES ('OI0606', 'E20250607212522093200035', '25886585340', 1);
INSERT INTO `order_item` VALUES ('OI0607', 'E20250607212423093200025', '25886585341', 1);
INSERT INTO `order_item` VALUES ('OI0608', 'E20250607212047040100041', '25886585341', 1);
INSERT INTO `order_item` VALUES ('OI0609', 'E20250607212047040100041', NULL, 1);
INSERT INTO `order_item` VALUES ('OI0610', 'E20250607210235058506165', '25886585341', 1);
INSERT INTO `order_item` VALUES ('OI0611', 'E20250607202545055906169', NULL, 4);
INSERT INTO `order_item` VALUES ('OI0612', 'E20250607152253045506203', NULL, 1);
INSERT INTO `order_item` VALUES ('OI0613', 'E20250607152253045506203', NULL, 1);
INSERT INTO `order_item` VALUES ('OI0614', 'E20250607152253045506203', '25867386931', 1);
INSERT INTO `order_item` VALUES ('OI0615', 'E20250607152253045506203', NULL, 1);
INSERT INTO `order_item` VALUES ('OI0616', 'E20250607094618024900027', '25887076864', 2);
INSERT INTO `order_item` VALUES ('OI0617', 'E20250607094618024900027', NULL, 1);
INSERT INTO `order_item` VALUES ('OI0618', 'E20250607094618024900027', '25867390434', 2);
INSERT INTO `order_item` VALUES ('OI0619', 'E20250607094618024900027', NULL, 2);
INSERT INTO `order_item` VALUES ('OI0620', 'E20250606200243048506199', '25867390433', 4);
INSERT INTO `order_item` VALUES ('OI0621', 'E20250606170104014800047', NULL, 1);
INSERT INTO `order_item` VALUES ('OI0622', 'E20250606170104014800047', NULL, 1);
INSERT INTO `order_item` VALUES ('OI0623', 'E20250606170104014800047', '25886585340', 1);
INSERT INTO `order_item` VALUES ('OI0624', 'E20250606164618067300039', '25867386929', 1);
INSERT INTO `order_item` VALUES ('OI0625', 'E20250606164618067300039', '25867386930', 1);
INSERT INTO `order_item` VALUES ('OI0626', 'E20250606163746067300031', '25886585341', 1);
INSERT INTO `order_item` VALUES ('OI0627', 'E20250606163746067300031', '25887076864', 1);
INSERT INTO `order_item` VALUES ('OI0628', 'E20250606163746067300031', NULL, 1);
INSERT INTO `order_item` VALUES ('OI0629', 'E20250606163746067300031', NULL, 1);
INSERT INTO `order_item` VALUES ('OI0630', 'E20250606160826024400081', NULL, 1);
INSERT INTO `order_item` VALUES ('OI0631', 'E20250606160826024400081', NULL, 1);
INSERT INTO `order_item` VALUES ('OI0632', 'E20250606154154017906183', NULL, 4);
INSERT INTO `order_item` VALUES ('OI0633', 'E20250606153547025600019', NULL, 1);
INSERT INTO `order_item` VALUES ('OI0634', 'E20250606153547025600019', NULL, 1);
INSERT INTO `order_item` VALUES ('OI0635', 'E20250606152911025600065', NULL, 1);
INSERT INTO `order_item` VALUES ('OI0636', 'E20250606152911025600065', NULL, 1);
INSERT INTO `order_item` VALUES ('OI0637', 'E20250606152142012700025', NULL, 1);
INSERT INTO `order_item` VALUES ('OI0638', 'E20250606144314101906201', NULL, 1);
INSERT INTO `order_item` VALUES ('OI0639', 'E20250606144314101906201', '25886585341', 2);
INSERT INTO `order_item` VALUES ('OI0640', 'E20250606144150055900043', NULL, 1);
INSERT INTO `order_item` VALUES ('OI0641', 'E20250606144150055900043', NULL, 1);
INSERT INTO `order_item` VALUES ('OI0642', 'E20250606144038055900023', NULL, 1);
INSERT INTO `order_item` VALUES ('OI0643', 'E20250606143440018600031', NULL, 1);
INSERT INTO `order_item` VALUES ('OI0644', 'E20250606143440018600031', NULL, 2);
INSERT INTO `order_item` VALUES ('OI0645', 'E20250606143115042006161', NULL, 1);
INSERT INTO `order_item` VALUES ('OI0646', 'E20250606143115042006161', NULL, 1);
INSERT INTO `order_item` VALUES ('OI0647', 'E20250606143115042006161', '25886585341', 1);
INSERT INTO `order_item` VALUES ('OI0648', 'E20250606140410040606173', NULL, 2);
INSERT INTO `order_item` VALUES ('OI0649', 'E20250606140410040606173', '25886585340', 2);
INSERT INTO `order_item` VALUES ('OI0650', 'E20250606140410040606173', '25886585341', 2);
INSERT INTO `order_item` VALUES ('OI0651', 'E20250606134315060600039', NULL, 3);
INSERT INTO `order_item` VALUES ('OI0652', 'E20250606134315060600039', NULL, 3);
INSERT INTO `order_item` VALUES ('OI0653', 'E20250606134315060600039', NULL, 1);
INSERT INTO `order_item` VALUES ('OI0654', 'E20250606134315060600039', '25867390434', 1);
INSERT INTO `order_item` VALUES ('OI0655', 'E20250606132958060606219', NULL, 1);
INSERT INTO `order_item` VALUES ('OI0656', 'E20250606132958060606219', '25867390434', 1);
INSERT INTO `order_item` VALUES ('OI0657', 'E20250606132958060606219', NULL, 3);
INSERT INTO `order_item` VALUES ('OI0658', 'E20250606132958060606219', NULL, 3);
INSERT INTO `order_item` VALUES ('OI0659', 'E20250606125738093206179', '25887076864', 1);
INSERT INTO `order_item` VALUES ('OI0660', 'E20250606125738093206179', NULL, 2);
INSERT INTO `order_item` VALUES ('OI0661', 'E20250606124345045500003', NULL, 1);
INSERT INTO `order_item` VALUES ('OI0662', 'E20250606123030040100019', NULL, 1);
INSERT INTO `order_item` VALUES ('OI0663', 'E20250606123030040100019', '25886585340', 1);
INSERT INTO `order_item` VALUES ('OI0664', 'E20250606122936071600031', NULL, 1);
INSERT INTO `order_item` VALUES ('OI0665', 'E20250606122936071600031', '25886585341', 1);
INSERT INTO `order_item` VALUES ('OI0666', 'E20250606122502055906167', NULL, 1);
INSERT INTO `order_item` VALUES ('OI0667', 'E20250606122502055906167', NULL, 1);
INSERT INTO `order_item` VALUES ('OI0668', 'E20250606122502055906167', NULL, 2);
INSERT INTO `order_item` VALUES ('OI0669', 'E20250606122502055906167', NULL, 1);
INSERT INTO `order_item` VALUES ('OI0670', 'E20250606121846096806151', NULL, 1);
INSERT INTO `order_item` VALUES ('OI0671', 'E20250606121831093200055', NULL, 1);
INSERT INTO `order_item` VALUES ('OI0672', 'E20250606120211048900019', NULL, 1);
INSERT INTO `order_item` VALUES ('OI0673', 'E20250606120133079500073', '25886585341', 1);
INSERT INTO `order_item` VALUES ('OI0674', 'E20250606120003079500061', NULL, 1);
INSERT INTO `order_item` VALUES ('OI0675', 'E20250606120003079500061', NULL, 1);
INSERT INTO `order_item` VALUES ('OI0676', 'E20250605212200083206197', '25886585341', 1);
INSERT INTO `order_item` VALUES ('OI0677', 'E20250605211407093200051', NULL, 1);
INSERT INTO `order_item` VALUES ('OI0678', 'E20250605205730040600045', NULL, 1);
INSERT INTO `order_item` VALUES ('OI0679', 'E20250605204750093206163', NULL, 1);

-- ----------------------------
-- Table structure for orders
-- ----------------------------
DROP TABLE IF EXISTS `orders`;
CREATE TABLE `orders`  (
  `OrderID` char(36) CHARACTER SET utf8mb4 COLLATE utf8mb4_0900_ai_ci NOT NULL,
  `RegionID` char(36) CHARACTER SET utf8mb4 COLLATE utf8mb4_0900_ai_ci NULL DEFAULT NULL,
  `Customer_ID` char(36) CHARACTER SET utf8mb4 COLLATE utf8mb4_0900_ai_ci NULL DEFAULT NULL,
  `Status` varchar(20) CHARACTER SET utf8mb4 COLLATE utf8mb4_0900_ai_ci NOT NULL,
  `Created_time` datetime NOT NULL,
  `Payment_time` datetime NULL DEFAULT NULL,
  `Completed_time` datetime NULL DEFAULT NULL,
  `TotalAmount` decimal(10, 2) NOT NULL,
  `Freight` decimal(10, 2) NULL DEFAULT NULL,
  `Discount` decimal(10, 2) NULL DEFAULT NULL,
  PRIMARY KEY (`OrderID`) USING BTREE,
  INDEX `FK_Relationship_1`(`Customer_ID` ASC) USING BTREE,
  INDEX `FK_Relationship_4`(`RegionID` ASC) USING BTREE,
  CONSTRAINT `FK_Relationship_1` FOREIGN KEY (`Customer_ID`) REFERENCES `customer` (`Customer_ID`) ON DELETE RESTRICT ON UPDATE RESTRICT,
  CONSTRAINT `FK_Relationship_4` FOREIGN KEY (`RegionID`) REFERENCES `region` (`RegionID`) ON DELETE RESTRICT ON UPDATE RESTRICT
) ENGINE = InnoDB CHARACTER SET = utf8mb4 COLLATE = utf8mb4_0900_ai_ci ROW_FORMAT = Dynamic;

-- ----------------------------
-- Records of orders
-- ----------------------------
INSERT INTO `orders` VALUES ('E20250605204750093206163', 'R161', '顶楼泡菜之家（张太峰）', '交易关闭', '2025-06-05 20:47:51', NULL, NULL, 8.00, 12.00, -8.00);
INSERT INTO `orders` VALUES ('E20250605205730040600045', 'R176', 'huan', '交易关闭', '2025-06-05 20:57:31', NULL, NULL, 98.80, 0.00, 0.00);
INSERT INTO `orders` VALUES ('E20250605211407093200051', 'R161', '顶楼泡菜之家（张太峰）', '交易完成', '2025-06-05 21:14:08', NULL, NULL, 8.00, 12.00, 0.00);
INSERT INTO `orders` VALUES ('E20250605212200083206197', 'R175', '甜与苦', '交易关闭', '2025-06-05 21:22:01', NULL, NULL, 22.00, 12.00, -10.00);
INSERT INTO `orders` VALUES ('E20250606120003079500061', 'R152', '小承韩国童装工厂直销(韩国内衣）', '交易关闭', '2025-06-06 12:00:03', NULL, NULL, 66.00, 14.00, -10.00);
INSERT INTO `orders` VALUES ('E20250606120133079500073', 'R152', '小承韩国童装工厂直销(韩国内衣）', '交易关闭', '2025-06-06 12:01:34', NULL, NULL, 22.00, 13.00, 0.00);
INSERT INTO `orders` VALUES ('E20250606120211048900019', 'R154', '叮铃铃🐀   💨', '交易关闭', '2025-06-06 12:02:11', NULL, NULL, 8.00, 19.50, -8.00);
INSERT INTO `orders` VALUES ('E20250606121831093200055', 'R161', '顶楼泡菜之家（张太峰）', '交易关闭', '2025-06-06 12:18:32', NULL, NULL, 8.00, 12.00, -8.00);
INSERT INTO `orders` VALUES ('E20250606121846096806151', 'R174', 'wl', '交易关闭', '2025-06-06 12:18:47', NULL, NULL, 46.00, 12.00, -10.00);
INSERT INTO `orders` VALUES ('E20250606122502055906167', 'R121', '兰兰준호맘', '交易关闭', '2025-06-06 12:25:02', NULL, NULL, 74.00, 0.00, -10.00);
INSERT INTO `orders` VALUES ('E20250606122936071600031', 'R034', '嗯哼', '交易完成', '2025-06-06 12:29:36', NULL, NULL, 47.00, 18.40, -10.00);
INSERT INTO `orders` VALUES ('E20250606123030040100019', 'R135', '镇艳', '交易完成', '2025-06-06 12:30:30', NULL, NULL, 52.92, 12.00, -10.00);
INSERT INTO `orders` VALUES ('E20250606124345045500003', 'R163', 'L55', '交易关闭', '2025-06-06 12:43:46', NULL, NULL, 25.00, 17.90, -10.00);
INSERT INTO `orders` VALUES ('E20250606125738093206179', 'R173', '顶楼泡菜之家（张太峰）', '交易关闭', '2025-06-06 12:57:38', NULL, NULL, 34.00, 24.90, 0.00);
INSERT INTO `orders` VALUES ('E20250606132958060606219', 'R172', 'oil', '交易关闭', '2025-06-06 13:29:59', NULL, NULL, 95.00, 12042.40, -10.00);
INSERT INTO `orders` VALUES ('E20250606134315060600039', 'R172', 'oil', '交易完成', '2025-06-06 13:43:16', NULL, NULL, 95.00, 50.40, -10.00);
INSERT INTO `orders` VALUES ('E20250606140410040606173', 'R153', 'huan', '交易完成', '2025-06-06 14:04:11', NULL, NULL, 131.10, 12.00, 0.00);
INSERT INTO `orders` VALUES ('E20250606143115042006161', 'R171', 'Miyeong', '交易完成', '2025-06-06 14:31:15', NULL, NULL, 64.00, 12.00, -10.00);
INSERT INTO `orders` VALUES ('E20250606143440018600031', 'R170', '123', '交易完成', '2025-06-06 14:34:41', NULL, NULL, 33.00, 24.90, -10.00);
INSERT INTO `orders` VALUES ('E20250606144038055900023', 'R121', '兰兰준호맘', '交易关闭', '2025-06-06 14:40:39', NULL, NULL, 25.00, 17.90, -10.00);
INSERT INTO `orders` VALUES ('E20250606144150055900043', 'R121', '兰兰준호맘', '交易完成', '2025-06-06 14:41:51', NULL, NULL, 50.00, 17.90, 0.00);
INSERT INTO `orders` VALUES ('E20250606144314101906201', 'R169', '不加班还是喜相逢', '交易完成', '2025-06-06 14:43:15', NULL, NULL, 53.00, 14.00, -10.00);
INSERT INTO `orders` VALUES ('E20250606152142012700025', 'R031', '진베베花(童装）', '交易关闭', '2025-06-06 15:21:43', NULL, NULL, 25.00, 17.90, -10.00);
INSERT INTO `orders` VALUES ('E20250606152911025600065', 'R117', '虎哥', '交易关闭', '2025-06-06 15:29:12', NULL, NULL, 67.00, 24.90, -10.00);
INSERT INTO `orders` VALUES ('E20250606153547025600019', 'R117', '虎哥', '交易完成', '2025-06-06 15:35:48', NULL, NULL, 34.00, 17.90, 0.00);
INSERT INTO `orders` VALUES ('E20250606154154017906183', 'R168', '吉吉兔', '交易完成', '2025-06-06 15:41:54', NULL, NULL, 184.00, 16.00, -10.00);
INSERT INTO `orders` VALUES ('E20250606160826024400081', 'R167', '贾', '交易完成', '2025-06-06 16:08:27', NULL, NULL, 50.00, 17.90, -10.00);
INSERT INTO `orders` VALUES ('E20250606163746067300031', 'R166', '玟佑妈妈（韩国直邮韩妆，奶粉）', '交易完成', '2025-06-06 16:37:47', NULL, NULL, 73.00, 24.90, -10.00);
INSERT INTO `orders` VALUES ('E20250606164618067300039', 'R166', '玟佑妈妈（韩国直邮韩妆，奶粉）', '交易完成', '2025-06-06 16:46:19', NULL, NULL, 30.00, 14.00, 0.00);
INSERT INTO `orders` VALUES ('E20250606170104014800047', 'R120', '로이맘德国🇩🇪PM', '交易完成', '2025-06-06 17:01:05', NULL, NULL, 71.00, 17.90, -10.00);
INSERT INTO `orders` VALUES ('E20250606200243048506199', 'R165', '养乐多(薪雅)', '交易完成', '2025-06-06 20:02:45', NULL, NULL, 116.00, 18.00, -10.00);
INSERT INTO `orders` VALUES ('E20250607094618024900027', 'R164', '小螺号', '交易完成', '2025-06-07 09:46:19', NULL, NULL, 118.00, 12.00, -10.00);
INSERT INTO `orders` VALUES ('E20250607152253045506203', 'R163', 'L55', '交易完成', '2025-06-07 15:22:54', NULL, NULL, 94.60, 31.90, -10.00);
INSERT INTO `orders` VALUES ('E20250607202545055906169', 'R121', '兰兰준호맘', '交易完成', '2025-06-07 20:25:46', NULL, NULL, 32.00, 24.90, -10.00);
INSERT INTO `orders` VALUES ('E20250607210235058506165', 'R162', '鱼糕大叔', '交易关闭', '2025-06-07 21:02:36', NULL, NULL, 22.00, 12.00, -10.00);
INSERT INTO `orders` VALUES ('E20250607212047040100041', 'R135', '镇艳', '交易关闭', '2025-06-07 21:20:48', NULL, NULL, 24.00, 12.00, 0.00);
INSERT INTO `orders` VALUES ('E20250607212423093200025', 'R161', '顶楼泡菜之家（张太峰）', '交易关闭', '2025-06-07 21:24:24', NULL, NULL, 17.60, 12.00, -10.00);
INSERT INTO `orders` VALUES ('E20250607212522093200035', 'R161', '顶楼泡菜之家（张太峰）', '交易关闭', '2025-06-07 21:25:23', NULL, NULL, 23.20, 12.00, 0.00);
INSERT INTO `orders` VALUES ('E20250608092657010400069', 'R128', '明日之King', '交易完成', '2025-06-08 09:26:58', NULL, NULL, 98.00, 73.90, -10.00);
INSERT INTO `orders` VALUES ('E20250608114610052006175', 'R129', '索多', '交易完成', '2025-06-08 11:46:11', NULL, NULL, 76.00, 12.00, -10.00);
INSERT INTO `orders` VALUES ('E20250608151936055900053', 'R121', '兰兰준호맘', '交易关闭', '2025-06-08 15:19:36', NULL, NULL, 50.00, 7.00, 0.00);
INSERT INTO `orders` VALUES ('E20250608155433055906157', 'R121', '兰兰준호맘', '交易关闭', '2025-06-08 15:54:34', NULL, NULL, 50.00, 7.00, 0.00);
INSERT INTO `orders` VALUES ('E20250608170928050906173', 'R160', 'Cary ෆ⃛ ོ    ོ', '交易完成', '2025-06-08 17:09:29', NULL, NULL, 55.00, 18.00, -10.00);
INSERT INTO `orders` VALUES ('E20250608200044010406199', 'R159', '罗', '交易完成', '2025-06-08 20:00:46', NULL, NULL, 131.00, 24.90, -10.00);
INSERT INTO `orders` VALUES ('E20250609111708092706215', 'R101', '唉呀妈呀（Q）', '交易完成', '2025-06-09 11:17:09', NULL, NULL, 205.00, 18.00, -10.00);
INSERT INTO `orders` VALUES ('E20250609122446017000069', 'R158', '张磊', '交易完成', '2025-06-09 12:24:47', NULL, NULL, 80.00, 15.00, -10.00);
INSERT INTO `orders` VALUES ('E20250610151711077100073', 'R157', '王皓淼', '交易完成', '2025-06-10 15:17:13', NULL, NULL, 166.00, 12.00, -10.00);
INSERT INTO `orders` VALUES ('E20250611184026035700081', 'R156', '白凤', '交易完成', '2025-06-11 18:40:28', NULL, NULL, 49.00, 26.40, -10.00);
INSERT INTO `orders` VALUES ('E20250611220152001500047', 'R155', '别的小菇凉💃💃', '交易完成', '2025-06-11 22:01:53', NULL, NULL, 49.00, 19.50, -10.00);
INSERT INTO `orders` VALUES ('E20250612062542014800001', 'R120', '로이맘德国🇩🇪PM', '交易完成', '2025-06-12 06:25:42', NULL, NULL, 124.00, 24.90, 0.00);
INSERT INTO `orders` VALUES ('E20250612093418048900015', 'R154', '叮铃铃🐀   💨', '交易关闭', '2025-06-12 09:34:18', NULL, NULL, 166.00, 37.50, -10.00);
INSERT INTO `orders` VALUES ('E20250612094819040606169', 'R153', 'huan', '交易完成', '2025-06-12 09:48:20', NULL, NULL, 70.40, 12.00, 0.00);
INSERT INTO `orders` VALUES ('E20250612094843079500051', 'R152', '小承韩国童装工厂直销(韩国内衣）', '交易完成', '2025-06-12 09:48:44', NULL, NULL, 73.00, 0.00, -10.00);
INSERT INTO `orders` VALUES ('E20250612095301042506195', 'R151', '🔅蓝宝石', '交易完成', '2025-06-12 09:53:02', NULL, NULL, 73.00, 0.00, -10.00);
INSERT INTO `orders` VALUES ('E20250612104729071106179', 'R150', 'nana', '交易完成', '2025-06-12 10:47:29', NULL, NULL, 126.00, 0.00, -10.00);
INSERT INTO `orders` VALUES ('E20250612105141031906191', 'R149', '선화', '交易关闭', '2025-06-12 10:51:42', NULL, NULL, 69.00, 17.90, -10.00);
INSERT INTO `orders` VALUES ('E20250612181128015006193', 'R148', '华', '交易完成', '2025-06-12 18:11:29', NULL, NULL, 50.00, 13.00, -10.00);
INSERT INTO `orders` VALUES ('E20250612195706041506159', 'R147', '金子', '交易完成', '2025-06-12 19:57:07', NULL, NULL, 64.00, 12.00, -10.00);
INSERT INTO `orders` VALUES ('E20250612205021051806165', 'R146', 'Paopao', '交易完成', '2025-06-12 20:50:21', NULL, NULL, 43.00, 19.50, -16.00);
INSERT INTO `orders` VALUES ('E20250613163419050206185', 'R145', '谢紫棋cindy', '交易完成', '2025-06-13 16:34:20', NULL, NULL, 442.00, 22.00, -10.00);
INSERT INTO `orders` VALUES ('E20250614191106001500003', 'R144', 'D·JiaoJiao🧸ྀི', '交易完成', '2025-06-14 19:11:06', NULL, NULL, 40.00, 12.00, -10.00);
INSERT INTO `orders` VALUES ('E20250614191358037000085', 'R143', 'River ᐝ', '交易关闭', '2025-06-14 19:13:59', NULL, NULL, 48.00, 12.00, -10.00);
INSERT INTO `orders` VALUES ('E20250614202124037006159', 'R143', 'River ᐝ', '交易完成', '2025-06-14 20:21:25', NULL, NULL, 136.00, 12.00, -10.00);
INSERT INTO `orders` VALUES ('E20250616113600024600025', 'R142', '金谨商贸', '交易关闭', '2025-06-16 11:36:00', NULL, NULL, 58.00, 12.00, -10.00);
INSERT INTO `orders` VALUES ('E20250616143941024600055', 'R142', '金谨商贸', '交易完成', '2025-06-16 14:39:42', NULL, NULL, 58.00, 12.00, -10.00);
INSERT INTO `orders` VALUES ('E20250616153940016706163', 'R141', '芃芃麻麻', '交易完成', '2025-06-16 15:39:40', NULL, NULL, 147.00, 20.00, -10.00);
INSERT INTO `orders` VALUES ('E20250617125651017300091', 'R133', '小小小赵🤍', '交易完成', '2025-06-17 12:56:53', NULL, NULL, 169.00, 16.00, -10.00);
INSERT INTO `orders` VALUES ('E20250617212708029506167', 'R140', '颢颢', '交易完成', '2025-06-17 21:27:08', NULL, NULL, 212.00, 26.00, -10.00);
INSERT INTO `orders` VALUES ('E20250618130008039300001', 'R139', '大草莓', '交易完成', '2025-06-18 13:00:08', NULL, NULL, 124.00, 16.00, -10.00);
INSERT INTO `orders` VALUES ('E20250619154656100006241', 'R138', '🍭米迦勒_004603', '交易完成', '2025-06-19 15:46:57', NULL, NULL, 109.00, 15.00, -10.00);
INSERT INTO `orders` VALUES ('E20250619194143067000073', 'R137', 'beoChen', '交易完成', '2025-06-19 19:41:43', NULL, NULL, 71.00, 14.00, -10.00);
INSERT INTO `orders` VALUES ('E20250620103206017300017', 'R133', '小小小赵🤍', '交易完成', '2025-06-20 10:32:07', NULL, NULL, 174.00, 17.00, -23.00);
INSERT INTO `orders` VALUES ('E20250620134504019106163', 'R136', '*。Ю媛※■', '交易完成', '2025-06-20 13:45:04', NULL, NULL, 106.00, 12.00, -10.00);
INSERT INTO `orders` VALUES ('E20250621142550040100067', 'R135', '镇艳', '交易关闭', '2025-06-21 14:25:51', NULL, NULL, 40.00, 0.00, 0.00);
INSERT INTO `orders` VALUES ('E20250621143247040106183', 'R134', '镇艳', '交易关闭', '2025-06-21 14:32:48', NULL, NULL, 40.00, 18.40, 0.00);
INSERT INTO `orders` VALUES ('E20250621143931040106207', 'R135', '镇艳', '交易关闭', '2025-06-21 14:39:32', NULL, NULL, 40.00, 12.00, 0.00);
INSERT INTO `orders` VALUES ('E20250621153430040106169', 'R134', '镇艳', '交易关闭', '2025-06-21 15:34:30', NULL, NULL, 68.00, 18.40, 0.00);
INSERT INTO `orders` VALUES ('E20250621163734040106191', 'R134', '镇艳', '交易关闭', '2025-06-21 16:37:35', NULL, NULL, 53.60, 18.40, 0.00);
INSERT INTO `orders` VALUES ('E20250622075420017300059', 'R133', '小小小赵🤍', '交易完成', '2025-06-22 07:54:21', NULL, NULL, 87.00, 15.00, 0.00);
INSERT INTO `orders` VALUES ('E20250622202355009500005', 'R010', '孟昕霖', '交易完成', '2025-06-22 20:23:56', NULL, NULL, 55.00, 22.00, -10.00);
INSERT INTO `orders` VALUES ('E20250623091834067106149', 'R132', '冀晔', '交易完成', '2025-06-23 09:18:34', NULL, NULL, 115.00, 12.00, -10.00);
INSERT INTO `orders` VALUES ('E20250623203356094606203', 'R131', '言覃木南木南', '交易完成', '2025-06-23 20:33:57', NULL, NULL, 40.00, 16.00, -10.00);
INSERT INTO `orders` VALUES ('E20250623210407083000077', 'R130', '奔跑的犀牛', '交易完成', '2025-06-23 21:04:07', NULL, NULL, 101.00, 28.50, -10.00);
INSERT INTO `orders` VALUES ('E20250625131803052000035', 'R129', '索多', '已发货', '2025-06-25 13:18:04', NULL, NULL, 122.55, 12.00, -99.00);
INSERT INTO `orders` VALUES ('E20250625140249010406169', 'R128', '明日之King', '交易关闭', '2025-06-25 14:02:49', NULL, NULL, 160.00, 0.00, 0.00);
INSERT INTO `orders` VALUES ('E20250625141644012706147', 'R031', '진베베花(童装）', '已发货', '2025-06-25 14:16:44', NULL, NULL, 83.20, 0.00, -10.00);
INSERT INTO `orders` VALUES ('E20250625171426010406209', 'R128', '明日之King', '已发货', '2025-06-25 17:14:27', NULL, NULL, 160.00, 0.00, 0.00);
INSERT INTO `orders` VALUES ('E20250625182051045300079', 'R127', '阿才才', '已发货', '2025-06-25 18:20:52', NULL, NULL, 90.00, 17.90, -10.00);
INSERT INTO `orders` VALUES ('E20250625210431030306149', 'R126', '好运来', '已发货', '2025-06-25 21:04:31', NULL, NULL, 80.00, 12.00, -10.00);
INSERT INTO `orders` VALUES ('E20250625230842074706165', 'R125', 'jiawei', '已发货', '2025-06-25 23:08:43', NULL, NULL, 214.00, 18.00, -10.00);
INSERT INTO `orders` VALUES ('E20250626002959065306149', 'R124', '小花', '已发货', '2025-06-26 00:29:59', NULL, NULL, 287.00, 20.00, -10.00);
INSERT INTO `orders` VALUES ('E20250626172259070006215', 'R123', '小狼～', '交易关闭', '2025-06-26 17:22:59', NULL, NULL, 330.00, 32.00, -10.00);
INSERT INTO `orders` VALUES ('E20250627103902011306169', 'R122', '素然🐴🐯🐶439', '已发货', '2025-06-27 10:39:02', NULL, NULL, 471.00, 0.00, -10.00);
INSERT INTO `orders` VALUES ('E20250627125136055906253', 'R121', '兰兰준호맘', '已发货', '2025-06-27 12:51:37', NULL, NULL, 122.00, 0.00, 0.00);
INSERT INTO `orders` VALUES ('E20250627125334014800037', 'R120', '로이맘德国🇩🇪PM', '已发货', '2025-06-27 12:53:35', NULL, NULL, 107.00, 0.00, 0.00);
INSERT INTO `orders` VALUES ('E20250627130558012706241', 'R031', '진베베花(童装）', '交易关闭', '2025-06-27 13:06:00', NULL, NULL, 88.00, 0.00, 0.00);
INSERT INTO `orders` VALUES ('E20250627141825041906191', 'R119', '伊本 微微', '已发货', '2025-06-27 14:18:25', NULL, NULL, 114.00, 0.00, -10.00);
INSERT INTO `orders` VALUES ('E20250627175044087506147', 'R118', '阿蓝', '已发货', '2025-06-27 17:50:45', NULL, NULL, 74.00, 12.00, -10.00);
INSERT INTO `orders` VALUES ('E20250627203712015000023', 'R117', '虎哥', '已发货', '2025-06-27 20:37:12', NULL, NULL, 176.00, 0.00, -10.00);
INSERT INTO `orders` VALUES ('E20250627214754012700055', 'R031', '진베베花(童装）', '交易关闭', '2025-06-27 21:47:55', NULL, NULL, 80.00, 24.90, 0.00);
INSERT INTO `orders` VALUES ('E20250627215029015006189', 'R116', 'A加加布鲁根', '已发货', '2025-06-27 21:50:29', NULL, NULL, 200.00, 0.00, -10.00);
INSERT INTO `orders` VALUES ('E20250628130457097300077', 'R032', '💫飞天小仙女🎀', '已发货', '2025-06-28 13:04:59', NULL, NULL, 351.00, 0.00, -10.00);
INSERT INTO `orders` VALUES ('E20250628130749097300059', 'R032', '💫飞天小仙女🎀', '已发货', '2025-06-28 13:07:51', NULL, NULL, 104.00, 0.00, 0.00);
INSERT INTO `orders` VALUES ('E20250628144312056000013', 'R115', '文心^^*(윤희)', '已发货', '2025-06-28 14:43:12', NULL, NULL, 113.00, 0.00, -10.00);
INSERT INTO `orders` VALUES ('E20250628150730048906183', 'R114', '叮铃铃🐀   💨', '已发货', '2025-06-28 15:07:31', NULL, NULL, 151.00, 0.00, -10.00);
INSERT INTO `orders` VALUES ('E20250628161134074606165', 'R113', 'Rebecca💦', '已发货', '2025-06-28 16:11:34', NULL, NULL, 88.00, 0.00, -10.00);
INSERT INTO `orders` VALUES ('E20250628175759056100039', 'R112', '昨儿', '已发货', '2025-06-28 17:57:59', NULL, NULL, 114.00, 0.00, -10.00);
INSERT INTO `orders` VALUES ('E20250628181115070000021', 'R111', '小狼～', '已发货', '2025-06-28 18:11:16', NULL, NULL, 522.00, 0.00, -10.00);
INSERT INTO `orders` VALUES ('E20250628181620094006185', 'R110', 'GYC🎀하 베이비', '已发货', '2025-06-28 18:16:20', NULL, NULL, 108.00, 0.00, -10.00);
INSERT INTO `orders` VALUES ('E20250628181626038400013', 'R109', '刘', '已发货', '2025-06-28 18:16:27', NULL, NULL, 330.00, 0.00, -10.00);
INSERT INTO `orders` VALUES ('E20250628190852026006215', 'R108', 'ʚ🐨ིྀɞ', '已发货', '2025-06-28 19:08:52', NULL, NULL, 108.00, 0.00, -10.00);
INSERT INTO `orders` VALUES ('E20250629070332052900007', 'R107', '加油', '已发货', '2025-06-29 07:03:32', NULL, NULL, 88.00, 0.00, -10.00);
INSERT INTO `orders` VALUES ('E20250629094301085106177', 'R106', '谭雪', '已发货', '2025-06-29 09:43:01', NULL, NULL, 139.00, 0.00, -10.00);
INSERT INTO `orders` VALUES ('E20250629101514056706203', 'R105', 'A0--西美丽♈', '已发货', '2025-06-29 10:15:15', NULL, NULL, 123.00, 0.00, -10.00);
INSERT INTO `orders` VALUES ('E20250629104349012206197', 'R104', '温shu芸', '已发货', '2025-06-29 10:43:50', NULL, NULL, 128.00, 0.00, -10.00);
INSERT INTO `orders` VALUES ('E20250629150601024006159', 'R103', 'Daisy', '已发货', '2025-06-29 15:06:01', NULL, NULL, 111.00, 0.00, -10.00);
INSERT INTO `orders` VALUES ('E20250629151805004200045', 'R102', '芝士小丸子', '交易关闭', '2025-06-29 15:18:06', NULL, NULL, 25.00, 14.00, -10.00);
INSERT INTO `orders` VALUES ('E20250629151954092700059', 'R101', '唉呀妈呀（Q）', '已发货', '2025-06-29 15:19:55', NULL, NULL, 148.00, 0.00, 0.00);
INSERT INTO `orders` VALUES ('E20250629152059015006171', 'R100', '旋紫', '已发货', '2025-06-29 15:21:00', NULL, NULL, 112.00, 0.00, -10.00);
INSERT INTO `orders` VALUES ('E20250629152109064100045', 'R099', 'NE.fifi💋', '交易关闭', '2025-06-29 15:21:09', NULL, NULL, 88.00, 0.00, -10.00);
INSERT INTO `orders` VALUES ('E20250629152222053706209', 'R098', '十五', '已发货', '2025-06-29 15:22:23', NULL, NULL, 111.00, 0.00, -10.00);
INSERT INTO `orders` VALUES ('E20250629152505016000057', 'R097', '小宇', '已发货', '2025-06-29 15:25:06', NULL, NULL, 111.00, 0.00, -10.00);
INSERT INTO `orders` VALUES ('E20250629152845006106209', 'R096', '刘慧慧啊🌴', '已发货', '2025-06-29 15:28:46', NULL, NULL, 64.00, 12.00, -10.00);
INSERT INTO `orders` VALUES ('E20250629153039064106209', 'R095', 'NE.fifi💋', '已发货', '2025-06-29 15:30:41', NULL, NULL, 108.00, 0.00, -10.00);
INSERT INTO `orders` VALUES ('E20250629153207083106211', 'R094', '我是你的阿拉平', '已发货', '2025-06-29 15:32:08', NULL, NULL, 125.00, 0.00, -10.00);
INSERT INTO `orders` VALUES ('E20250629153411034206171', 'R093', '닥터 김', '已发货', '2025-06-29 15:34:12', NULL, NULL, 111.00, 0.00, -10.00);
INSERT INTO `orders` VALUES ('E20250629153714052500027', 'R092', 'O耶', '已发货', '2025-06-29 15:37:15', NULL, NULL, 137.00, 0.00, -10.00);
INSERT INTO `orders` VALUES ('E20250629154319020000053', 'R091', '文小文', '已发货', '2025-06-29 15:43:20', NULL, NULL, 121.00, 0.00, -10.00);
INSERT INTO `orders` VALUES ('E20250629160547017406185', 'R090', '努力努力再努力@续', '已发货', '2025-06-29 16:05:48', NULL, NULL, 150.00, 0.00, -10.00);
INSERT INTO `orders` VALUES ('E20250629161711016306157', 'R089', '吉文静', '已发货', '2025-06-29 16:17:11', NULL, NULL, 141.00, 0.00, -10.00);
INSERT INTO `orders` VALUES ('E20250629163628077806145', 'R088', '张小花', '已发货', '2025-06-29 16:36:28', NULL, NULL, 108.00, 0.00, -10.00);
INSERT INTO `orders` VALUES ('E20250629164818082006181', 'R087', '蕾', '已发货', '2025-06-29 16:48:19', NULL, NULL, 108.00, 0.00, -10.00);
INSERT INTO `orders` VALUES ('E20250629165739029706203', 'R086', '阿蓝', '已发货', '2025-06-29 16:57:40', NULL, NULL, 120.00, 0.00, -10.00);
INSERT INTO `orders` VALUES ('E20250629170448006006153', 'R085', '阿蓝', '已发货', '2025-06-29 17:04:48', NULL, NULL, 122.00, 0.00, -10.00);
INSERT INTO `orders` VALUES ('E20250629172019038806189', 'R084', '娜', '已发货', '2025-06-29 17:20:20', NULL, NULL, 131.00, 0.00, -10.00);
INSERT INTO `orders` VALUES ('E20250629175256097806147', 'R083', '小花', '已发货', '2025-06-29 17:52:56', NULL, NULL, 125.00, 0.00, -10.00);
INSERT INTO `orders` VALUES ('E20250629181454053900077', 'R082', '萝溪.', '交易关闭', '2025-06-29 18:14:55', NULL, NULL, 132.00, 0.00, -10.00);
INSERT INTO `orders` VALUES ('E20250629181456097400017', 'R081', '喜洋洋', '已发货', '2025-06-29 18:14:56', NULL, NULL, 88.00, 0.00, -10.00);
INSERT INTO `orders` VALUES ('E20250629182359101406173', 'R080', '顾佳妮', '已发货', '2025-06-29 18:24:00', NULL, NULL, 124.00, 0.00, -10.00);
INSERT INTO `orders` VALUES ('E20250629182556077200001', 'R079', '若冰', '已发货', '2025-06-29 18:25:56', NULL, NULL, 117.00, 0.00, -10.00);
INSERT INTO `orders` VALUES ('E20250629182607088306187', 'R078', '花开不败', '已发货', '2025-06-29 18:26:08', NULL, NULL, 154.00, 0.00, -10.00);
INSERT INTO `orders` VALUES ('E20250629182827078900015', 'R077', '平淡生活', '已发货', '2025-06-29 18:28:27', NULL, NULL, 117.00, 0.00, -10.00);
INSERT INTO `orders` VALUES ('E20250629182900064706163', 'R076', 'Neo', '已发货', '2025-06-29 18:29:00', NULL, NULL, 154.00, 0.00, -10.00);
INSERT INTO `orders` VALUES ('E20250629183350090100049', 'R075', 'Bowen', '已发货', '2025-06-29 18:33:51', NULL, NULL, 133.00, 0.00, -10.00);
INSERT INTO `orders` VALUES ('E20250629184940083306153', 'R074', 'Z🌷＾小栋', '已发货', '2025-06-29 18:49:40', NULL, NULL, 46.00, 12.00, -10.00);
INSERT INTO `orders` VALUES ('E20250629185614022306173', 'R073', '圆溜溜', '已发货', '2025-06-29 18:56:15', NULL, NULL, 142.00, 0.00, -10.00);
INSERT INTO `orders` VALUES ('E20250629185828101700059', 'R072', '大海', '已发货', '2025-06-29 18:58:29', NULL, NULL, 163.00, 0.00, -10.00);
INSERT INTO `orders` VALUES ('E20250629190755038706181', 'R071', '青草香', '已发货', '2025-06-29 19:07:56', NULL, NULL, 88.00, 0.00, -10.00);
INSERT INTO `orders` VALUES ('E20250629190804043706229', 'R070', '娜，初心烘焙.私人定制15032312714', '已发货', '2025-06-29 19:08:05', NULL, NULL, 117.00, 0.00, -10.00);
INSERT INTO `orders` VALUES ('E20250629191258098800053', 'R069', 'ShufeiZHENG', '已发货', '2025-06-29 19:12:59', NULL, NULL, 111.00, 0.00, -10.00);
INSERT INTO `orders` VALUES ('E20250629191343071506161', 'R068', '阳洋', '已发货', '2025-06-29 19:13:43', NULL, NULL, 115.00, 0.00, -10.00);
INSERT INTO `orders` VALUES ('E20250629192439014600061', 'R067', 'Q', '已发货', '2025-06-29 19:24:40', NULL, NULL, 164.00, 0.00, -10.00);
INSERT INTO `orders` VALUES ('E20250629192838039700035', 'R066', 'Kobe', '已发货', '2025-06-29 19:28:38', NULL, NULL, 170.00, 0.00, -10.00);
INSERT INTO `orders` VALUES ('E20250629193140031606185', 'R065', 'Emma', '已发货', '2025-06-29 19:31:40', NULL, NULL, 126.00, 0.00, -10.00);
INSERT INTO `orders` VALUES ('E20250629193431053500067', 'R064', '温小温', '已发货', '2025-06-29 19:34:33', NULL, NULL, 110.00, 0.00, -10.00);
INSERT INTO `orders` VALUES ('E20250629194651045906185', 'R063', '大海', '已发货', '2025-06-29 19:46:52', NULL, NULL, 217.00, 0.00, -10.00);
INSERT INTO `orders` VALUES ('E20250629195111030606197', 'R062', '冉冉妈', '已发货', '2025-06-29 19:51:12', NULL, NULL, 123.00, 0.00, -10.00);
INSERT INTO `orders` VALUES ('E20250629200116065400043', 'R061', '彬彬', '已发货', '2025-06-29 20:01:18', NULL, NULL, 113.00, 0.00, -10.00);
INSERT INTO `orders` VALUES ('E20250629202102066700067', 'R060', 'ʚ阿喂ɞ', '已发货', '2025-06-29 20:21:04', NULL, NULL, 111.00, 0.00, -10.00);
INSERT INTO `orders` VALUES ('E20250629203951054706155', 'R059', '小金', '已发货', '2025-06-29 20:39:51', NULL, NULL, 122.00, 0.00, -10.00);
INSERT INTO `orders` VALUES ('E20250629204008099706193', 'R058', '阿蓝', '已发货', '2025-06-29 20:40:09', NULL, NULL, 131.00, 0.00, -10.00);
INSERT INTO `orders` VALUES ('E20250629204835033900033', 'R057', '周润发', '已发货', '2025-06-29 20:48:36', NULL, NULL, 111.00, 0.00, -10.00);
INSERT INTO `orders` VALUES ('E20250629211753028900059', 'R056', '1983', '已发货', '2025-06-29 21:17:53', NULL, NULL, 154.00, 0.00, -10.00);
INSERT INTO `orders` VALUES ('E20250629212345051306159', 'R055', '🍇Mandy🍇', '已发货', '2025-06-29 21:23:45', NULL, NULL, 110.00, 0.00, -10.00);
INSERT INTO `orders` VALUES ('E20250629213947041400009', 'R054', '杨旸', '已发货', '2025-06-29 21:39:47', NULL, NULL, 132.00, 0.00, -10.00);
INSERT INTO `orders` VALUES ('E20250629214359089306177', 'R053', '大海', '已发货', '2025-06-29 21:44:00', NULL, NULL, 140.00, 0.00, -10.00);
INSERT INTO `orders` VALUES ('E20250629214400090606199', 'R052', '-.-', '已发货', '2025-06-29 21:44:02', NULL, NULL, 108.00, 0.00, -10.00);
INSERT INTO `orders` VALUES ('E20250629214625052506205', 'R051', '张三', '已发货', '2025-06-29 21:46:26', NULL, NULL, 110.00, 0.00, -10.00);
INSERT INTO `orders` VALUES ('E20250629215030056406153', 'R050', '年年', '已发货', '2025-06-29 21:50:30', NULL, NULL, 271.00, 0.00, -10.00);
INSERT INTO `orders` VALUES ('E20250629221746004906155', 'R049', '💕尚好佳💕', '已发货', '2025-06-29 22:17:47', NULL, NULL, 113.00, 0.00, -10.00);
INSERT INTO `orders` VALUES ('E20250629223129072806213', 'R048', '阿淼仔。', '交易关闭', '2025-06-29 22:31:30', NULL, NULL, 20.00, 13.00, -10.00);
INSERT INTO `orders` VALUES ('E20250629223859072800021', 'R048', '阿淼仔。', '已发货', '2025-06-29 22:39:00', NULL, NULL, 109.00, 0.00, -10.00);
INSERT INTO `orders` VALUES ('E20250629224533074100011', 'R047', 'Zjc', '已发货', '2025-06-29 22:45:33', NULL, NULL, 50.00, 18.40, -10.00);
INSERT INTO `orders` VALUES ('E20250629233345057400015', 'R046', 'Daisy.', '已发货', '2025-06-29 23:33:45', NULL, NULL, 245.00, 0.00, -10.00);
INSERT INTO `orders` VALUES ('E20250629234203082300067', 'R045', '君子兰', '已发货', '2025-06-29 23:42:04', NULL, NULL, 133.00, 0.00, -10.00);
INSERT INTO `orders` VALUES ('E20250630014514062700045', 'R044', '黎刚', '已发货', '2025-06-30 01:45:15', NULL, NULL, 146.00, 0.00, -10.00);
INSERT INTO `orders` VALUES ('E20250630071213011206195', 'R043', 'Kelly', '已发货', '2025-06-30 07:12:14', NULL, NULL, 115.00, 0.00, -10.00);
INSERT INTO `orders` VALUES ('E20250630072403052600001', 'R042', '米菲和贝利', '已发货', '2025-06-30 07:24:03', NULL, NULL, 108.00, 0.00, -10.00);
INSERT INTO `orders` VALUES ('E20250630082950009706177', 'R041', '吉吉国王', '已发货', '2025-06-30 08:29:51', NULL, NULL, 119.00, 0.00, -10.00);
INSERT INTO `orders` VALUES ('E20250630083056009900063', 'R040', '遥远', '交易关闭', '2025-06-30 08:30:57', NULL, NULL, 125.00, 0.00, -10.00);
INSERT INTO `orders` VALUES ('E20250630084919030800069', 'R039', '呱呱呱', '交易关闭', '2025-06-30 08:49:20', NULL, NULL, 88.00, 0.00, -10.00);
INSERT INTO `orders` VALUES ('E20250630085507030800021', 'R039', '呱呱呱', '已发货', '2025-06-30 08:55:07', NULL, NULL, 113.00, 0.00, -10.00);
INSERT INTO `orders` VALUES ('E20250630093054007206205', 'R036', '阿蓝', '已发货', '2025-06-30 09:30:55', NULL, NULL, 98.00, 0.00, 0.00);
INSERT INTO `orders` VALUES ('E20250630094405040900019', 'R038', '大萱', '已发货', '2025-06-30 09:44:06', NULL, NULL, 114.00, 0.00, -10.00);
INSERT INTO `orders` VALUES ('E20250630094749007806149', 'R037', 'treasure', '已发货', '2025-06-30 09:47:50', NULL, NULL, 113.00, 0.00, -10.00);
INSERT INTO `orders` VALUES ('E20250630094833007206183', 'R036', '阿蓝', '交易关闭', '2025-06-30 09:48:34', NULL, NULL, 87.00, 19.50, -10.00);
INSERT INTO `orders` VALUES ('E20250630095232040100035', 'R035', '🌟Z.sN_', '已发货', '2025-06-30 09:52:32', NULL, NULL, 116.00, 0.00, -10.00);
INSERT INTO `orders` VALUES ('E20250630095514071600005', 'R034', '嗯哼', '已发货', '2025-06-30 09:55:14', NULL, NULL, 140.00, 0.00, 0.00);
INSERT INTO `orders` VALUES ('E20250630095722018600013', 'R033', '黑崎一护', '已发货', '2025-06-30 09:57:22', NULL, NULL, 120.00, 0.00, -10.00);
INSERT INTO `orders` VALUES ('E20250630100658059300019', 'R032', '💫飞天小仙女🎀', '已发货', '2025-06-30 10:06:59', NULL, NULL, 100.00, 0.00, 0.00);
INSERT INTO `orders` VALUES ('E20250630103755012706211', 'R031', '진베베花(童装）', '交易关闭', '2025-06-30 10:37:56', NULL, NULL, 60.00, 24.90, 0.00);
INSERT INTO `orders` VALUES ('E20250630104013087200031', 'R030', '琥珀', '已发货', '2025-06-30 10:40:14', NULL, NULL, 119.00, 0.00, -10.00);
INSERT INTO `orders` VALUES ('E20250630105328041406189', 'R029', '杨旸', '已发货', '2025-06-30 10:53:28', NULL, NULL, 151.00, 0.00, 0.00);
INSERT INTO `orders` VALUES ('E20250630114024003706161', 'R028', '雪儿', '已发货', '2025-06-30 11:40:24', NULL, NULL, 109.00, 0.00, -10.00);
INSERT INTO `orders` VALUES ('E20250630114228039106187', 'R027', '侯珊珊-邮储前所古城支行', '已发货', '2025-06-30 11:42:29', NULL, NULL, 108.00, 0.00, -10.00);
INSERT INTO `orders` VALUES ('E20250630115209008206153', 'R026', '♚Wang.*≈', '已发货', '2025-06-30 11:52:09', NULL, NULL, 88.00, 0.00, -10.00);
INSERT INTO `orders` VALUES ('E20250630115223024806183', 'R025', '孔雀', '已发货', '2025-06-30 11:52:24', NULL, NULL, 128.00, 0.00, -10.00);
INSERT INTO `orders` VALUES ('E20250630115352040500019', 'R024', '张璐', '已发货', '2025-06-30 11:53:53', NULL, NULL, 137.00, 0.00, -10.00);
INSERT INTO `orders` VALUES ('E20250630121243054000025', 'R023', 'aaa', '交易关闭', '2025-06-30 12:12:44', NULL, NULL, 112.00, 0.00, -10.00);
INSERT INTO `orders` VALUES ('E20250630124203093706183', 'R022', '张三', '已发货', '2025-06-30 12:42:03', NULL, NULL, 108.00, 0.00, -10.00);
INSERT INTO `orders` VALUES ('E20250630135133017300053', 'R021', '阿蓝', '已发货', '2025-06-30 13:51:34', NULL, NULL, 137.00, 0.00, -10.00);
INSERT INTO `orders` VALUES ('E20250630141608035606201', 'R020', '🍑桃喜🍑', '已发货', '2025-06-30 14:16:09', NULL, NULL, 163.00, 0.00, -10.00);
INSERT INTO `orders` VALUES ('E20250630142751011000075', 'R019', 'A蚂蚱', '已发货', '2025-06-30 14:27:52', NULL, NULL, 115.00, 0.00, -10.00);
INSERT INTO `orders` VALUES ('E20250630143117086900063', 'R018', 'Mo茉', '已发货', '2025-06-30 14:31:18', NULL, NULL, 108.00, 0.00, -10.00);
INSERT INTO `orders` VALUES ('E20250630145006077700013', 'R017', '杨帆', '已发货', '2025-06-30 14:50:07', NULL, NULL, 128.00, 0.00, -10.00);
INSERT INTO `orders` VALUES ('E20250630161541016706169', 'R016', '阿蓝', '已发货', '2025-06-30 16:15:41', NULL, NULL, 118.00, 0.00, -10.00);
INSERT INTO `orders` VALUES ('E20250630165538027700061', 'R015', '李涵嵋', '已发货', '2025-06-30 16:55:38', NULL, NULL, 110.00, 0.00, -10.00);
INSERT INTO `orders` VALUES ('E20250630170540081900033', 'R014', '小花', '交易关闭', '2025-06-30 17:05:41', NULL, NULL, 238.00, 0.00, -10.00);
INSERT INTO `orders` VALUES ('E20250630171319081900033', 'R014', '小花', '已发货', '2025-06-30 17:13:20', NULL, NULL, 193.00, 0.00, -10.00);
INSERT INTO `orders` VALUES ('E20250630185131010406205', 'R013', '苦咖啡💕', '已发货', '2025-06-30 18:51:31', NULL, NULL, 136.00, 0.00, -10.00);
INSERT INTO `orders` VALUES ('E20250630190053036206163', 'R012', '嗅嗅😼', '已发货', '2025-06-30 19:00:53', NULL, NULL, 110.00, 0.00, -10.00);
INSERT INTO `orders` VALUES ('E20250630191903097100097', 'R011', '说什么呢？', '待发货', '2025-06-30 19:19:04', NULL, NULL, 111.00, 0.00, -10.00);
INSERT INTO `orders` VALUES ('E20250630201004009506239', 'R010', '孟昕霖', '待发货', '2025-06-30 20:10:05', NULL, NULL, 101.00, 0.00, 0.00);
INSERT INTO `orders` VALUES ('E20250701090122074500011', 'R009', '1', '交易关闭', '2025-07-01 09:01:22', NULL, NULL, 22.00, 13.00, -10.00);
INSERT INTO `orders` VALUES ('E20250701090501074506211', 'R009', '1', '已发货', '2025-07-01 09:05:02', NULL, NULL, 61.00, 13.00, -10.00);
INSERT INTO `orders` VALUES ('E20250701121623098100011', 'R008', '哈哈', '已发货', '2025-07-01 12:16:24', NULL, NULL, 61.00, 13.00, -10.00);
INSERT INTO `orders` VALUES ('E20250701141533059506217', 'R007', '良辰', '已发货', '2025-07-01 14:15:34', NULL, NULL, 87.00, 45.90, -10.00);
INSERT INTO `orders` VALUES ('E20250701143116014700011', 'R006', '杨咩咩', '交易关闭', '2025-07-01 14:31:16', NULL, NULL, 73.00, 13.00, -10.00);
INSERT INTO `orders` VALUES ('E20250701145241081100045', 'R005', 'Jiang', '已发货', '2025-07-01 14:52:42', NULL, NULL, 68.00, 14.00, -10.00);
INSERT INTO `orders` VALUES ('E20250701222810072906149', 'R004', '🌸🐒', '交易关闭', '2025-07-01 22:28:10', NULL, NULL, 114.00, 24.90, -10.00);
INSERT INTO `orders` VALUES ('E20250701223350079606185', 'R004', '🌸🐒', '已发货', '2025-07-01 22:33:50', NULL, NULL, 92.00, 17.90, 0.00);
INSERT INTO `orders` VALUES ('E20250702092147082200049', 'R003', '思密达', '待发货', '2025-07-02 09:21:48', NULL, NULL, 96.00, 12.00, -10.00);
INSERT INTO `orders` VALUES ('E20250702150657029700087', 'R002', '阿蓝', '待发货', '2025-07-02 15:06:58', NULL, NULL, 135.00, 24.90, -10.00);
INSERT INTO `orders` VALUES ('E20250702163118092700075', 'R001', '六月', '待付款', '2025-07-02 16:31:18', NULL, NULL, 25.00, 14.00, -10.00);

-- ----------------------------
-- Table structure for product
-- ----------------------------
DROP TABLE IF EXISTS `product`;
CREATE TABLE `product`  (
  `ProductID` char(36) CHARACTER SET utf8mb4 COLLATE utf8mb4_0900_ai_ci NOT NULL,
  `CategoryID` char(36) CHARACTER SET utf8mb4 COLLATE utf8mb4_0900_ai_ci NULL DEFAULT NULL,
  `ProductName` varchar(100) CHARACTER SET utf8mb4 COLLATE utf8mb4_0900_ai_ci NOT NULL,
  `Sales` int NULL DEFAULT NULL,
  `Brand1` varchar(100) CHARACTER SET utf8mb4 COLLATE utf8mb4_0900_ai_ci NULL DEFAULT NULL,
  `Brand2` varchar(100) CHARACTER SET utf8mb4 COLLATE utf8mb4_0900_ai_ci NULL DEFAULT NULL,
  PRIMARY KEY (`ProductID`) USING BTREE,
  INDEX `FK_Relationship_7`(`CategoryID` ASC) USING BTREE,
  CONSTRAINT `FK_Relationship_7` FOREIGN KEY (`CategoryID`) REFERENCES `category` (`CategoryID`) ON DELETE RESTRICT ON UPDATE RESTRICT
) ENGINE = InnoDB CHARACTER SET = utf8mb4 COLLATE = utf8mb4_0900_ai_ci ROW_FORMAT = Dynamic;

-- ----------------------------
-- Records of product
-- ----------------------------
INSERT INTO `product` VALUES ('4029931608', 'C002', '辣白菜 袋装', 7, NULL, NULL);
INSERT INTO `product` VALUES ('4029934869', 'C002', '酱黑豆 220g', 0, '中国品牌', '富爸爸泡菜');
INSERT INTO `product` VALUES ('4029936593', 'C002', '香葱泡菜 500g', 6, '中国品牌', '富爸爸泡菜');
INSERT INTO `product` VALUES ('4029939159', 'C001', '小萝卜泡菜 500g', 7, NULL, NULL);
INSERT INTO `product` VALUES ('4029944814', 'C002', '参鸡汤 1000g', 2, NULL, NULL);
INSERT INTO `product` VALUES ('4041234536', 'C001', '干虾干果 150g', 0, '中国品牌', '顶楼泡菜');
INSERT INTO `product` VALUES ('4041235267', 'C001', '拌板筋丝 250g', 8, '中国品牌', '顶楼泡菜');
INSERT INTO `product` VALUES ('4041241844', 'C001', '拌明太鱼 250g', 11, '中国品牌', '顶楼泡菜');
INSERT INTO `product` VALUES ('4041241992', 'C001', '酱萝卜条 250g', 0, '中国品牌', '顶楼泡菜');
INSERT INTO `product` VALUES ('4043113775', 'C003', '拌饭酱 425g', 0, '中国品牌', '李农夫');
INSERT INTO `product` VALUES ('4043115050', 'C003', '辣椒酱 500g', 2, '中国品牌', '李农夫');
INSERT INTO `product` VALUES ('4043116302', 'C003', '火辣酱 500g', 0, '中国品牌', '李农夫');
INSERT INTO `product` VALUES ('4043118435', 'C003', '韩式辣椒酱 500g', 0, '中国品牌', '李农夫');
INSERT INTO `product` VALUES ('4043221447', 'C001', '酱辣蟹 500g', 2, '中国品牌', '顶楼泡菜');
INSERT INTO `product` VALUES ('4127208074', 'C002', '萝卜块泡菜 400g', 8, NULL, NULL);
INSERT INTO `product` VALUES ('4127208077', 'C005', '韩味冷面 750g', 52, NULL, NULL);
INSERT INTO `product` VALUES ('4157424966', 'C003', '章鱼酱 195g', 1, NULL, NULL);
INSERT INTO `product` VALUES ('4172906396', 'C002', '测试用 - 2号', 0, NULL, NULL);
INSERT INTO `product` VALUES ('4357786197', 'C001', '拌桔梗（咸口&甜口） 250g', 7, '中国品牌', '顶楼泡菜');
INSERT INTO `product` VALUES ('4357786584', 'C001', '牛板筋', 0, '中国品牌', '顶楼泡菜');
INSERT INTO `product` VALUES ('4357786608', 'C001', '小银鱼/干虾 干果150g', 25, NULL, NULL);
INSERT INTO `product` VALUES ('4357786698', 'C001', '测试用 - 1号', 0, NULL, NULL);
INSERT INTO `product` VALUES ('4357788347', 'C001', '拌小跟菜 250g', 0, NULL, NULL);
INSERT INTO `product` VALUES ('4357788458', 'C001', '拌黄瓜片 250g', 0, '中国品牌', '顶楼泡菜');
INSERT INTO `product` VALUES ('4357789644', 'C002', '韩式八宝菜 250g', 0, '中国品牌', '顶楼泡菜');
INSERT INTO `product` VALUES ('4357790921', 'C001', '萝卜叶水泡菜', 0, NULL, NULL);
INSERT INTO `product` VALUES ('4357791345', 'C001', '拌干豆腐 250g', 0, NULL, NULL);
INSERT INTO `product` VALUES ('4357792301', 'C001', '香辣豆皮 250g', 0, NULL, NULL);
INSERT INTO `product` VALUES ('4357793714', 'C001', '酱小土豆 250g', 0, '中国品牌', '顶楼泡菜');
INSERT INTO `product` VALUES ('4357794327', 'C001', '拌萝卜丝 250g', 0, '中国品牌', '顶楼泡菜');
INSERT INTO `product` VALUES ('4360590125', 'C003', '四季包饭酱 500g', 1, '中国品牌', '李农夫');
INSERT INTO `product` VALUES ('4360592195', 'C005', '亲久米酒', 2, '中国品牌', '顶楼泡菜');
INSERT INTO `product` VALUES ('4360882894', 'C005', '朝鲜族米肠 500g', 3, '中国品牌', '富爸爸泡菜');
INSERT INTO `product` VALUES ('4543188016', 'C004', '米汁 500g', 16, NULL, NULL);
INSERT INTO `product` VALUES ('4615885579', 'C003', '鱿鱼酱 240g', 0, NULL, NULL);
INSERT INTO `product` VALUES ('4615897034', 'C002', '拌苏子叶 190g', 1, NULL, NULL);

-- ----------------------------
-- Table structure for product_spec
-- ----------------------------
DROP TABLE IF EXISTS `product_spec`;
CREATE TABLE `product_spec`  (
  `ProdSpecID` char(36) CHARACTER SET utf8mb4 COLLATE utf8mb4_0900_ai_ci NOT NULL,
  `ProductID` char(36) CHARACTER SET utf8mb4 COLLATE utf8mb4_0900_ai_ci NULL DEFAULT NULL,
  `SpecName` varchar(100) CHARACTER SET utf8mb4 COLLATE utf8mb4_0900_ai_ci NOT NULL,
  `Price` decimal(10, 2) NOT NULL,
  `Weight` decimal(10, 2) NOT NULL,
  PRIMARY KEY (`ProdSpecID`) USING BTREE,
  INDEX `FK_Relationship_5`(`ProductID` ASC) USING BTREE,
  CONSTRAINT `FK_Relationship_5` FOREIGN KEY (`ProductID`) REFERENCES `product` (`ProductID`) ON DELETE RESTRICT ON UPDATE RESTRICT
) ENGINE = InnoDB CHARACTER SET = utf8mb4 COLLATE = utf8mb4_0900_ai_ci ROW_FORMAT = Dynamic;

-- ----------------------------
-- Records of product_spec
-- ----------------------------
INSERT INTO `product_spec` VALUES ('14852940374', '4029939159', 'nan', 17.00, 0.50);
INSERT INTO `product_spec` VALUES ('14852942070', '4029934869', 'nan', 10.00, 0.22);
INSERT INTO `product_spec` VALUES ('14853005111', '4029936593', 'nan', 18.00, 0.50);
INSERT INTO `product_spec` VALUES ('14854512773', '4041235267', 'nan', 25.00, 0.25);
INSERT INTO `product_spec` VALUES ('14854516225', '4041234536', 'nan', 29.00, 0.15);
INSERT INTO `product_spec` VALUES ('14854516310', '4041241844', 'nan', 25.00, 0.25);
INSERT INTO `product_spec` VALUES ('14854517931', '4041241992', 'nan', 10.00, 0.25);
INSERT INTO `product_spec` VALUES ('14854816961', '4043116302', 'nan', 22.00, 0.50);
INSERT INTO `product_spec` VALUES ('14854818699', '4043113775', 'nan', 15.00, 0.43);
INSERT INTO `product_spec` VALUES ('14854823784', '4043118435', 'nan', 16.00, 0.50);
INSERT INTO `product_spec` VALUES ('14854828202', '4043115050', 'nan', 20.00, 0.50);
INSERT INTO `product_spec` VALUES ('14854902338', '4043221447', 'nan', 58.00, 0.50);
INSERT INTO `product_spec` VALUES ('14870726314', '4127208077', 'nan', 8.00, 0.75);
INSERT INTO `product_spec` VALUES ('14870726841', '4127208074', 'nan', 9.00, 0.40);
INSERT INTO `product_spec` VALUES ('14876018402', '4157424966', 'nan', 29.00, 0.20);
INSERT INTO `product_spec` VALUES ('14878531503', '4172906396', 'nan', 30.00, 0.25);
INSERT INTO `product_spec` VALUES ('14878629220', '4357786584', '板筋片500g', 46.00, 0.50);
INSERT INTO `product_spec` VALUES ('14878629221', '4357786584', '板筋丝250g', 25.00, 0.25);
INSERT INTO `product_spec` VALUES ('14878629222', '4357786584', '板筋片250g', 25.00, 0.25);
INSERT INTO `product_spec` VALUES ('25851093470', '4029944814', 'nan', 42.00, 1.00);
INSERT INTO `product_spec` VALUES ('25854377582', '4357791345', 'nan', 10.00, 0.25);
INSERT INTO `product_spec` VALUES ('25854380993', '4357788458', 'nan', 10.00, 0.25);
INSERT INTO `product_spec` VALUES ('25854380996', '4357792301', 'nan', 8.00, 0.25);
INSERT INTO `product_spec` VALUES ('25854383275', '4357790921', 'nan', 188.00, 0.50);
INSERT INTO `product_spec` VALUES ('25854384038', '4357788347', 'nan', 10.00, 0.25);
INSERT INTO `product_spec` VALUES ('25854389826', '4357786698', 'nan', 20.00, 0.25);
INSERT INTO `product_spec` VALUES ('25854389862', '4357793714', 'nan', 10.00, 0.25);
INSERT INTO `product_spec` VALUES ('25854390767', '4357789644', 'nan', 10.00, 0.25);
INSERT INTO `product_spec` VALUES ('25854390809', '4357794327', 'nan', 9.00, 0.25);
INSERT INTO `product_spec` VALUES ('25855091154', '4360590125', 'nan', 16.00, 0.50);
INSERT INTO `product_spec` VALUES ('25855192432', '4360882894', 'nan', 25.00, 0.50);
INSERT INTO `product_spec` VALUES ('25867386929', '4360592195', '玉米米酒', 15.00, 0.75);
INSERT INTO `product_spec` VALUES ('25867386930', '4360592195', '糯米米酒', 15.00, 0.75);
INSERT INTO `product_spec` VALUES ('25867386931', '4360592195', '草莓米酒', 20.00, 0.75);
INSERT INTO `product_spec` VALUES ('25867386932', '4360592195', '奶油米酒', 20.00, 0.75);
INSERT INTO `product_spec` VALUES ('25867386933', '4360592195', '青提米酒', 20.00, 0.75);
INSERT INTO `product_spec` VALUES ('25867390433', '4029931608', '1.5kg', 29.00, 1.50);
INSERT INTO `product_spec` VALUES ('25867390434', '4029931608', '1kg', 22.00, 1.00);
INSERT INTO `product_spec` VALUES ('25886585340', '4357786608', '干虾干果', 29.00, 0.15);
INSERT INTO `product_spec` VALUES ('25886585341', '4357786608', '小银鱼干果', 22.00, 0.15);
INSERT INTO `product_spec` VALUES ('25886992114', '4543188016', 'nan', 8.00, 0.50);
INSERT INTO `product_spec` VALUES ('25887076864', '4357786197', '手撕拌桔梗（咸口）', 18.00, 0.25);
INSERT INTO `product_spec` VALUES ('25887076865', '4357786197', '拌桔梗（甜口）', 15.00, 0.25);
INSERT INTO `product_spec` VALUES ('25894977612', '4615885579', 'nan', 22.00, 0.24);
INSERT INTO `product_spec` VALUES ('25894985199', '4615897034', 'nan', 10.00, 0.19);

-- ----------------------------
-- Table structure for region
-- ----------------------------
DROP TABLE IF EXISTS `region`;
CREATE TABLE `region`  (
  `RegionID` char(36) CHARACTER SET utf8mb4 COLLATE utf8mb4_0900_ai_ci NOT NULL,
  `Customer_ID` char(36) CHARACTER SET utf8mb4 COLLATE utf8mb4_0900_ai_ci NULL DEFAULT NULL,
  `Province` varchar(50) CHARACTER SET utf8mb4 COLLATE utf8mb4_0900_ai_ci NULL DEFAULT NULL,
  `City` varchar(50) CHARACTER SET utf8mb4 COLLATE utf8mb4_0900_ai_ci NULL DEFAULT NULL,
  `District` varchar(50) CHARACTER SET utf8mb4 COLLATE utf8mb4_0900_ai_ci NULL DEFAULT NULL,
  PRIMARY KEY (`RegionID`) USING BTREE,
  INDEX `FK_Relationship_3`(`Customer_ID` ASC) USING BTREE,
  CONSTRAINT `FK_Relationship_3` FOREIGN KEY (`Customer_ID`) REFERENCES `customer` (`Customer_ID`) ON DELETE RESTRICT ON UPDATE RESTRICT
) ENGINE = InnoDB CHARACTER SET = utf8mb4 COLLATE = utf8mb4_0900_ai_ci ROW_FORMAT = Dynamic;

-- ----------------------------
-- Records of region
-- ----------------------------
INSERT INTO `region` VALUES ('R001', '六月', '河北省', '唐山市', '丰润区');
INSERT INTO `region` VALUES ('R002', '阿蓝', '山东省', '济宁市', '邹城市');
INSERT INTO `region` VALUES ('R003', '思密达', '辽宁省', '营口市', '盖州市');
INSERT INTO `region` VALUES ('R004', '🌸🐒', '江苏省', '连云港市', '海州区');
INSERT INTO `region` VALUES ('R005', 'Jiang', '北京市', '北京市', '大兴区');
INSERT INTO `region` VALUES ('R006', '杨咩咩', '吉林省', '吉林市', '丰满区');
INSERT INTO `region` VALUES ('R007', '良辰', '山西省', '太原市', '小店区');
INSERT INTO `region` VALUES ('R008', '哈哈', '吉林省', '吉林市', '船营区');
INSERT INTO `region` VALUES ('R009', '1', '吉林省', '吉林市', '船营区');
INSERT INTO `region` VALUES ('R010', '孟昕霖', '北京市', '北京市', '海淀区');
INSERT INTO `region` VALUES ('R011', '说什么呢？', '河北省', '邯郸市', '永年区');
INSERT INTO `region` VALUES ('R012', '嗅嗅😼', '河北省', '石家庄市', '鹿泉区');
INSERT INTO `region` VALUES ('R013', '苦咖啡💕', '江苏省', '苏州市', '虎丘区');
INSERT INTO `region` VALUES ('R014', '小花', '江苏省', '盐城市', '射阳县');
INSERT INTO `region` VALUES ('R015', '李涵嵋', '北京市', '北京市', '丰台区');
INSERT INTO `region` VALUES ('R016', '阿蓝', '黑龙江省', '哈尔滨市', '道外区');
INSERT INTO `region` VALUES ('R017', '杨帆', '黑龙江省', '哈尔滨市', '香坊区');
INSERT INTO `region` VALUES ('R018', 'Mo茉', '吉林省', '通化市', '东昌区');
INSERT INTO `region` VALUES ('R019', 'A蚂蚱', '安徽省', '合肥市', '肥东县');
INSERT INTO `region` VALUES ('R020', '🍑桃喜🍑', '辽宁省', '丹东市', '元宝区');
INSERT INTO `region` VALUES ('R021', '阿蓝', '吉林省', '长春市', '绿园区');
INSERT INTO `region` VALUES ('R022', '张三', '吉林省', '长春市', '南关区');
INSERT INTO `region` VALUES ('R023', 'aaa', '云南省', '昆明市', '官渡区');
INSERT INTO `region` VALUES ('R024', '张璐', '黑龙江省', '大庆市', '肇源县');
INSERT INTO `region` VALUES ('R025', '孔雀', '河北省', '保定市', '竞秀区');
INSERT INTO `region` VALUES ('R026', '♚Wang.*≈', '内蒙古自治区', '呼和浩特市', '新城区');
INSERT INTO `region` VALUES ('R027', '侯珊珊-邮储前所古城支行', '辽宁省', '葫芦岛市', '绥中县');
INSERT INTO `region` VALUES ('R028', '雪儿', '辽宁省', '大连市', '沙河口区');
INSERT INTO `region` VALUES ('R029', '杨旸', '吉林省', '长春市', '宽城区');
INSERT INTO `region` VALUES ('R030', '琥珀', '广东省', '广州市', '番禺区');
INSERT INTO `region` VALUES ('R031', '진베베花(童装）', '山东省', '烟台市', '牟平区');
INSERT INTO `region` VALUES ('R032', '💫飞天小仙女🎀', '江苏省', '无锡市', '梁溪区');
INSERT INTO `region` VALUES ('R033', '黑崎一护', '天津市', '天津市', '西青区');
INSERT INTO `region` VALUES ('R034', '嗯哼', '上海市', '上海市', '黄浦区');
INSERT INTO `region` VALUES ('R035', '🌟Z.sN_', '辽宁省', '锦州市', '凌河区');
INSERT INTO `region` VALUES ('R036', '阿蓝', '广东省', '东莞市', '樟木头镇');
INSERT INTO `region` VALUES ('R037', 'treasure', '河北省', '唐山市', '路北区');
INSERT INTO `region` VALUES ('R038', '大萱', '山东省', '日照市', '莒县');
INSERT INTO `region` VALUES ('R039', '呱呱呱', '内蒙古自治区', '包头市', '昆都仑区');
INSERT INTO `region` VALUES ('R040', '遥远', '上海市', '上海市', '闵行区');
INSERT INTO `region` VALUES ('R041', '吉吉国王', '山东省', '济宁市', '任城区');
INSERT INTO `region` VALUES ('R042', '米菲和贝利', '辽宁省', '大连市', '沙河口区');
INSERT INTO `region` VALUES ('R043', 'Kelly', '辽宁省', '大连市', '甘井子区');
INSERT INTO `region` VALUES ('R044', '黎刚', '广东省', '广州市', '白云区');
INSERT INTO `region` VALUES ('R045', '君子兰', '四川省', '成都市', '金牛区');
INSERT INTO `region` VALUES ('R046', 'Daisy.', '河南省', '安阳市', '内黄县');
INSERT INTO `region` VALUES ('R047', 'Zjc', '陕西省', '西安市', '碑林区');
INSERT INTO `region` VALUES ('R048', '阿淼仔。', '吉林省', '白山市', '浑江区');
INSERT INTO `region` VALUES ('R049', '💕尚好佳💕', '辽宁省', '锦州市', '太和区');
INSERT INTO `region` VALUES ('R050', '年年', '河北省', '石家庄市', '裕华区');
INSERT INTO `region` VALUES ('R051', '张三', '天津市', '天津市', '东丽区');
INSERT INTO `region` VALUES ('R052', '-.-', '福建省', '福州市', '晋安区');
INSERT INTO `region` VALUES ('R053', '大海', '黑龙江省', '鹤岗市', '萝北县');
INSERT INTO `region` VALUES ('R054', '杨旸', '吉林省', '松原市', '长岭县');
INSERT INTO `region` VALUES ('R055', '🍇Mandy🍇', '辽宁省', '营口市', '大石桥市');
INSERT INTO `region` VALUES ('R056', '1983', '辽宁省', '大连市', '沙河口区');
INSERT INTO `region` VALUES ('R057', '周润发', '福建省', '福州市', '鼓楼区');
INSERT INTO `region` VALUES ('R058', '阿蓝', '陕西省', '西安市', '碑林区');
INSERT INTO `region` VALUES ('R059', '小金', '辽宁省', '本溪市', '桓仁满族自治县');
INSERT INTO `region` VALUES ('R060', 'ʚ阿喂ɞ', '广东省', '广州市', '越秀区');
INSERT INTO `region` VALUES ('R061', '彬彬', '四川省', '成都市', '锦江区');
INSERT INTO `region` VALUES ('R062', '冉冉妈', '辽宁省', '大连市', '中山区');
INSERT INTO `region` VALUES ('R063', '大海', '黑龙江省', '伊春市', '乌翠区');
INSERT INTO `region` VALUES ('R064', '温小温', '北京市', '北京市', '怀柔区');
INSERT INTO `region` VALUES ('R065', 'Emma', '辽宁省', '大连市', '甘井子区');
INSERT INTO `region` VALUES ('R066', 'Kobe', '上海市', '上海市', '浦东新区');
INSERT INTO `region` VALUES ('R067', 'Q', '江苏省', '徐州市', '沛县');
INSERT INTO `region` VALUES ('R068', '阳洋', '北京市', '北京市', '朝阳区');
INSERT INTO `region` VALUES ('R069', 'ShufeiZHENG', '浙江省', '杭州市', '上城区');
INSERT INTO `region` VALUES ('R070', '娜，初心烘焙.私人定制15032312714', '河北省', '秦皇岛市', '昌黎县');
INSERT INTO `region` VALUES ('R071', '青草香', '新疆维吾尔自治区', '塔城地区', '塔城市');
INSERT INTO `region` VALUES ('R072', '大海', '陕西省', '汉中市', '城固县');
INSERT INTO `region` VALUES ('R073', '圆溜溜', '河北省', '秦皇岛市', '海港区');
INSERT INTO `region` VALUES ('R074', 'Z🌷＾小栋', '辽宁省', '大连市', '甘井子区');
INSERT INTO `region` VALUES ('R075', 'Bowen', '北京市', '北京市', '丰台区');
INSERT INTO `region` VALUES ('R076', 'Neo', '江苏省', '南京市', '雨花台区');
INSERT INTO `region` VALUES ('R077', '平淡生活', '辽宁省', '大连市', '沙河口区');
INSERT INTO `region` VALUES ('R078', '花开不败', '北京市', '北京市', '顺义区');
INSERT INTO `region` VALUES ('R079', '若冰', '吉林省', '辽源市', '龙山区');
INSERT INTO `region` VALUES ('R080', '顾佳妮', '北京市', '北京市', '东城区');
INSERT INTO `region` VALUES ('R081', '喜洋洋', '海南省', '海口市', '龙华区');
INSERT INTO `region` VALUES ('R082', '萝溪.', '内蒙古自治区', '巴彦淖尔市', '磴口县');
INSERT INTO `region` VALUES ('R083', '小花', '辽宁省', '盘锦市', '大洼区');
INSERT INTO `region` VALUES ('R084', '娜', '辽宁省', '鞍山市', '高新区');
INSERT INTO `region` VALUES ('R085', '阿蓝', '辽宁省', '鞍山市', '立山区');
INSERT INTO `region` VALUES ('R086', '阿蓝', '吉林省', '辽源市', '龙山区');
INSERT INTO `region` VALUES ('R087', '蕾', '天津市', '天津市', '滨海新区');
INSERT INTO `region` VALUES ('R088', '张小花', '吉林省', '吉林市', '永吉县');
INSERT INTO `region` VALUES ('R089', '吉文静', '北京市', '北京市', '朝阳区');
INSERT INTO `region` VALUES ('R090', '努力努力再努力@续', '北京市', '北京市', '朝阳区');
INSERT INTO `region` VALUES ('R091', '文小文', '辽宁省', '大连市', '沙河口区');
INSERT INTO `region` VALUES ('R092', 'O耶', '黑龙江省', '哈尔滨市', '香坊区');
INSERT INTO `region` VALUES ('R093', '닥터 김', '辽宁省', '沈阳市', '于洪区');
INSERT INTO `region` VALUES ('R094', '我是你的阿拉平', '辽宁省', '盘锦市', '兴隆台区');
INSERT INTO `region` VALUES ('R095', 'NE.fifi💋', '辽宁省', '沈阳市', '浑南区');
INSERT INTO `region` VALUES ('R096', '刘慧慧啊🌴', '辽宁省', '铁岭市', '铁岭县');
INSERT INTO `region` VALUES ('R097', '小宇', '辽宁省', '沈阳市', '皇姑区');
INSERT INTO `region` VALUES ('R098', '十五', '天津市', '天津市', '北辰区');
INSERT INTO `region` VALUES ('R099', 'NE.fifi💋', '辽宁省', '沈阳市', '浑南新区');
INSERT INTO `region` VALUES ('R100', '旋紫', '辽宁省', '朝阳市', '双塔区');
INSERT INTO `region` VALUES ('R101', '唉呀妈呀（Q）', '吉林省', '长春市', '南关区');
INSERT INTO `region` VALUES ('R102', '芝士小丸子', '北京市', '北京市', '朝阳区');
INSERT INTO `region` VALUES ('R103', 'Daisy', '浙江省', '温州市', '龙湾区');
INSERT INTO `region` VALUES ('R104', '温shu芸', '广西壮族自治区', '南宁市', '上林县');
INSERT INTO `region` VALUES ('R105', 'A0--西美丽♈', '黑龙江省', '哈尔滨市', '双城市');
INSERT INTO `region` VALUES ('R106', '谭雪', '山东省', '烟台市', '牟平区');
INSERT INTO `region` VALUES ('R107', '加油', '山东省', '烟台市', '牟平区');
INSERT INTO `region` VALUES ('R108', 'ʚ🐨ིྀɞ', '黑龙江省', '哈尔滨市', '道外区');
INSERT INTO `region` VALUES ('R109', '刘', '天津市', '天津市', '南开区');
INSERT INTO `region` VALUES ('R110', 'GYC🎀하 베이비', '辽宁省', '抚顺市', '顺城区');
INSERT INTO `region` VALUES ('R111', '小狼～', '天津市', '天津市', '北辰区');
INSERT INTO `region` VALUES ('R112', '昨儿', '黑龙江省', '哈尔滨市', '香坊区');
INSERT INTO `region` VALUES ('R113', 'Rebecca💦', '上海市', '上海市', '闵行区');
INSERT INTO `region` VALUES ('R114', '叮铃铃🐀   💨', '广西壮族自治区', '南宁市', '西乡塘区');
INSERT INTO `region` VALUES ('R115', '文心^^*(윤희)', '上海市', '上海市', '青浦区');
INSERT INTO `region` VALUES ('R116', 'A加加布鲁根', '河北省', '秦皇岛市', '昌黎县');
INSERT INTO `region` VALUES ('R117', '虎哥', '山东省', '烟台市', '牟平区');
INSERT INTO `region` VALUES ('R118', '阿蓝', '辽宁省', '鞍山市', '岫岩满族自治县');
INSERT INTO `region` VALUES ('R119', '伊本 微微', '山东省', '烟台市', '芝罘区');
INSERT INTO `region` VALUES ('R120', '로이맘德国🇩🇪PM', '山东省', '青岛市', '城阳区');
INSERT INTO `region` VALUES ('R121', '兰兰준호맘', '山东省', '青岛市', '即墨区');
INSERT INTO `region` VALUES ('R122', '素然🐴🐯🐶439', '天津市', '天津市', '南开区');
INSERT INTO `region` VALUES ('R123', '小狼～', '天津市', '天津市', '南开区');
INSERT INTO `region` VALUES ('R124', '小花', '河北省', '石家庄市', '栾城区');
INSERT INTO `region` VALUES ('R125', 'jiawei', '内蒙古自治区', '赤峰市', '林西县');
INSERT INTO `region` VALUES ('R126', '好运来', '辽宁省', '鞍山市', '铁西区');
INSERT INTO `region` VALUES ('R127', '阿才才', '江苏省', '苏州市', '吴中区');
INSERT INTO `region` VALUES ('R128', '明日之King', '山东省', '烟台市', '牟平区');
INSERT INTO `region` VALUES ('R129', '索多', '辽宁省', '沈阳市', '皇姑区');
INSERT INTO `region` VALUES ('R130', '奔跑的犀牛', '广东省', '广州市', '番禺区');
INSERT INTO `region` VALUES ('R131', '言覃木南木南', '黑龙江省', '哈尔滨市', '平房区');
INSERT INTO `region` VALUES ('R132', '冀晔', '辽宁省', '沈阳市', '浑南区');
INSERT INTO `region` VALUES ('R133', '小小小赵🤍', '黑龙江省', '黑河市', '嫩江市');
INSERT INTO `region` VALUES ('R134', '镇艳', '上海市', '上海市', '黄浦区');
INSERT INTO `region` VALUES ('R135', '镇艳', '辽宁省', '沈阳市', '浑南区');
INSERT INTO `region` VALUES ('R136', '*。Ю媛※■', '辽宁省', '本溪市', '溪湖区');
INSERT INTO `region` VALUES ('R137', 'beoChen', '天津市', '天津市', '河西区');
INSERT INTO `region` VALUES ('R138', '🍭米迦勒_004603', '黑龙江省', '齐齐哈尔市', '铁锋区');
INSERT INTO `region` VALUES ('R139', '大草莓', '吉林省', '四平市', '铁西区');
INSERT INTO `region` VALUES ('R140', '颢颢', '北京市', '北京市', '东城区');
INSERT INTO `region` VALUES ('R141', '芃芃麻麻', '吉林省', '长春市', '绿园区');
INSERT INTO `region` VALUES ('R142', '金谨商贸', '辽宁省', '抚顺市', '东洲区');
INSERT INTO `region` VALUES ('R143', 'River ᐝ', '辽宁省', '鞍山市', '铁东区');
INSERT INTO `region` VALUES ('R144', 'D·JiaoJiao🧸ྀི', '辽宁省', '鞍山市', '铁东区');
INSERT INTO `region` VALUES ('R145', '谢紫棋cindy', '北京市', '北京市', '西城区');
INSERT INTO `region` VALUES ('R146', 'Paopao', '福建省', '厦门市', '湖里区');
INSERT INTO `region` VALUES ('R147', '金子', '辽宁省', '鞍山市', '铁东区');
INSERT INTO `region` VALUES ('R148', '华', '吉林省', '长春市', '朝阳区');
INSERT INTO `region` VALUES ('R149', '선화', '山东省', '青岛市', '城阳区');
INSERT INTO `region` VALUES ('R150', 'nana', '山东省', '滨州市', '滨城区');
INSERT INTO `region` VALUES ('R151', '🔅蓝宝石', '山东省', '烟台市', '莱州市');
INSERT INTO `region` VALUES ('R152', '小承韩国童装工厂直销(韩国内衣）', '黑龙江省', '牡丹江市', '东宁市');
INSERT INTO `region` VALUES ('R153', 'huan', '辽宁省', '大连市', '金州区');
INSERT INTO `region` VALUES ('R154', '叮铃铃🐀   💨', '广西壮族自治区', '南宁市', '江南区');
INSERT INTO `region` VALUES ('R155', '别的小菇凉💃💃', '广西壮族自治区', '南宁市', '青秀区');
INSERT INTO `region` VALUES ('R156', '白凤', '浙江省', '杭州市', '拱墅区');
INSERT INTO `region` VALUES ('R157', '王皓淼', '辽宁省', '鞍山市', '千山区');
INSERT INTO `region` VALUES ('R158', '张磊', '天津市', '天津市', '河东区');
INSERT INTO `region` VALUES ('R159', '罗', '河南省', '驻马店市', '驿城区');
INSERT INTO `region` VALUES ('R160', 'Cary ෆ⃛ ོ    ོ', '河北省', '廊坊市', '燕郊经济技术开发区');
INSERT INTO `region` VALUES ('R161', '顶楼泡菜之家（张太峰）', '辽宁省', '沈阳市', '和平区');
INSERT INTO `region` VALUES ('R162', '鱼糕大叔', '辽宁省', '沈阳市', '和平区');
INSERT INTO `region` VALUES ('R163', 'L55', '山东省', '烟台市', '牟平区');
INSERT INTO `region` VALUES ('R164', '小螺号', '辽宁省', '盘锦市', '兴隆台区');
INSERT INTO `region` VALUES ('R165', '养乐多(薪雅)', '吉林省', '延边朝鲜族自治州', '敦化市');
INSERT INTO `region` VALUES ('R166', '玟佑妈妈（韩国直邮韩妆，奶粉）', '河南省', '省直辖县级行政区划', '济源市');
INSERT INTO `region` VALUES ('R167', '贾', '内蒙古自治区', '呼伦贝尔市', '海拉尔区');
INSERT INTO `region` VALUES ('R168', '吉吉兔', '河北省', '秦皇岛市', '海港区');
INSERT INTO `region` VALUES ('R169', '不加班还是喜相逢', '河北省', '秦皇岛市', '北戴河区');
INSERT INTO `region` VALUES ('R170', '123', '山东省', '烟台市', '莱山区');
INSERT INTO `region` VALUES ('R171', 'Miyeong', '辽宁省', '抚顺市', '顺城区');
INSERT INTO `region` VALUES ('R172', 'oil', '湖南省', '长沙市', '岳麓区');
INSERT INTO `region` VALUES ('R173', '顶楼泡菜之家（张太峰）', '山东省', '青岛市', '即墨区');
INSERT INTO `region` VALUES ('R174', 'wl', '辽宁省', '沈阳市', '苏家屯区');
INSERT INTO `region` VALUES ('R175', '甜与苦', '辽宁省', '沈阳市', '和平区');
INSERT INTO `region` VALUES ('R176', 'huan', '', '', '');

SET FOREIGN_KEY_CHECKS = 1;
