/*
 Navicat Premium Data Transfer

 Source Server         : mysql_shop
 Source Server Type    : MySQL
 Source Server Version : 80037
 Source Host           : localhost:3306
 Source Schema         : shop_db

 Target Server Type    : MySQL
 Target Server Version : 80037
 File Encoding         : 65001

 Date: 16/07/2025 09:58:04
*/

SET NAMES utf8mb4;
SET FOREIGN_KEY_CHECKS = 0;

-- ----------------------------
-- Table structure for category
-- ----------------------------
DROP TABLE IF EXISTS `category`;
CREATE TABLE `category`  (
  `CategoryID` char(36) CHARACTER SET utf8mb4 COLLATE utf8mb4_0900_ai_ci NOT NULL,
  `Category1` varchar(36) CHARACTER SET utf8mb4 COLLATE utf8mb4_0900_ai_ci NOT NULL,
  `Category2` varchar(36) CHARACTER SET utf8mb4 COLLATE utf8mb4_0900_ai_ci NULL DEFAULT NULL,
  `Category3` varchar(36) CHARACTER SET utf8mb4 COLLATE utf8mb4_0900_ai_ci NULL DEFAULT NULL,
  PRIMARY KEY (`CategoryID`) USING BTREE
) ENGINE = InnoDB CHARACTER SET = utf8mb4 COLLATE = utf8mb4_0900_ai_ci ROW_FORMAT = Dynamic;

-- ----------------------------
-- Records of category
-- ----------------------------
INSERT INTO `category` VALUES ('C001', '食品', '特色拌菜', '');
INSERT INTO `category` VALUES ('C002', '食品', '韩式泡菜', '');
INSERT INTO `category` VALUES ('C003', '食品', '酱类', '');
INSERT INTO `category` VALUES ('C004', '食品', '饮品', '');
INSERT INTO `category` VALUES ('C005', '食品', '主食', '');

-- ----------------------------
-- Table structure for customer
-- ----------------------------
DROP TABLE IF EXISTS `customer`;
CREATE TABLE `customer`  (
  `Customer_ID` char(36) CHARACTER SET utf8mb4 COLLATE utf8mb4_0900_ai_ci NOT NULL,
  `Name` varchar(100) CHARACTER SET utf8mb4 COLLATE utf8mb4_0900_ai_ci NULL DEFAULT NULL,
  `Phone` char(15) CHARACTER SET utf8mb4 COLLATE utf8mb4_0900_ai_ci NULL DEFAULT NULL,
  `IsMember` varchar(10) CHARACTER SET utf8mb4 COLLATE utf8mb4_0900_ai_ci NULL DEFAULT NULL,
  `MemberLevel` char(36) CHARACTER SET utf8mb4 COLLATE utf8mb4_0900_ai_ci NULL DEFAULT NULL,
  `Tags` varchar(255) CHARACTER SET utf8mb4 COLLATE utf8mb4_0900_ai_ci NULL DEFAULT NULL,
  `Remark` varchar(255) CHARACTER SET utf8mb4 COLLATE utf8mb4_0900_ai_ci NULL DEFAULT NULL,
  `order_count` int NULL DEFAULT NULL,
  PRIMARY KEY (`Customer_ID`) USING BTREE
) ENGINE = InnoDB CHARACTER SET = utf8mb4 COLLATE = utf8mb4_0900_ai_ci ROW_FORMAT = Dynamic;

-- ----------------------------
-- Records of customer
-- ----------------------------
INSERT INTO `customer` VALUES ('-.-', NULL, '	18065989032', '否', NULL, NULL, NULL, 1);
INSERT INTO `customer` VALUES ('*。Ю媛※■', NULL, '139****4341', '否', NULL, NULL, NULL, 1);
INSERT INTO `customer` VALUES ('♚Wang.*≈', NULL, NULL, '否', NULL, NULL, NULL, 1);
INSERT INTO `customer` VALUES ('✨リン', NULL, '	15802466228', '否', NULL, NULL, NULL, 1);
INSERT INTO `customer` VALUES ('🌟Z.sN_', NULL, NULL, '否', NULL, NULL, NULL, 1);
INSERT INTO `customer` VALUES ('🌸🐒', NULL, NULL, '否', NULL, NULL, NULL, 2);
INSERT INTO `customer` VALUES ('🍇Mandy🍇', NULL, '	15184179966', '否', NULL, NULL, NULL, 1);
INSERT INTO `customer` VALUES ('🍑桃喜🍑', NULL, '	13942590837', '否', NULL, NULL, NULL, 1);
INSERT INTO `customer` VALUES ('🍭米迦勒_004603', NULL, '	18296446555', '否', NULL, NULL, NULL, 1);
INSERT INTO `customer` VALUES ('💕尚好佳💕', NULL, '159****3230', '否', NULL, NULL, NULL, 1);
INSERT INTO `customer` VALUES ('💫飞天小仙女🎀', NULL, NULL, '否', NULL, NULL, NULL, 3);
INSERT INTO `customer` VALUES ('🔅蓝宝石', '宝石蓝', '	18300536367', '否', NULL, NULL, NULL, 1);
INSERT INTO `customer` VALUES ('1', NULL, '	13844242067', '否', NULL, NULL, NULL, 1);
INSERT INTO `customer` VALUES ('123', NULL, '	15853542798', '否', NULL, NULL, NULL, 1);
INSERT INTO `customer` VALUES ('1983', NULL, '	13591109020', '否', NULL, NULL, NULL, 1);
INSERT INTO `customer` VALUES ('A0--西美丽♈', NULL, '	13644585872', '否', NULL, NULL, NULL, 1);
INSERT INTO `customer` VALUES ('A00000 霍鑫   15311903822', NULL, '	19201140233', '否', NULL, NULL, NULL, 1);
INSERT INTO `customer` VALUES ('aaa', NULL, NULL, '否', NULL, NULL, NULL, 0);
INSERT INTO `customer` VALUES ('A人保张楠', NULL, '	13941757015', '否', NULL, NULL, NULL, 1);
INSERT INTO `customer` VALUES ('A加加布鲁根', NULL, NULL, '否', NULL, NULL, NULL, 1);
INSERT INTO `customer` VALUES ('A蚂蚱', NULL, NULL, '否', NULL, NULL, NULL, 1);
INSERT INTO `customer` VALUES ('B55S7', NULL, '	18641969620', '否', NULL, NULL, NULL, 1);
INSERT INTO `customer` VALUES ('beoChen', NULL, '186****3393', '否', NULL, NULL, NULL, 1);
INSERT INTO `customer` VALUES ('Bowen', NULL, '	13910180123', '否', NULL, NULL, NULL, 2);
INSERT INTO `customer` VALUES ('Cary ෆ⃛ ོ    ོ', 'Cary ෆ⃛ ོ    ོ', '	18601226212', '否', NULL, NULL, NULL, 1);
INSERT INTO `customer` VALUES ('D·JiaoJiao🧸ྀི', NULL, '	18341207777', '否', NULL, NULL, NULL, 1);
INSERT INTO `customer` VALUES ('Daisy', NULL, '	13029682368', '否', NULL, NULL, NULL, 1);
INSERT INTO `customer` VALUES ('Daisy.', NULL, NULL, '否', NULL, NULL, NULL, 1);
INSERT INTO `customer` VALUES ('Emma', NULL, '	15040614602', '否', NULL, NULL, NULL, 1);
INSERT INTO `customer` VALUES ('ʚ🐨ིྀɞ', NULL, '	15946009316', '否', NULL, NULL, NULL, 1);
INSERT INTO `customer` VALUES ('ʚ阿喂ɞ', NULL, '	15018723864', '否', NULL, NULL, NULL, 1);
INSERT INTO `customer` VALUES ('GYC🎀하 베이비', NULL, '	15898336072', '否', NULL, NULL, NULL, 1);
INSERT INTO `customer` VALUES ('huan', '赵哲焕', '	18640884010', '是', '2_3', NULL, NULL, 4);
INSERT INTO `customer` VALUES ('Jiang', NULL, '	18301076578', '否', NULL, NULL, NULL, 1);
INSERT INTO `customer` VALUES ('jiawei', NULL, '	15247140973', '否', NULL, NULL, NULL, 1);
INSERT INTO `customer` VALUES ('Jonathon', NULL, '	18170032101', '否', NULL, NULL, NULL, 1);
INSERT INTO `customer` VALUES ('Karris LS', NULL, '	18688902581', '否', NULL, NULL, NULL, 1);
INSERT INTO `customer` VALUES ('Kelly', NULL, '	13704111074', '否', NULL, NULL, NULL, 1);
INSERT INTO `customer` VALUES ('Kobe', NULL, '	15692166697', '否', NULL, NULL, NULL, 1);
INSERT INTO `customer` VALUES ('L55', '李京', '	15165778725', '是', '2_3', NULL, NULL, 1);
INSERT INTO `customer` VALUES ('Miyeong', 'Miyeong', '	18904236733', '否', NULL, NULL, NULL, 1);
INSERT INTO `customer` VALUES ('Mo茉', NULL, '	18626540001', '否', NULL, NULL, NULL, 1);
INSERT INTO `customer` VALUES ('nana', NULL, '185****8218', '否', NULL, NULL, NULL, 1);
INSERT INTO `customer` VALUES ('NE.fifi💋', NULL, '	18809883371', '否', NULL, NULL, NULL, 1);
INSERT INTO `customer` VALUES ('Neo', NULL, '	18615632375', '否', NULL, NULL, NULL, 1);
INSERT INTO `customer` VALUES ('NN', NULL, '	18853505048', '否', NULL, NULL, NULL, 1);
INSERT INTO `customer` VALUES ('oil', NULL, '	13190319309', '否', NULL, NULL, NULL, 1);
INSERT INTO `customer` VALUES ('O耶', NULL, '177****2223', '否', NULL, NULL, NULL, 1);
INSERT INTO `customer` VALUES ('Paopao', NULL, '	13015955137', '否', NULL, NULL, NULL, 1);
INSERT INTO `customer` VALUES ('Q', NULL, '	18105226858', '否', NULL, NULL, NULL, 1);
INSERT INTO `customer` VALUES ('Rebecca💦', NULL, '	18602150806', '否', NULL, NULL, NULL, 1);
INSERT INTO `customer` VALUES ('River ᐝ', NULL, '	18642222555', '否', NULL, NULL, NULL, 1);
INSERT INTO `customer` VALUES ('ShufeiZHENG', NULL, NULL, '否', NULL, NULL, NULL, 1);
INSERT INTO `customer` VALUES ('Ss。', NULL, '	13635211135', '否', NULL, NULL, NULL, 1);
INSERT INTO `customer` VALUES ('TONGYAO', NULL, NULL, '否', NULL, NULL, '	2份小萝卜，3份黄瓜泡菜', 1);
INSERT INTO `customer` VALUES ('treasure', NULL, '	18733321865', '否', NULL, NULL, NULL, 1);
INSERT INTO `customer` VALUES ('wl', NULL, '	18204010632', '否', NULL, NULL, NULL, 2);
INSERT INTO `customer` VALUES ('Xue元H', NULL, '	13243033702', '否', NULL, NULL, NULL, 1);
INSERT INTO `customer` VALUES ('Z🌷＾小栋', NULL, '	17709875911', '否', NULL, NULL, NULL, 1);
INSERT INTO `customer` VALUES ('Zjc', NULL, '	18629408693', '否', NULL, NULL, NULL, 1);
INSERT INTO `customer` VALUES ('닥터 김', NULL, '	15940126986', '否', NULL, NULL, NULL, 1);
INSERT INTO `customer` VALUES ('로이맘德国🇩🇪PM', NULL, '	18562698611', '否', NULL, NULL, NULL, 3);
INSERT INTO `customer` VALUES ('선화', NULL, '	15954237654', '否', NULL, NULL, NULL, 0);
INSERT INTO `customer` VALUES ('진베베花(童装）', '李爱花', '	18766597766', '否', '2_3', NULL, NULL, 1);
INSERT INTO `customer` VALUES ('不加班还是喜相逢', NULL, NULL, '否', NULL, NULL, NULL, 1);
INSERT INTO `customer` VALUES ('于喆', NULL, '	18201667162', '否', NULL, NULL, NULL, 1);
INSERT INTO `customer` VALUES ('伊本 微微', NULL, '	13365456541', '否', NULL, NULL, NULL, 1);
INSERT INTO `customer` VALUES ('侯珊珊-邮储前所古城支行', NULL, '	18042937896', '否', NULL, NULL, NULL, 1);
INSERT INTO `customer` VALUES ('六月', NULL, '	15031553363', '否', NULL, NULL, NULL, 1);
INSERT INTO `customer` VALUES ('兰兰준호맘', NULL, '	15589862610', '否', NULL, NULL, NULL, 3);
INSERT INTO `customer` VALUES ('养乐多(薪雅)', NULL, '	13019235593', '否', NULL, NULL, NULL, 1);
INSERT INTO `customer` VALUES ('冀晔', NULL, '	13940399915', '否', NULL, NULL, NULL, 1);
INSERT INTO `customer` VALUES ('冉冉妈', NULL, '	13840976433', '否', NULL, NULL, '	别太甜', 1);
INSERT INTO `customer` VALUES ('刘', NULL, '	18309865810', '否', NULL, NULL, NULL, 1);
INSERT INTO `customer` VALUES ('刘慧慧啊🌴', NULL, '	18241079264', '否', NULL, NULL, NULL, 1);
INSERT INTO `customer` VALUES ('别的小菇凉💃💃', NULL, '	13609821481', '否', NULL, NULL, NULL, 1);
INSERT INTO `customer` VALUES ('加油', NULL, '	18660531595', '否', NULL, NULL, NULL, 1);
INSERT INTO `customer` VALUES ('努力努力再努力@续', NULL, '	18618247138', '否', NULL, NULL, NULL, 1);
INSERT INTO `customer` VALUES ('十五', '十五', '	17695980310', '否', NULL, NULL, NULL, 1);
INSERT INTO `customer` VALUES ('华', NULL, '155****9126', '否', NULL, NULL, NULL, 1);
INSERT INTO `customer` VALUES ('叫·、我💓小草莓yu', NULL, '	13602180326', '否', NULL, NULL, NULL, 1);
INSERT INTO `customer` VALUES ('叮铃铃🐀   💨', NULL, '	15578899277', '否', NULL, NULL, NULL, 1);
INSERT INTO `customer` VALUES ('吉吉兔', NULL, '	18033510289', '否', NULL, NULL, NULL, 1);
INSERT INTO `customer` VALUES ('吉吉国王', NULL, '	17642053205', '否', NULL, NULL, NULL, 1);
INSERT INTO `customer` VALUES ('吉文静', '吉文静', '	18610906328', '否', NULL, NULL, NULL, 1);
INSERT INTO `customer` VALUES ('君子兰', '君子兰', '	15928688778', '否', NULL, NULL, NULL, 1);
INSERT INTO `customer` VALUES ('周润发', NULL, '	15280017515', '否', NULL, NULL, NULL, 1);
INSERT INTO `customer` VALUES ('呱呱呱', '呱呱呱', '	15647248657', '否', NULL, NULL, NULL, 1);
INSERT INTO `customer` VALUES ('哈哈', NULL, NULL, '否', NULL, NULL, NULL, 1);
INSERT INTO `customer` VALUES ('唉呀妈呀（Q）', NULL, '	17743092412', '否', NULL, NULL, NULL, 2);
INSERT INTO `customer` VALUES ('喜洋洋', NULL, '	18004427666', '否', NULL, NULL, NULL, 1);
INSERT INTO `customer` VALUES ('嗅嗅😼', NULL, '	19932021461', '否', NULL, NULL, NULL, 1);
INSERT INTO `customer` VALUES ('嗯哼', '嗯哼', '	17733555149', '否', NULL, NULL, NULL, 2);
INSERT INTO `customer` VALUES ('圆溜溜', NULL, NULL, '否', NULL, NULL, NULL, 1);
INSERT INTO `customer` VALUES ('夏', NULL, '	13190450707', '否', NULL, NULL, NULL, 1);
INSERT INTO `customer` VALUES ('大亦金雕唐木德CarvedGold_', NULL, '	18240473427', '否', NULL, NULL, NULL, 1);
INSERT INTO `customer` VALUES ('大媛🍀', NULL, '	18892293264', '否', NULL, NULL, NULL, 1);
INSERT INTO `customer` VALUES ('大海', NULL, NULL, '否', NULL, NULL, NULL, 1);
INSERT INTO `customer` VALUES ('大草莓', NULL, '	15204440125', '否', NULL, NULL, NULL, 1);
INSERT INTO `customer` VALUES ('大萱', NULL, NULL, '否', NULL, NULL, NULL, 1);
INSERT INTO `customer` VALUES ('奔跑的犀牛', '慧连', '	17710479810', '否', NULL, NULL, NULL, 1);
INSERT INTO `customer` VALUES ('好运来', NULL, '	13940697181', '否', NULL, NULL, NULL, 1);
INSERT INTO `customer` VALUES ('娜', NULL, '	13591211227', '否', NULL, NULL, NULL, 2);
INSERT INTO `customer` VALUES ('娜，初心烘焙.私人定制15032312714', NULL, '	15032312714', '否', NULL, NULL, '	之前去店里买的好吃，回购，多放个冰袋路远谢谢啦', 1);
INSERT INTO `customer` VALUES ('孔雀', NULL, NULL, '否', NULL, NULL, NULL, 1);
INSERT INTO `customer` VALUES ('孟昕霖', NULL, '137****4521', '否', NULL, NULL, NULL, 2);
INSERT INTO `customer` VALUES ('小宇', NULL, '	13080700832', '否', NULL, NULL, NULL, 1);
INSERT INTO `customer` VALUES ('小小小赵🤍', NULL, '	15145617700', '否', NULL, NULL, NULL, 3);
INSERT INTO `customer` VALUES ('小承韩国童装工厂直销(韩国内衣）', NULL, '	18765423410', '否', NULL, NULL, NULL, 1);
INSERT INTO `customer` VALUES ('小狼～', '小狼～', '	15841397328', '否', '3_1', NULL, NULL, 2);
INSERT INTO `customer` VALUES ('小花', NULL, '150****1760', '否', NULL, NULL, NULL, 2);
INSERT INTO `customer` VALUES ('小螺号', NULL, '	13130923131', '否', NULL, NULL, NULL, 1);
INSERT INTO `customer` VALUES ('小金', NULL, '131****4054', '否', NULL, NULL, NULL, 1);
INSERT INTO `customer` VALUES ('崔凤日13752643160', NULL, '	13752643160', '否', NULL, NULL, NULL, 1);
INSERT INTO `customer` VALUES ('平淡生活', NULL, '	13842842079', '否', NULL, NULL, NULL, 1);
INSERT INTO `customer` VALUES ('年年', '方也', '	18032669777', '否', '3_1', NULL, NULL, 2);
INSERT INTO `customer` VALUES ('张三', NULL, '	15822968331', '否', NULL, NULL, NULL, 1);
INSERT INTO `customer` VALUES ('张博', NULL, '	18341079626', '否', NULL, NULL, NULL, 1);
INSERT INTO `customer` VALUES ('张小花', NULL, NULL, '否', NULL, NULL, NULL, 1);
INSERT INTO `customer` VALUES ('张璐', NULL, '	15145982526', '否', NULL, NULL, NULL, 1);
INSERT INTO `customer` VALUES ('张磊', '张磊', '	18611144821', '否', NULL, NULL, NULL, 1);
INSERT INTO `customer` VALUES ('彬彬', '彬彬', '	13541137682', '否', NULL, NULL, NULL, 1);
INSERT INTO `customer` VALUES ('思密达', NULL, '	18340636668', '否', NULL, NULL, NULL, 1);
INSERT INTO `customer` VALUES ('我是你的阿拉平', NULL, '	15942755557', '否', NULL, NULL, NULL, 1);
INSERT INTO `customer` VALUES ('文小文', NULL, '	15566919755', '否', NULL, NULL, NULL, 1);
INSERT INTO `customer` VALUES ('文心^^*(윤희)', NULL, '	13564375253', '否', NULL, NULL, NULL, 1);
INSERT INTO `customer` VALUES ('旋紫', NULL, '	13464295575', '否', NULL, NULL, NULL, 1);
INSERT INTO `customer` VALUES ('明日之King', NULL, '	15725503311', '否', NULL, NULL, NULL, 2);
INSERT INTO `customer` VALUES ('昨儿', NULL, '	15545563786', '否', NULL, NULL, NULL, 1);
INSERT INTO `customer` VALUES ('晶晶美甲美睫(香烟批发）', NULL, '	18231402093', '否', NULL, NULL, NULL, 1);
INSERT INTO `customer` VALUES ('李涵嵋', NULL, NULL, '否', NULL, NULL, NULL, 1);
INSERT INTO `customer` VALUES ('李碧霞', NULL, '	13940765277', '否', NULL, NULL, NULL, 1);
INSERT INTO `customer` VALUES ('杨咩咩', NULL, NULL, '否', NULL, NULL, NULL, 0);
INSERT INTO `customer` VALUES ('杨帆', NULL, '	13796609699', '否', NULL, NULL, NULL, 1);
INSERT INTO `customer` VALUES ('杨旸', NULL, '	13578926556', '否', NULL, NULL, NULL, 2);
INSERT INTO `customer` VALUES ('没人点西班牙拿铁', NULL, '	15632111627', '否', NULL, NULL, NULL, 1);
INSERT INTO `customer` VALUES ('温shu芸', NULL, '137****8131', '否', NULL, NULL, NULL, 1);
INSERT INTO `customer` VALUES ('温小温', NULL, '	13811488816', '否', NULL, NULL, NULL, 1);
INSERT INTO `customer` VALUES ('王皓淼', '王皓淼', '	15124133777', '否', NULL, NULL, NULL, 1);
INSERT INTO `customer` VALUES ('玟佑妈妈（韩国直邮韩妆，奶粉）', '玟佑妈妈（韩国直邮韩妆，奶粉）', '	18839016561', '否', NULL, NULL, NULL, 2);
INSERT INTO `customer` VALUES ('琥珀', NULL, '	18826050597', '否', NULL, NULL, NULL, 1);
INSERT INTO `customer` VALUES ('甜与苦', NULL, '	18624021542', '否', NULL, NULL, NULL, 0);
INSERT INTO `customer` VALUES ('白凤', NULL, '	15158060854', '否', NULL, NULL, NULL, 1);
INSERT INTO `customer` VALUES ('米菲和贝利', NULL, '	13889425882', '否', NULL, NULL, NULL, 1);
INSERT INTO `customer` VALUES ('素然🐴🐯🐶439', NULL, '	13820832221', '否', NULL, NULL, NULL, 1);
INSERT INTO `customer` VALUES ('索多', '刘呈阳', '	18610996189', '是', '3_2', NULL, NULL, 3);
INSERT INTO `customer` VALUES ('罗', NULL, '	15836690090', '否', NULL, NULL, NULL, 1);
INSERT INTO `customer` VALUES ('良辰', NULL, '	15640146096', '否', NULL, NULL, '	麻烦您发件人写-李挺13804181542', 1);
INSERT INTO `customer` VALUES ('芃芃麻麻', '芃芃麻麻', '	18166882179', '否', NULL, NULL, NULL, 1);
INSERT INTO `customer` VALUES ('芝士小丸子', NULL, '	15801633404', '否', NULL, NULL, NULL, 0);
INSERT INTO `customer` VALUES ('花开不败', '花开不败', '	13810396450', '否', NULL, NULL, NULL, 1);
INSERT INTO `customer` VALUES ('若冰', NULL, '	15844718006', '否', NULL, NULL, NULL, 1);
INSERT INTO `customer` VALUES ('苦咖啡💕', NULL, NULL, '否', NULL, NULL, NULL, 1);
INSERT INTO `customer` VALUES ('英子', NULL, '	18604127796', '否', NULL, NULL, NULL, 1);
INSERT INTO `customer` VALUES ('萍', NULL, '	15841059635', '否', NULL, NULL, NULL, 1);
INSERT INTO `customer` VALUES ('萝溪.', NULL, '	15374713791', '否', NULL, NULL, NULL, 0);
INSERT INTO `customer` VALUES ('蕾', NULL, NULL, '否', NULL, NULL, NULL, 1);
INSERT INTO `customer` VALUES ('虎哥', NULL, NULL, '否', NULL, NULL, NULL, 2);
INSERT INTO `customer` VALUES ('言覃木南木南', NULL, '159****3836', '否', NULL, NULL, NULL, 1);
INSERT INTO `customer` VALUES ('说什么呢？', NULL, '176****7735', '否', NULL, NULL, NULL, 1);
INSERT INTO `customer` VALUES ('谢紫棋cindy', NULL, '	13681038987', '否', NULL, NULL, NULL, 1);
INSERT INTO `customer` VALUES ('谭雪', NULL, '	15552207199', '否', NULL, NULL, NULL, 1);
INSERT INTO `customer` VALUES ('贾', '贾', '	18647370006', '否', NULL, NULL, NULL, 1);
INSERT INTO `customer` VALUES ('赵哲彬', '赵哲彬', '	13252825666', '是', '2_3', NULL, NULL, 0);
INSERT INTO `customer` VALUES ('遥远', NULL, NULL, '否', NULL, NULL, NULL, 0);
INSERT INTO `customer` VALUES ('金子', NULL, '	15140866989', '否', NULL, NULL, NULL, 1);
INSERT INTO `customer` VALUES ('金谨商贸', NULL, '	18241308881', '否', NULL, NULL, NULL, 1);
INSERT INTO `customer` VALUES ('镇艳', '崔镇艳', '	15840367782', '否', '3_1', NULL, NULL, 1);
INSERT INTO `customer` VALUES ('阳洋', NULL, '	18618145976', '否', NULL, NULL, NULL, 1);
INSERT INTO `customer` VALUES ('阿才才', NULL, '	18343571230', '否', NULL, NULL, NULL, 1);
INSERT INTO `customer` VALUES ('阿淼仔。', NULL, '	15804398556', '否', NULL, NULL, NULL, 1);
INSERT INTO `customer` VALUES ('阿蓝', NULL, '	13238996222', '否', NULL, NULL, NULL, 2);
INSERT INTO `customer` VALUES ('陈欣', NULL, '	18009874433', '否', NULL, NULL, NULL, 1);
INSERT INTO `customer` VALUES ('雪儿', NULL, '	13840897655', '否', NULL, NULL, NULL, 1);
INSERT INTO `customer` VALUES ('青草香', NULL, NULL, '否', NULL, NULL, NULL, 1);
INSERT INTO `customer` VALUES ('顶楼泡菜之家（张太峰）', '张太峰', '	13840051524', '否', '2_3', NULL, NULL, 2);
INSERT INTO `customer` VALUES ('顾佳妮', NULL, '	13910716876', '否', NULL, NULL, NULL, 1);
INSERT INTO `customer` VALUES ('颢颢', '陈颢', '	13701100698', '否', NULL, NULL, NULL, 1);
INSERT INTO `customer` VALUES ('鱼糕大叔', NULL, '	18809827132', '否', NULL, NULL, NULL, 0);
INSERT INTO `customer` VALUES ('黎刚', NULL, '	13570955622', '否', NULL, NULL, NULL, 1);
INSERT INTO `customer` VALUES ('黑崎一护', NULL, '	13702104977', '否', NULL, NULL, NULL, 1);

-- ----------------------------
-- Table structure for order_item
-- ----------------------------
DROP TABLE IF EXISTS `order_item`;
CREATE TABLE `order_item`  (
  `OrderItemID` char(36) CHARACTER SET utf8mb4 COLLATE utf8mb4_0900_ai_ci NOT NULL,
  `OrderID` char(36) CHARACTER SET utf8mb4 COLLATE utf8mb4_0900_ai_ci NULL DEFAULT NULL,
  `ProdSpecID` char(36) CHARACTER SET utf8mb4 COLLATE utf8mb4_0900_ai_ci NULL DEFAULT NULL,
  `Quantity` int NOT NULL,
  PRIMARY KEY (`OrderItemID`) USING BTREE,
  INDEX `FK_Relationship_2`(`OrderID` ASC) USING BTREE,
  INDEX `FK_Relationship_6`(`ProdSpecID` ASC) USING BTREE,
  CONSTRAINT `FK_Relationship_2` FOREIGN KEY (`OrderID`) REFERENCES `orders` (`OrderID`) ON DELETE RESTRICT ON UPDATE RESTRICT,
  CONSTRAINT `FK_Relationship_6` FOREIGN KEY (`ProdSpecID`) REFERENCES `product_spec` (`ProdSpecID`) ON DELETE RESTRICT ON UPDATE RESTRICT
) ENGINE = InnoDB CHARACTER SET = utf8mb4 COLLATE = utf8mb4_0900_ai_ci ROW_FORMAT = Dynamic;

-- ----------------------------
-- Records of order_item
-- ----------------------------
INSERT INTO `order_item` VALUES ('OI00001', 'E20250712164451094106219', '25867390434', 1);
INSERT INTO `order_item` VALUES ('OI00002', 'E20250712164451094106219', NULL, 1);
INSERT INTO `order_item` VALUES ('OI00003', 'E20250710231959040600105', NULL, 2);
INSERT INTO `order_item` VALUES ('OI00004', 'E20250710231959040600105', '25886585341', 8);
INSERT INTO `order_item` VALUES ('OI00005', 'E20250710165207089706205', '25867390434', 2);
INSERT INTO `order_item` VALUES ('OI00006', 'E20250710165207089706205', '14878629220', 3);
INSERT INTO `order_item` VALUES ('OI00007', 'E20250710164527077300001', NULL, 1);
INSERT INTO `order_item` VALUES ('OI00008', 'E20250710164527077300001', '25886585341', 2);
INSERT INTO `order_item` VALUES ('OI00009', 'E20250709170106035006149', '25867390433', 3);
INSERT INTO `order_item` VALUES ('OI00010', 'E20250709164914028300019', '14878629221', 1);
INSERT INTO `order_item` VALUES ('OI00011', 'E20250709164914028300019', '25887076865', 1);
INSERT INTO `order_item` VALUES ('OI00012', 'E20250709164914028300019', '25867390433', 2);
INSERT INTO `order_item` VALUES ('OI00013', 'E20250709140850038800029', '25886585341', 6);
INSERT INTO `order_item` VALUES ('OI00014', 'E20250709140850038800029', '25886585340', 2);
INSERT INTO `order_item` VALUES ('OI00015', 'E20250708214453095506213', NULL, 1);
INSERT INTO `order_item` VALUES ('OI00016', 'E20250708184925035006183', '25867390433', 3);
INSERT INTO `order_item` VALUES ('OI00017', 'E20250708154927008600007', NULL, 1);
INSERT INTO `order_item` VALUES ('OI00018', 'E20250708154927008600007', '14878629220', 1);
INSERT INTO `order_item` VALUES ('OI00019', 'E20250708150846075900009', NULL, 1);
INSERT INTO `order_item` VALUES ('OI00020', 'E20250708150801075906171', NULL, 2);
INSERT INTO `order_item` VALUES ('OI00021', 'E20250708150801075906171', '25867386930', 1);
INSERT INTO `order_item` VALUES ('OI00022', 'E20250708150754071306167', '25867390433', 1);
INSERT INTO `order_item` VALUES ('OI00023', 'E20250708144801064200043', '14878629222', 3);
INSERT INTO `order_item` VALUES ('OI00024', 'E20250708141752010606219', NULL, 4);
INSERT INTO `order_item` VALUES ('OI00025', 'E20250708093620040106167', '25886585341', 1);
INSERT INTO `order_item` VALUES ('OI00026', 'E20250708093620040106167', '25867386930', 1);
INSERT INTO `order_item` VALUES ('OI00027', 'E20250707155231011806195', '25867390434', 2);
INSERT INTO `order_item` VALUES ('OI00028', 'E20250707155231011806195', NULL, 1);
INSERT INTO `order_item` VALUES ('OI00029', 'E20250707155231011806195', '25886585341', 1);
INSERT INTO `order_item` VALUES ('OI00030', 'E20250707121121081806171', NULL, 1);
INSERT INTO `order_item` VALUES ('OI00031', 'E20250707121121081806171', '25886585341', 1);
INSERT INTO `order_item` VALUES ('OI00032', 'E20250707121121081806171', '14878629220', 1);
INSERT INTO `order_item` VALUES ('OI00033', 'E20250706205826020806187', NULL, 1);
INSERT INTO `order_item` VALUES ('OI00034', 'E20250706130450084500093', '14878629221', 2);
INSERT INTO `order_item` VALUES ('OI00035', 'E20250706130100084506181', '14878629221', 1);
INSERT INTO `order_item` VALUES ('OI00036', 'E20250705235456020900107', '14878629221', 3);
INSERT INTO `order_item` VALUES ('OI00037', 'E20250705235456020900107', '14878629222', 3);
INSERT INTO `order_item` VALUES ('OI00038', 'E20250705235456020900107', '25886585341', 4);
INSERT INTO `order_item` VALUES ('OI00039', 'E20250704125644052006189', '25886585341', 1);
INSERT INTO `order_item` VALUES ('OI00040', 'E20250704125644052006189', '14878629220', 1);
INSERT INTO `order_item` VALUES ('OI00041', 'E20250704125644052006189', '25887076864', 1);
INSERT INTO `order_item` VALUES ('OI00042', 'E20250704113154068006199', '25887076864', 2);
INSERT INTO `order_item` VALUES ('OI00043', 'E20250704113154068006199', '25887076865', 2);
INSERT INTO `order_item` VALUES ('OI00044', 'E20250704113154068006199', '25886585341', 2);
INSERT INTO `order_item` VALUES ('OI00045', 'E20250704113154068006199', '14878629222', 2);
INSERT INTO `order_item` VALUES ('OI00046', 'E20250703225848033400033', '25886585341', 1);
INSERT INTO `order_item` VALUES ('OI00047', 'E20250703214903052806209', '25867386933', 1);
INSERT INTO `order_item` VALUES ('OI00048', 'E20250703214903052806209', '25886585341', 1);
INSERT INTO `order_item` VALUES ('OI00049', 'E20250703214903052806209', '25887076865', 1);
INSERT INTO `order_item` VALUES ('OI00050', 'E20250703214903052806209', '25886585340', 1);
INSERT INTO `order_item` VALUES ('OI00051', 'E20250703214903052806209', '14878629222', 1);
INSERT INTO `order_item` VALUES ('OI00052', 'E20250703150604074606199', '14878629220', 1);
INSERT INTO `order_item` VALUES ('OI00053', 'E20250703150604074606199', '25867390434', 1);
INSERT INTO `order_item` VALUES ('OI00054', 'E20250703142231075500041', '14878629221', 1);
INSERT INTO `order_item` VALUES ('OI00055', 'E20250703142231075500041', '25867390434', 1);
INSERT INTO `order_item` VALUES ('OI00056', 'E20250703111007092706165', NULL, 1);
INSERT INTO `order_item` VALUES ('OI00057', 'E20250703111007092706165', '25886585341', 1);
INSERT INTO `order_item` VALUES ('OI00058', 'E20250703111007092706165', '25867390433', 1);
INSERT INTO `order_item` VALUES ('OI00059', 'E20250703101836070000029', '25867386933', 1);
INSERT INTO `order_item` VALUES ('OI00060', 'E20250703101836070000029', '25867386930', 1);
INSERT INTO `order_item` VALUES ('OI00061', 'E20250702185336056406147', '25867390433', 2);
INSERT INTO `order_item` VALUES ('OI00062', 'E20250702185336056406147', '14878629222', 2);
INSERT INTO `order_item` VALUES ('OI00063', 'E20250702173858090106223', '25867386930', 2);
INSERT INTO `order_item` VALUES ('OI00064', 'E20250702173858090106223', '14878629220', 1);
INSERT INTO `order_item` VALUES ('OI00065', 'E20250702173858090106223', '25886585341', 2);
INSERT INTO `order_item` VALUES ('OI00066', 'E20250702163118092700075', '14878629221', 1);
INSERT INTO `order_item` VALUES ('OI00067', 'E20250702150657029700087', '14878629220', 2);
INSERT INTO `order_item` VALUES ('OI00068', 'E20250702092147082200049', '25867386932', 2);
INSERT INTO `order_item` VALUES ('OI00069', 'E20250702092147082200049', '25867386933', 2);
INSERT INTO `order_item` VALUES ('OI00070', 'E20250701223350079606185', '14878629220', 2);
INSERT INTO `order_item` VALUES ('OI00071', 'E20250701222810072906149', NULL, 1);
INSERT INTO `order_item` VALUES ('OI00072', 'E20250701222810072906149', '14878629220', 1);
INSERT INTO `order_item` VALUES ('OI00073', 'E20250701222810072906149', '25886585341', 1);
INSERT INTO `order_item` VALUES ('OI00074', 'E20250701145241081100045', '14878629220', 1);
INSERT INTO `order_item` VALUES ('OI00075', 'E20250701145241081100045', '25886585341', 1);
INSERT INTO `order_item` VALUES ('OI00076', 'E20250701143116014700011', '25886585341', 2);
INSERT INTO `order_item` VALUES ('OI00077', 'E20250701141533059506217', '25867390433', 3);
INSERT INTO `order_item` VALUES ('OI00078', 'E20250701121623098100011', '25886585340', 1);
INSERT INTO `order_item` VALUES ('OI00079', 'E20250701121623098100011', '25886585341', 1);
INSERT INTO `order_item` VALUES ('OI00080', 'E20250701090501074506211', '25886585341', 1);
INSERT INTO `order_item` VALUES ('OI00081', 'E20250701090501074506211', '25886585340', 1);
INSERT INTO `order_item` VALUES ('OI00082', 'E20250701090122074500011', '25886585341', 1);
INSERT INTO `order_item` VALUES ('OI00083', 'E20250630201004009506239', '25886585340', 1);
INSERT INTO `order_item` VALUES ('OI00084', 'E20250630191903097100097', '25887076865', 2);
INSERT INTO `order_item` VALUES ('OI00085', 'E20250630191903097100097', '25867390433', 1);
INSERT INTO `order_item` VALUES ('OI00086', 'E20250630190053036206163', '25867390433', 1);
INSERT INTO `order_item` VALUES ('OI00087', 'E20250630190053036206163', '25886585341', 1);
INSERT INTO `order_item` VALUES ('OI00088', 'E20250630185131010406205', '25867386933', 1);
INSERT INTO `order_item` VALUES ('OI00089', 'E20250630185131010406205', '25867390433', 1);
INSERT INTO `order_item` VALUES ('OI00090', 'E20250630185131010406205', '25886585341', 2);
INSERT INTO `order_item` VALUES ('OI00091', 'E20250630171319081900033', '25867390433', 1);
INSERT INTO `order_item` VALUES ('OI00092', 'E20250630171319081900033', '14878629220', 2);
INSERT INTO `order_item` VALUES ('OI00093', 'E20250630170540081900033', '25867390433', 1);
INSERT INTO `order_item` VALUES ('OI00094', 'E20250630170540081900033', '14878629220', 2);
INSERT INTO `order_item` VALUES ('OI00095', 'E20250630170540081900033', '14878629221', 1);
INSERT INTO `order_item` VALUES ('OI00096', 'E20250630165538027700061', '25886585341', 2);
INSERT INTO `order_item` VALUES ('OI00097', 'E20250630165538027700061', '14878629221', 1);
INSERT INTO `order_item` VALUES ('OI00098', 'E20250630161541016706169', '14878629220', 1);
INSERT INTO `order_item` VALUES ('OI00099', 'E20250630161541016706169', '14878629221', 1);
INSERT INTO `order_item` VALUES ('OI00100', 'E20250630161541016706169', '25886585341', 1);
INSERT INTO `order_item` VALUES ('OI00101', 'E20250630145006077700013', '25887076864', 1);
INSERT INTO `order_item` VALUES ('OI00102', 'E20250630145006077700013', '14878629220', 1);
INSERT INTO `order_item` VALUES ('OI00103', 'E20250630145006077700013', '14878629221', 1);
INSERT INTO `order_item` VALUES ('OI00104', 'E20250630145006077700013', '25886585341', 1);
INSERT INTO `order_item` VALUES ('OI00105', 'E20250630143117086900063', '25887076865', 1);
INSERT INTO `order_item` VALUES ('OI00106', 'E20250630143117086900063', '14878629221', 1);
INSERT INTO `order_item` VALUES ('OI00107', 'E20250630142751011000075', '25886585341', 3);
INSERT INTO `order_item` VALUES ('OI00108', 'E20250630141608035606201', '25886585341', 1);
INSERT INTO `order_item` VALUES ('OI00109', 'E20250630141608035606201', '14878629220', 1);
INSERT INTO `order_item` VALUES ('OI00110', 'E20250630135133017300053', '25886585340', 1);
INSERT INTO `order_item` VALUES ('OI00111', 'E20250630135133017300053', '14878629220', 2);
INSERT INTO `order_item` VALUES ('OI00112', 'E20250630124203093706183', '25887076865', 1);
INSERT INTO `order_item` VALUES ('OI00113', 'E20250630124203093706183', '14878629221', 1);
INSERT INTO `order_item` VALUES ('OI00114', 'E20250630124203093706183', '25867390433', 1);
INSERT INTO `order_item` VALUES ('OI00115', 'E20250630124203093706183', '25886585341', 1);
INSERT INTO `order_item` VALUES ('OI00116', 'E20250630115352040500019', '25887076865', 2);
INSERT INTO `order_item` VALUES ('OI00117', 'E20250630115352040500019', NULL, 2);
INSERT INTO `order_item` VALUES ('OI00118', 'E20250630115352040500019', NULL, 2);
INSERT INTO `order_item` VALUES ('OI00119', 'E20250630115223024806183', '25867390433', 1);
INSERT INTO `order_item` VALUES ('OI00120', 'E20250630115223024806183', '14878629221', 1);
INSERT INTO `order_item` VALUES ('OI00121', 'E20250630115223024806183', '25886585341', 1);
INSERT INTO `order_item` VALUES ('OI00122', 'E20250630115209008206153', NULL, 2);
INSERT INTO `order_item` VALUES ('OI00123', 'E20250630115209008206153', NULL, 2);
INSERT INTO `order_item` VALUES ('OI00124', 'E20250630114024003706161', '25867390434', 1);
INSERT INTO `order_item` VALUES ('OI00125', 'E20250630114024003706161', '25886585341', 1);
INSERT INTO `order_item` VALUES ('OI00126', 'E20250630114024003706161', '14878629221', 1);
INSERT INTO `order_item` VALUES ('OI00127', 'E20250630105328041406189', '25886585341', 3);
INSERT INTO `order_item` VALUES ('OI00128', 'E20250630105328041406189', '25887076865', 1);
INSERT INTO `order_item` VALUES ('OI00129', 'E20250630105328041406189', '14878629221', 1);
INSERT INTO `order_item` VALUES ('OI00130', 'E20250630104013087200031', '25887076865', 1);
INSERT INTO `order_item` VALUES ('OI00131', 'E20250630104013087200031', '25867390433', 2);
INSERT INTO `order_item` VALUES ('OI00132', 'E20250630103755012706211', '25887076865', 1);
INSERT INTO `order_item` VALUES ('OI00133', 'E20250630103755012706211', '25867390434', 1);
INSERT INTO `order_item` VALUES ('OI00134', 'E20250630100658059300019', '14878629221', 2);
INSERT INTO `order_item` VALUES ('OI00135', 'E20250630100658059300019', '14878629222', 2);
INSERT INTO `order_item` VALUES ('OI00136', 'E20250630095722018600013', '14878629220', 1);
INSERT INTO `order_item` VALUES ('OI00137', 'E20250630095722018600013', '25867390433', 1);
INSERT INTO `order_item` VALUES ('OI00138', 'E20250630095514071600005', '25867390434', 1);
INSERT INTO `order_item` VALUES ('OI00139', 'E20250630095514071600005', '14878629221', 1);
INSERT INTO `order_item` VALUES ('OI00140', 'E20250630094833007206183', '25886585340', 3);
INSERT INTO `order_item` VALUES ('OI00141', 'E20250630094749007806149', '25887076865', 1);
INSERT INTO `order_item` VALUES ('OI00142', 'E20250630093054007206205', '25886585340', 1);
INSERT INTO `order_item` VALUES ('OI00143', 'E20250630093054007206205', '25886585341', 1);
INSERT INTO `order_item` VALUES ('OI00144', 'E20250630085507030800021', '25867390434', 2);
INSERT INTO `order_item` VALUES ('OI00145', 'E20250630085507030800021', '14878629222', 1);
INSERT INTO `order_item` VALUES ('OI00146', 'E20250630085507030800021', '25886585341', 2);
INSERT INTO `order_item` VALUES ('OI00147', 'E20250630084919030800069', NULL, 2);
INSERT INTO `order_item` VALUES ('OI00148', 'E20250630084919030800069', NULL, 2);
INSERT INTO `order_item` VALUES ('OI00149', 'E20250630083056009900063', '14878629221', 3);
INSERT INTO `order_item` VALUES ('OI00150', 'E20250630083056009900063', '14878629222', 2);
INSERT INTO `order_item` VALUES ('OI00151', 'E20250630082950009706177', '25867386929', 1);
INSERT INTO `order_item` VALUES ('OI00152', 'E20250630082950009706177', '14878629221', 1);
INSERT INTO `order_item` VALUES ('OI00153', 'E20250630082950009706177', '14878629222', 1);
INSERT INTO `order_item` VALUES ('OI00154', 'E20250630072403052600001', '25886585341', 2);
INSERT INTO `order_item` VALUES ('OI00155', 'E20250630072403052600001', '25887076865', 1);
INSERT INTO `order_item` VALUES ('OI00156', 'E20250630072403052600001', '14878629222', 1);
INSERT INTO `order_item` VALUES ('OI00157', 'E20250630071213011206195', '25887076864', 2);
INSERT INTO `order_item` VALUES ('OI00158', 'E20250630071213011206195', '25886585341', 2);
INSERT INTO `order_item` VALUES ('OI00159', 'E20250630014514062700045', NULL, 2);
INSERT INTO `order_item` VALUES ('OI00160', 'E20250630014514062700045', NULL, 2);
INSERT INTO `order_item` VALUES ('OI00161', 'E20250629234203082300067', '25867390433', 3);
INSERT INTO `order_item` VALUES ('OI00162', 'E20250629234203082300067', '25886585341', 1);
INSERT INTO `order_item` VALUES ('OI00163', 'E20250629233345057400015', '25867390434', 1);
INSERT INTO `order_item` VALUES ('OI00164', 'E20250629233345057400015', '25887076865', 1);
INSERT INTO `order_item` VALUES ('OI00165', 'E20250629233345057400015', '25887076864', 1);
INSERT INTO `order_item` VALUES ('OI00166', 'E20250629233345057400015', '14878629221', 1);
INSERT INTO `order_item` VALUES ('OI00167', 'E20250629233345057400015', '14878629222', 1);
INSERT INTO `order_item` VALUES ('OI00168', 'E20250629224533074100011', '14878629221', 1);
INSERT INTO `order_item` VALUES ('OI00169', 'E20250629224533074100011', '14878629222', 1);
INSERT INTO `order_item` VALUES ('OI00170', 'E20250629223859072800021', '25886585341', 3);
INSERT INTO `order_item` VALUES ('OI00171', 'E20250629223129072806213', '25867386933', 1);
INSERT INTO `order_item` VALUES ('OI00172', 'E20250629221746004906155', '14878629222', 1);
INSERT INTO `order_item` VALUES ('OI00173', 'E20250629221746004906155', '25886585341', 4);
INSERT INTO `order_item` VALUES ('OI00174', 'E20250629215030056406153', NULL, 4);
INSERT INTO `order_item` VALUES ('OI00175', 'E20250629215030056406153', NULL, 4);
INSERT INTO `order_item` VALUES ('OI00176', 'E20250629215030056406153', '25887076864', 3);
INSERT INTO `order_item` VALUES ('OI00177', 'E20250629214625052506205', '25886585341', 1);
INSERT INTO `order_item` VALUES ('OI00178', 'E20250629214625052506205', '14878629221', 1);
INSERT INTO `order_item` VALUES ('OI00179', 'E20250629214400090606199', '14878629221', 1);
INSERT INTO `order_item` VALUES ('OI00180', 'E20250629214400090606199', '25887076865', 1);
INSERT INTO `order_item` VALUES ('OI00181', 'E20250629214400090606199', '25886585341', 1);
INSERT INTO `order_item` VALUES ('OI00182', 'E20250629214359089306177', '14878629220', 2);
INSERT INTO `order_item` VALUES ('OI00183', 'E20250629213947041400009', '25886585341', 6);
INSERT INTO `order_item` VALUES ('OI00184', 'E20250629212345051306159', '25867390433', 1);
INSERT INTO `order_item` VALUES ('OI00185', 'E20250629212345051306159', '25867390434', 1);
INSERT INTO `order_item` VALUES ('OI00186', 'E20250629211753028900059', '25867386930', 1);
INSERT INTO `order_item` VALUES ('OI00187', 'E20250629211753028900059', NULL, 2);
INSERT INTO `order_item` VALUES ('OI00188', 'E20250629211753028900059', NULL, 2);
INSERT INTO `order_item` VALUES ('OI00189', 'E20250629204835033900033', '25867390433', 1);
INSERT INTO `order_item` VALUES ('OI00190', 'E20250629204835033900033', '25886585340', 1);
INSERT INTO `order_item` VALUES ('OI00191', 'E20250629204835033900033', '25886585341', 1);
INSERT INTO `order_item` VALUES ('OI00192', 'E20250629204008099706193', NULL, 2);
INSERT INTO `order_item` VALUES ('OI00193', 'E20250629204008099706193', NULL, 2);
INSERT INTO `order_item` VALUES ('OI00194', 'E20250629203951054706155', NULL, 2);
INSERT INTO `order_item` VALUES ('OI00195', 'E20250629203951054706155', NULL, 2);
INSERT INTO `order_item` VALUES ('OI00196', 'E20250629200116065400043', '25886585340', 1);
INSERT INTO `order_item` VALUES ('OI00197', 'E20250629200116065400043', '25886585341', 2);
INSERT INTO `order_item` VALUES ('OI00198', 'E20250629195111030606197', '25887076864', 1);
INSERT INTO `order_item` VALUES ('OI00199', 'E20250629195111030606197', NULL, 2);
INSERT INTO `order_item` VALUES ('OI00200', 'E20250629195111030606197', NULL, 2);
INSERT INTO `order_item` VALUES ('OI00201', 'E20250629194651045906185', '25867386931', 1);
INSERT INTO `order_item` VALUES ('OI00202', 'E20250629194651045906185', '25867386933', 1);
INSERT INTO `order_item` VALUES ('OI00203', 'E20250629194651045906185', '14878629221', 1);
INSERT INTO `order_item` VALUES ('OI00204', 'E20250629194651045906185', '14878629222', 1);
INSERT INTO `order_item` VALUES ('OI00205', 'E20250629194651045906185', '25887076864', 2);
INSERT INTO `order_item` VALUES ('OI00206', 'E20250629193431053500067', '14878629221', 1);
INSERT INTO `order_item` VALUES ('OI00207', 'E20250629193431053500067', '25867390433', 1);
INSERT INTO `order_item` VALUES ('OI00208', 'E20250629193431053500067', '25887076865', 1);
INSERT INTO `order_item` VALUES ('OI00209', 'E20250629193140031606185', NULL, 2);
INSERT INTO `order_item` VALUES ('OI00210', 'E20250629193140031606185', NULL, 2);
INSERT INTO `order_item` VALUES ('OI00211', 'E20250629193140031606185', '25886585341', 1);
INSERT INTO `order_item` VALUES ('OI00212', 'E20250629192838039700035', '25886585340', 1);
INSERT INTO `order_item` VALUES ('OI00213', 'E20250629192838039700035', '25867390434', 1);
INSERT INTO `order_item` VALUES ('OI00214', 'E20250629192439014600061', '25867386929', 1);
INSERT INTO `order_item` VALUES ('OI00215', 'E20250629192439014600061', '25867386930', 1);
INSERT INTO `order_item` VALUES ('OI00216', 'E20250629192439014600061', '25886585340', 1);
INSERT INTO `order_item` VALUES ('OI00217', 'E20250629192439014600061', '25887076865', 1);
INSERT INTO `order_item` VALUES ('OI00218', 'E20250629191343071506161', '14878629220', 1);
INSERT INTO `order_item` VALUES ('OI00219', 'E20250629191343071506161', '25867390434', 1);
INSERT INTO `order_item` VALUES ('OI00220', 'E20250629191343071506161', '25887076865', 1);
INSERT INTO `order_item` VALUES ('OI00221', 'E20250629191343071506161', '25886585341', 1);
INSERT INTO `order_item` VALUES ('OI00222', 'E20250629191258098800053', '25867390434', 2);
INSERT INTO `order_item` VALUES ('OI00223', 'E20250629191258098800053', '25886585341', 1);
INSERT INTO `order_item` VALUES ('OI00224', 'E20250629190804043706229', '14878629222', 1);
INSERT INTO `order_item` VALUES ('OI00225', 'E20250629190804043706229', '14878629220', 2);
INSERT INTO `order_item` VALUES ('OI00226', 'E20250629190755038706181', NULL, 2);
INSERT INTO `order_item` VALUES ('OI00227', 'E20250629190755038706181', NULL, 2);
INSERT INTO `order_item` VALUES ('OI00228', 'E20250629185828101700059', '25886585341', 1);
INSERT INTO `order_item` VALUES ('OI00229', 'E20250629185828101700059', '14878629221', 1);
INSERT INTO `order_item` VALUES ('OI00230', 'E20250629185614022306173', '14878629222', 1);
INSERT INTO `order_item` VALUES ('OI00231', 'E20250629185614022306173', '25886585340', 1);
INSERT INTO `order_item` VALUES ('OI00232', 'E20250629184940083306153', '14878629220', 1);
INSERT INTO `order_item` VALUES ('OI00233', 'E20250629183350090100049', '25886585340', 1);
INSERT INTO `order_item` VALUES ('OI00234', 'E20250629183350090100049', '14878629220', 1);
INSERT INTO `order_item` VALUES ('OI00235', 'E20250629182900064706163', '25867390433', 1);
INSERT INTO `order_item` VALUES ('OI00236', 'E20250629182827078900015', NULL, 2);
INSERT INTO `order_item` VALUES ('OI00237', 'E20250629182827078900015', NULL, 2);
INSERT INTO `order_item` VALUES ('OI00238', 'E20250629182827078900015', '25886585340', 1);
INSERT INTO `order_item` VALUES ('OI00239', 'E20250629182607088306187', '14878629220', 3);
INSERT INTO `order_item` VALUES ('OI00240', 'E20250629182556077200001', '25886585340', 1);
INSERT INTO `order_item` VALUES ('OI00241', 'E20250629182556077200001', NULL, 2);
INSERT INTO `order_item` VALUES ('OI00242', 'E20250629182556077200001', NULL, 2);
INSERT INTO `order_item` VALUES ('OI00243', 'E20250629182359101406173', '14878629220', 2);
INSERT INTO `order_item` VALUES ('OI00244', 'E20250629181456097400017', NULL, 2);
INSERT INTO `order_item` VALUES ('OI00245', 'E20250629181456097400017', NULL, 2);
INSERT INTO `order_item` VALUES ('OI00246', 'E20250629181454053900077', '14878629222', 2);
INSERT INTO `order_item` VALUES ('OI00247', 'E20250629175256097806147', '14878629220', 1);
INSERT INTO `order_item` VALUES ('OI00248', 'E20250629175256097806147', '25886585340', 1);
INSERT INTO `order_item` VALUES ('OI00249', 'E20250629175256097806147', '25887076865', 1);
INSERT INTO `order_item` VALUES ('OI00250', 'E20250629172019038806189', '25886585341', 3);
INSERT INTO `order_item` VALUES ('OI00251', 'E20250629172019038806189', '14878629221', 2);
INSERT INTO `order_item` VALUES ('OI00252', 'E20250629170448006006153', '14878629222', 1);
INSERT INTO `order_item` VALUES ('OI00253', 'E20250629170448006006153', NULL, 2);
INSERT INTO `order_item` VALUES ('OI00254', 'E20250629170448006006153', NULL, 2);
INSERT INTO `order_item` VALUES ('OI00255', 'E20250629165739029706203', '14878629220', 1);
INSERT INTO `order_item` VALUES ('OI00256', 'E20250629165739029706203', '14878629221', 2);
INSERT INTO `order_item` VALUES ('OI00257', 'E20250629163628077806145', '14878629222', 1);
INSERT INTO `order_item` VALUES ('OI00258', 'E20250629163628077806145', '25867390433', 1);
INSERT INTO `order_item` VALUES ('OI00259', 'E20250629163628077806145', '25886585341', 2);
INSERT INTO `order_item` VALUES ('OI00260', 'E20250629161711016306157', '14878629220', 1);
INSERT INTO `order_item` VALUES ('OI00261', 'E20250629161711016306157', '25867390433', 1);
INSERT INTO `order_item` VALUES ('OI00262', 'E20250629160547017406185', '25867386930', 1);
INSERT INTO `order_item` VALUES ('OI00263', 'E20250629160547017406185', '25867390433', 1);
INSERT INTO `order_item` VALUES ('OI00264', 'E20250629160547017406185', '14878629221', 1);
INSERT INTO `order_item` VALUES ('OI00265', 'E20250629160547017406185', '25886585341', 1);
INSERT INTO `order_item` VALUES ('OI00266', 'E20250629154319020000053', '25887076865', 3);
INSERT INTO `order_item` VALUES ('OI00267', 'E20250629154319020000053', '25867390433', 2);
INSERT INTO `order_item` VALUES ('OI00268', 'E20250629153714052500027', '25867390433', 1);
INSERT INTO `order_item` VALUES ('OI00269', 'E20250629153411034206171', '25887076865', 1);
INSERT INTO `order_item` VALUES ('OI00270', 'E20250629153411034206171', '25867390433', 1);
INSERT INTO `order_item` VALUES ('OI00271', 'E20250629153207083106211', '25887076864', 1);
INSERT INTO `order_item` VALUES ('OI00272', 'E20250629153207083106211', '25867390433', 2);
INSERT INTO `order_item` VALUES ('OI00273', 'E20250629153039064106209', '14878629221', 3);
INSERT INTO `order_item` VALUES ('OI00274', 'E20250629152845006106209', '25887076864', 1);
INSERT INTO `order_item` VALUES ('OI00275', 'E20250629152845006106209', '14878629220', 1);
INSERT INTO `order_item` VALUES ('OI00276', 'E20250629152505016000057', '14878629220', 1);
INSERT INTO `order_item` VALUES ('OI00277', 'E20250629152222053706209', '14878629221', 1);
INSERT INTO `order_item` VALUES ('OI00278', 'E20250629152222053706209', '25867390433', 1);
INSERT INTO `order_item` VALUES ('OI00279', 'E20250629152109064100045', NULL, 2);
INSERT INTO `order_item` VALUES ('OI00280', 'E20250629152109064100045', NULL, 2);
INSERT INTO `order_item` VALUES ('OI00281', 'E20250629152059015006171', '14878629220', 1);
INSERT INTO `order_item` VALUES ('OI00282', 'E20250629152059015006171', '25886585341', 3);
INSERT INTO `order_item` VALUES ('OI00283', 'E20250629151805004200045', '14878629222', 1);
INSERT INTO `order_item` VALUES ('OI00284', 'E20250629150601024006159', '14878629221', 1);
INSERT INTO `order_item` VALUES ('OI00285', 'E20250629150601024006159', '25867390433', 1);
INSERT INTO `order_item` VALUES ('OI00286', 'E20250629104349012206197', '14878629221', 1);
INSERT INTO `order_item` VALUES ('OI00287', 'E20250629104349012206197', '25867390433', 1);
INSERT INTO `order_item` VALUES ('OI00288', 'E20250629101514056706203', '14878629221', 1);
INSERT INTO `order_item` VALUES ('OI00289', 'E20250629101514056706203', '25887076864', 1);
INSERT INTO `order_item` VALUES ('OI00290', 'E20250629101514056706203', '25886585341', 1);
INSERT INTO `order_item` VALUES ('OI00291', 'E20250629094301085106177', '25886585341', 1);
INSERT INTO `order_item` VALUES ('OI00292', 'E20250629094301085106177', '25886585340', 1);
INSERT INTO `order_item` VALUES ('OI00293', 'E20250629094301085106177', NULL, 2);
INSERT INTO `order_item` VALUES ('OI00294', 'E20250629094301085106177', NULL, 2);
INSERT INTO `order_item` VALUES ('OI00295', 'E20250628190852026006215', '14878629221', 1);
INSERT INTO `order_item` VALUES ('OI00296', 'E20250628190852026006215', '14878629220', 1);
INSERT INTO `order_item` VALUES ('OI00297', 'E20250628190852026006215', '25886585341', 1);
INSERT INTO `order_item` VALUES ('OI00298', 'E20250628181626038400013', '25867390434', 11);
INSERT INTO `order_item` VALUES ('OI00299', 'E20250628181115070000021', '25867386933', 1);
INSERT INTO `order_item` VALUES ('OI00300', 'E20250628181115070000021', '25867386930', 1);
INSERT INTO `order_item` VALUES ('OI00301', 'E20250628181115070000021', '25867390434', 14);
INSERT INTO `order_item` VALUES ('OI00302', 'E20250628181115070000021', '14878629222', 2);
INSERT INTO `order_item` VALUES ('OI00303', 'E20250628175759056100039', '14878629220', 2);
INSERT INTO `order_item` VALUES ('OI00304', 'E20250628175759056100039', '25886585341', 1);
INSERT INTO `order_item` VALUES ('OI00305', 'E20250628161134074606165', NULL, 2);
INSERT INTO `order_item` VALUES ('OI00306', 'E20250628161134074606165', NULL, 2);
INSERT INTO `order_item` VALUES ('OI00307', 'E20250628150730048906183', '25886585340', 1);
INSERT INTO `order_item` VALUES ('OI00308', 'E20250628144312056000013', NULL, 2);
INSERT INTO `order_item` VALUES ('OI00309', 'E20250628144312056000013', NULL, 2);
INSERT INTO `order_item` VALUES ('OI00310', 'E20250628130749097300059', '25886585341', 4);
INSERT INTO `order_item` VALUES ('OI00311', 'E20250628130457097300077', '25886585340', 2);
INSERT INTO `order_item` VALUES ('OI00312', 'E20250628130457097300077', '25886585341', 5);
INSERT INTO `order_item` VALUES ('OI00313', 'E20250628130457097300077', '14878629222', 3);
INSERT INTO `order_item` VALUES ('OI00314', 'E20250628130457097300077', NULL, 2);
INSERT INTO `order_item` VALUES ('OI00315', 'E20250628130457097300077', NULL, 2);
INSERT INTO `order_item` VALUES ('OI00316', 'E20250627215029015006189', '14878629222', 4);
INSERT INTO `order_item` VALUES ('OI00317', 'E20250627215029015006189', '14878629221', 4);
INSERT INTO `order_item` VALUES ('OI00318', 'E20250627175044087506147', '25867386932', 2);
INSERT INTO `order_item` VALUES ('OI00319', 'E20250627141825041906191', '25887076865', 2);
INSERT INTO `order_item` VALUES ('OI00320', 'E20250627125334014800037', '14878629220', 1);
INSERT INTO `order_item` VALUES ('OI00321', 'E20250627125136055906253', '14878629222', 1);
INSERT INTO `order_item` VALUES ('OI00322', 'E20250627125136055906253', '25867386933', 1);
INSERT INTO `order_item` VALUES ('OI00323', 'E20250627103902011306169', '25867390434', 5);
INSERT INTO `order_item` VALUES ('OI00324', 'E20250627103902011306169', '25886585340', 3);
INSERT INTO `order_item` VALUES ('OI00325', 'E20250627103902011306169', '25886585341', 2);
INSERT INTO `order_item` VALUES ('OI00326', 'E20250627103902011306169', '14878629220', 5);
INSERT INTO `order_item` VALUES ('OI00327', 'E20250626172259070006215', '25867390434', 11);
INSERT INTO `order_item` VALUES ('OI00328', 'E20250626002959065306149', '14878629221', 3);
INSERT INTO `order_item` VALUES ('OI00329', 'E20250625230842074706165', '25886585341', 1);
INSERT INTO `order_item` VALUES ('OI00330', 'E20250625230842074706165', '14878629222', 1);
INSERT INTO `order_item` VALUES ('OI00331', 'E20250625230842074706165', '14878629221', 2);
INSERT INTO `order_item` VALUES ('OI00332', 'E20250625230842074706165', '14878629220', 2);
INSERT INTO `order_item` VALUES ('OI00333', 'E20250625182051045300079', '14878629221', 1);
INSERT INTO `order_item` VALUES ('OI00334', 'E20250625182051045300079', '14878629222', 1);
INSERT INTO `order_item` VALUES ('OI00335', 'E20250625182051045300079', '25887076865', 1);
INSERT INTO `order_item` VALUES ('OI00336', 'E20250625131803052000035', '14878629220', 1);
INSERT INTO `order_item` VALUES ('OI00337', 'E20250623210407083000077', '14878629221', 1);
INSERT INTO `order_item` VALUES ('OI00338', 'E20250623091834067106149', '25887076864', 1);
INSERT INTO `order_item` VALUES ('OI00339', 'E20250623091834067106149', '25867390434', 1);
INSERT INTO `order_item` VALUES ('OI00340', 'E20250623091834067106149', '14878629221', 1);
INSERT INTO `order_item` VALUES ('OI00341', 'E20250622075420017300059', '14878629220', 1);
INSERT INTO `order_item` VALUES ('OI00342', 'E20250621153430040106169', '14878629222', 1);
INSERT INTO `order_item` VALUES ('OI00343', 'E20250620134504019106163', '25886585341', 1);
INSERT INTO `order_item` VALUES ('OI00344', 'E20250620134504019106163', '25867390434', 1);
INSERT INTO `order_item` VALUES ('OI00345', 'E20250620134504019106163', '25867386930', 1);
INSERT INTO `order_item` VALUES ('OI00346', 'E20250620134504019106163', '25867386929', 1);
INSERT INTO `order_item` VALUES ('OI00347', 'E20250620103206017300017', '14878629220', 2);
INSERT INTO `order_item` VALUES ('OI00348', 'E20250619194143067000073', '25886585341', 1);
INSERT INTO `order_item` VALUES ('OI00349', 'E20250619194143067000073', '25867390434', 1);
INSERT INTO `order_item` VALUES ('OI00350', 'E20250619154656100006241', '14878629220', 1);
INSERT INTO `order_item` VALUES ('OI00351', 'E20250619154656100006241', '25867390433', 1);
INSERT INTO `order_item` VALUES ('OI00352', 'E20250618130008039300001', '14878629220', 2);
INSERT INTO `order_item` VALUES ('OI00353', 'E20250617212708029506167', '14878629220', 1);
INSERT INTO `order_item` VALUES ('OI00354', 'E20250617212708029506167', '25867390433', 4);
INSERT INTO `order_item` VALUES ('OI00355', 'E20250617125651017300091', '25867390434', 2);
INSERT INTO `order_item` VALUES ('OI00356', 'E20250617125651017300091', '14878629222', 5);
INSERT INTO `order_item` VALUES ('OI00357', 'E20250616153940016706163', '25867386929', 1);
INSERT INTO `order_item` VALUES ('OI00358', 'E20250616153940016706163', '25867386931', 1);
INSERT INTO `order_item` VALUES ('OI00359', 'E20250616153940016706163', '25867386933', 4);
INSERT INTO `order_item` VALUES ('OI00360', 'E20250614202124037006159', '25867390433', 1);
INSERT INTO `order_item` VALUES ('OI00361', 'E20250614202124037006159', '14878629220', 1);
INSERT INTO `order_item` VALUES ('OI00362', 'E20250613163419050206185', '14878629222', 15);
INSERT INTO `order_item` VALUES ('OI00363', 'E20250612181128015006193', '14878629222', 2);
INSERT INTO `order_item` VALUES ('OI00364', 'E20250612105141031906191', '25887076864', 1);
INSERT INTO `order_item` VALUES ('OI00365', 'E20250612105141031906191', '25886585340', 1);
INSERT INTO `order_item` VALUES ('OI00366', 'E20250612105141031906191', '25886585341', 1);
INSERT INTO `order_item` VALUES ('OI00367', 'E20250612104729071106179', '14878629220', 1);
INSERT INTO `order_item` VALUES ('OI00368', 'E20250612104729071106179', '25886585340', 2);
INSERT INTO `order_item` VALUES ('OI00369', 'E20250612104729071106179', '25886585341', 1);
INSERT INTO `order_item` VALUES ('OI00370', 'E20250612095301042506195', '25886585340', 1);
INSERT INTO `order_item` VALUES ('OI00371', 'E20250612095301042506195', '25886585341', 2);
INSERT INTO `order_item` VALUES ('OI00372', 'E20250612094843079500051', '25886585341', 2);
INSERT INTO `order_item` VALUES ('OI00373', 'E20250612094843079500051', '25886585340', 1);
INSERT INTO `order_item` VALUES ('OI00374', 'E20250612094819040606169', '25886585341', 4);
INSERT INTO `order_item` VALUES ('OI00375', 'E20250612093418048900015', '25867390434', 1);
INSERT INTO `order_item` VALUES ('OI00376', 'E20250612093418048900015', '25886585341', 1);
INSERT INTO `order_item` VALUES ('OI00377', 'E20250612093418048900015', '25886585340', 1);
INSERT INTO `order_item` VALUES ('OI00378', 'E20250612062542014800001', '14878629220', 1);
INSERT INTO `order_item` VALUES ('OI00379', 'E20250612062542014800001', '25887076864', 1);
INSERT INTO `order_item` VALUES ('OI00380', 'E20250611220152001500047', '25886585341', 1);
INSERT INTO `order_item` VALUES ('OI00381', 'E20250611220152001500047', '25887076864', 1);
INSERT INTO `order_item` VALUES ('OI00382', 'E20250610151711077100073', '14878629222', 3);
INSERT INTO `order_item` VALUES ('OI00383', 'E20250610151711077100073', '25886585341', 3);
INSERT INTO `order_item` VALUES ('OI00384', 'E20250609122446017000069', '14878629222', 1);
INSERT INTO `order_item` VALUES ('OI00385', 'E20250609122446017000069', '25886585341', 1);
INSERT INTO `order_item` VALUES ('OI00386', 'E20250609111708092706215', '25886585340', 1);
INSERT INTO `order_item` VALUES ('OI00387', 'E20250608200044010406199', '25887076864', 1);
INSERT INTO `order_item` VALUES ('OI00388', 'E20250608200044010406199', '25886585341', 1);
INSERT INTO `order_item` VALUES ('OI00389', 'E20250608200044010406199', '14878629220', 1);
INSERT INTO `order_item` VALUES ('OI00390', 'E20250608170928050906173', '25867390433', 1);
INSERT INTO `order_item` VALUES ('OI00391', 'E20250608170928050906173', '25887076864', 1);
INSERT INTO `order_item` VALUES ('OI00392', 'E20250608114610052006175', '25867390433', 1);
INSERT INTO `order_item` VALUES ('OI00393', 'E20250608114610052006175', '25886585341', 1);
INSERT INTO `order_item` VALUES ('OI00394', 'E20250607212522093200035', '25886585340', 1);
INSERT INTO `order_item` VALUES ('OI00395', 'E20250607212423093200025', '25886585341', 1);
INSERT INTO `order_item` VALUES ('OI00396', 'E20250607212047040100041', '25886585341', 1);
INSERT INTO `order_item` VALUES ('OI00397', 'E20250607210235058506165', '25886585341', 1);
INSERT INTO `order_item` VALUES ('OI00398', 'E20250607152253045506203', '14878629222', 1);
INSERT INTO `order_item` VALUES ('OI00399', 'E20250607152253045506203', '25867386931', 1);
INSERT INTO `order_item` VALUES ('OI00400', 'E20250607094618024900027', '25887076864', 2);
INSERT INTO `order_item` VALUES ('OI00401', 'E20250607094618024900027', '25867390434', 2);
INSERT INTO `order_item` VALUES ('OI00402', 'E20250606200243048506199', '25867390433', 4);
INSERT INTO `order_item` VALUES ('OI00403', 'E20250606170104014800047', '14878629222', 1);
INSERT INTO `order_item` VALUES ('OI00404', 'E20250606170104014800047', '25886585340', 1);
INSERT INTO `order_item` VALUES ('OI00405', 'E20250606164618067300039', '25867386929', 1);
INSERT INTO `order_item` VALUES ('OI00406', 'E20250606164618067300039', '25867386930', 1);
INSERT INTO `order_item` VALUES ('OI00407', 'E20250606163746067300031', '25886585341', 1);
INSERT INTO `order_item` VALUES ('OI00408', 'E20250606163746067300031', '25887076864', 1);
INSERT INTO `order_item` VALUES ('OI00409', 'E20250606163746067300031', '14878629222', 1);
INSERT INTO `order_item` VALUES ('OI00410', 'E20250606160826024400081', '14878629222', 1);
INSERT INTO `order_item` VALUES ('OI00411', 'E20250606154154017906183', '14878629220', 4);
INSERT INTO `order_item` VALUES ('OI00412', 'E20250606144314101906201', '25886585341', 2);
INSERT INTO `order_item` VALUES ('OI00413', 'E20250606143115042006161', '25886585341', 1);
INSERT INTO `order_item` VALUES ('OI00414', 'E20250606140410040606173', '25886585340', 2);
INSERT INTO `order_item` VALUES ('OI00415', 'E20250606140410040606173', '25886585341', 2);
INSERT INTO `order_item` VALUES ('OI00416', 'E20250606134315060600039', '25867390434', 1);
INSERT INTO `order_item` VALUES ('OI00417', 'E20250606132958060606219', '25867390434', 1);
INSERT INTO `order_item` VALUES ('OI00418', 'E20250606125738093206179', '25887076864', 1);
INSERT INTO `order_item` VALUES ('OI00419', 'E20250606123030040100019', '14878629222', 1);
INSERT INTO `order_item` VALUES ('OI00420', 'E20250606123030040100019', '25886585340', 1);
INSERT INTO `order_item` VALUES ('OI00421', 'E20250606122936071600031', '25886585341', 1);
INSERT INTO `order_item` VALUES ('OI00422', 'E20250606122502055906167', '14878629222', 1);
INSERT INTO `order_item` VALUES ('OI00423', 'E20250606121846096806151', '14878629220', 1);
INSERT INTO `order_item` VALUES ('OI00424', 'E20250606120133079500073', '25886585341', 1);
INSERT INTO `order_item` VALUES ('OI00425', 'E20250605212200083206197', '25886585341', 1);
INSERT INTO `order_item` VALUES ('OI00426', 'E20250605205730040600045', NULL, 1);
INSERT INTO `order_item` VALUES ('OI00427', 'E20250712164713085706151', '14870726314', 6);
INSERT INTO `order_item` VALUES ('OI00428', 'E20250712164451094106219', '14854828202', 1);
INSERT INTO `order_item` VALUES ('OI00429', 'E20250710231959040600105', '14854902338', 2);
INSERT INTO `order_item` VALUES ('OI00430', 'E20250710165207089706205', '25886992114', 2);
INSERT INTO `order_item` VALUES ('OI00431', 'E20250710164527077300001', '14854902338', 2);
INSERT INTO `order_item` VALUES ('OI00432', 'E20250710164527077300001', '14870726841', 2);
INSERT INTO `order_item` VALUES ('OI00433', 'E20250710105442013100043', '14854516310', 2);
INSERT INTO `order_item` VALUES ('OI00434', 'E20250710105442013100043', '14870726314', 8);
INSERT INTO `order_item` VALUES ('OI00435', 'E20250709164914028300019', '14854902338', 2);
INSERT INTO `order_item` VALUES ('OI00436', 'E20250709164914028300019', '14870726841', 1);
INSERT INTO `order_item` VALUES ('OI00437', 'E20250709164914028300019', '14853005111', 1);
INSERT INTO `order_item` VALUES ('OI00438', 'E20250709164914028300019', '14852940374', 2);
INSERT INTO `order_item` VALUES ('OI00439', 'E20250709164914028300019', '25855192432', 1);
INSERT INTO `order_item` VALUES ('OI00440', 'E20250709164914028300019', '25894985199', 1);
INSERT INTO `order_item` VALUES ('OI00441', 'E20250708170558012700049', '14870726314', 10);
INSERT INTO `order_item` VALUES ('OI00442', 'E20250708154927008600007', '25894985199', 2);
INSERT INTO `order_item` VALUES ('OI00443', 'E20250708154522063900029', '14870726314', 6);
INSERT INTO `order_item` VALUES ('OI00444', 'E20250708150801075906171', '14870726841', 1);
INSERT INTO `order_item` VALUES ('OI00445', 'E20250708144801064200043', '14870726841', 1);
INSERT INTO `order_item` VALUES ('OI00446', 'E20250708144801064200043', '14870726314', 1);
INSERT INTO `order_item` VALUES ('OI00447', 'E20250708141752010606219', '14852942070', 1);
INSERT INTO `order_item` VALUES ('OI00448', 'E20250708141752010606219', '14870726314', 5);
INSERT INTO `order_item` VALUES ('OI00449', 'E20250708093620040106167', '14870726841', 1);
INSERT INTO `order_item` VALUES ('OI00450', 'E20250707155231011806195', '14870726314', 5);
INSERT INTO `order_item` VALUES ('OI00451', 'E20250707155231011806195', '14854816961', 1);
INSERT INTO `order_item` VALUES ('OI00452', 'E20250707155231011806195', '25855192432', 1);
INSERT INTO `order_item` VALUES ('OI00453', 'E20250707155231011806195', '14854902338', 1);
INSERT INTO `order_item` VALUES ('OI00454', 'E20250707155231011806195', '14854516310', 1);
INSERT INTO `order_item` VALUES ('OI00455', 'E20250707121121081806171', '14854516310', 1);
INSERT INTO `order_item` VALUES ('OI00456', 'E20250706130450084500093', '25855192432', 1);
INSERT INTO `order_item` VALUES ('OI00457', 'E20250706130450084500093', '25886992114', 2);
INSERT INTO `order_item` VALUES ('OI00458', 'E20250706130450084500093', '14870726314', 6);
INSERT INTO `order_item` VALUES ('OI00459', 'E20250704160014061500005', '14870726314', 10);
INSERT INTO `order_item` VALUES ('OI00460', 'E20250704125644052006189', '14876018402', 1);
INSERT INTO `order_item` VALUES ('OI00461', 'E20250704125644052006189', '25894985199', 1);
INSERT INTO `order_item` VALUES ('OI00462', 'E20250704113154068006199', '25894985199', 2);
INSERT INTO `order_item` VALUES ('OI00463', 'E20250703214903052806209', '14854516310', 1);
INSERT INTO `order_item` VALUES ('OI00464', 'E20250703161532096800057', '14870726314', 2);
INSERT INTO `order_item` VALUES ('OI00465', 'E20250703153709012706171', '14870726314', 4);
INSERT INTO `order_item` VALUES ('OI00466', 'E20250703150604074606199', '14870726841', 1);
INSERT INTO `order_item` VALUES ('OI00467', 'E20250703150604074606199', '14870726314', 2);
INSERT INTO `order_item` VALUES ('OI00468', 'E20250703150604074606199', '25851093470', 1);
INSERT INTO `order_item` VALUES ('OI00469', 'E20250703150604074606199', '14854818699', 1);
INSERT INTO `order_item` VALUES ('OI00470', 'E20250703150604074606199', '25855192432', 1);
INSERT INTO `order_item` VALUES ('OI00471', 'E20250703142231075500041', '14853005111', 1);
INSERT INTO `order_item` VALUES ('OI00472', 'E20250703142231075500041', '14852940374', 1);
INSERT INTO `order_item` VALUES ('OI00473', 'E20250703142231075500041', '14854823784', 2);
INSERT INTO `order_item` VALUES ('OI00474', 'E20250703111007092706165', '14870726314', 2);
INSERT INTO `order_item` VALUES ('OI00475', 'E20250703111007092706165', '14854818699', 1);
INSERT INTO `order_item` VALUES ('OI00476', 'E20250703101836070000029', '14870726841', 1);
INSERT INTO `order_item` VALUES ('OI00477', 'E20250703101836070000029', '14854516310', 1);
INSERT INTO `order_item` VALUES ('OI00478', 'E20250703101836070000029', '14870726314', 2);
INSERT INTO `order_item` VALUES ('OI00479', 'E20250703090757013806241', '25855192432', 2);
INSERT INTO `order_item` VALUES ('OI00480', 'E20250703090757013806241', '14870726841', 2);
INSERT INTO `order_item` VALUES ('OI00481', 'E20250703085819013800085', '14852940374', 4);
INSERT INTO `order_item` VALUES ('OI00482', 'E20250702212010041706205', '14852940374', 5);
INSERT INTO `order_item` VALUES ('OI00483', 'E20250702212010041706205', '14853005111', 1);
INSERT INTO `order_item` VALUES ('OI00484', 'E20250702185336056406147', '25855192432', 4);
INSERT INTO `order_item` VALUES ('OI00485', 'E20250702185336056406147', '14870726314', 10);
INSERT INTO `order_item` VALUES ('OI00486', 'E20250702150657029700087', '14854516310', 1);
INSERT INTO `order_item` VALUES ('OI00487', 'E20250702150657029700087', '14853005111', 1);
INSERT INTO `order_item` VALUES ('OI00488', 'E20250702092147082200049', '25886992114', 2);
INSERT INTO `order_item` VALUES ('OI00489', 'E20250701143116014700011', '14876018402', 1);
INSERT INTO `order_item` VALUES ('OI00490', 'E20250701121623098100011', '14852942070', 1);
INSERT INTO `order_item` VALUES ('OI00491', 'E20250701090501074506211', '14852942070', 1);
INSERT INTO `order_item` VALUES ('OI00492', 'E20250630201004009506239', '14870726314', 9);
INSERT INTO `order_item` VALUES ('OI00493', 'E20250630191903097100097', '14870726314', 2);
INSERT INTO `order_item` VALUES ('OI00494', 'E20250630191903097100097', '14853005111', 2);
INSERT INTO `order_item` VALUES ('OI00495', 'E20250630190053036206163', '25855192432', 1);
INSERT INTO `order_item` VALUES ('OI00496', 'E20250630190053036206163', '14870726314', 2);
INSERT INTO `order_item` VALUES ('OI00497', 'E20250630190053036206163', '14853005111', 1);
INSERT INTO `order_item` VALUES ('OI00498', 'E20250630185131010406205', '14870726841', 2);
INSERT INTO `order_item` VALUES ('OI00499', 'E20250630185131010406205', '25855192432', 1);
INSERT INTO `order_item` VALUES ('OI00500', 'E20250630171319081900033', '14854816961', 1);
INSERT INTO `order_item` VALUES ('OI00501', 'E20250630171319081900033', '25851093470', 1);
INSERT INTO `order_item` VALUES ('OI00502', 'E20250630171319081900033', '14870726314', 1);
INSERT INTO `order_item` VALUES ('OI00503', 'E20250630170540081900033', '14870726314', 1);
INSERT INTO `order_item` VALUES ('OI00504', 'E20250630170540081900033', '25851093470', 2);
INSERT INTO `order_item` VALUES ('OI00505', 'E20250630165538027700061', '14854516310', 1);
INSERT INTO `order_item` VALUES ('OI00506', 'E20250630165538027700061', '14870726314', 2);
INSERT INTO `order_item` VALUES ('OI00507', 'E20250630161541016706169', '14854516310', 1);
INSERT INTO `order_item` VALUES ('OI00508', 'E20250630145006077700013', '14852940374', 1);
INSERT INTO `order_item` VALUES ('OI00509', 'E20250630143117086900063', '14852942070', 1);
INSERT INTO `order_item` VALUES ('OI00510', 'E20250630143117086900063', '25851093470', 1);
INSERT INTO `order_item` VALUES ('OI00511', 'E20250630143117086900063', '25886992114', 2);
INSERT INTO `order_item` VALUES ('OI00512', 'E20250630142751011000075', '25886992114', 2);
INSERT INTO `order_item` VALUES ('OI00513', 'E20250630142751011000075', '14870726314', 1);
INSERT INTO `order_item` VALUES ('OI00514', 'E20250630142751011000075', '14854516310', 1);
INSERT INTO `order_item` VALUES ('OI00515', 'E20250630141608035606201', '14854902338', 1);
INSERT INTO `order_item` VALUES ('OI00516', 'E20250630141608035606201', '14876018402', 1);
INSERT INTO `order_item` VALUES ('OI00517', 'E20250630141608035606201', '14870726314', 1);
INSERT INTO `order_item` VALUES ('OI00518', 'E20250630135133017300053', '14870726314', 2);
INSERT INTO `order_item` VALUES ('OI00519', 'E20250630124203093706183', '14852940374', 1);
INSERT INTO `order_item` VALUES ('OI00520', 'E20250630121243054000025', '14870726314', 14);
INSERT INTO `order_item` VALUES ('OI00521', 'E20250630115352040500019', '25894985199', 1);
INSERT INTO `order_item` VALUES ('OI00522', 'E20250630115352040500019', '14870726841', 1);
INSERT INTO `order_item` VALUES ('OI00523', 'E20250630115223024806183', '25894985199', 1);
INSERT INTO `order_item` VALUES ('OI00524', 'E20250630115223024806183', '14852940374', 1);
INSERT INTO `order_item` VALUES ('OI00525', 'E20250630115223024806183', '14854516310', 1);
INSERT INTO `order_item` VALUES ('OI00526', 'E20250630114228039106187', '14870726841', 1);
INSERT INTO `order_item` VALUES ('OI00527', 'E20250630114228039106187', '14854516310', 1);
INSERT INTO `order_item` VALUES ('OI00528', 'E20250630114228039106187', '25851093470', 1);
INSERT INTO `order_item` VALUES ('OI00529', 'E20250630114228039106187', '25886992114', 2);
INSERT INTO `order_item` VALUES ('OI00530', 'E20250630114228039106187', '14870726314', 2);
INSERT INTO `order_item` VALUES ('OI00531', 'E20250630114024003706161', '14870726314', 5);
INSERT INTO `order_item` VALUES ('OI00532', 'E20250630105328041406189', '14876018402', 1);
INSERT INTO `order_item` VALUES ('OI00533', 'E20250630105328041406189', '25886992114', 2);
INSERT INTO `order_item` VALUES ('OI00534', 'E20250630104013087200031', '14870726314', 1);
INSERT INTO `order_item` VALUES ('OI00535', 'E20250630104013087200031', '14854823784', 1);
INSERT INTO `order_item` VALUES ('OI00536', 'E20250630104013087200031', '14854816961', 1);
INSERT INTO `order_item` VALUES ('OI00537', 'E20250630103755012706211', '14876018402', 1);
INSERT INTO `order_item` VALUES ('OI00538', 'E20250630103755012706211', '14870726841', 1);
INSERT INTO `order_item` VALUES ('OI00539', 'E20250630095722018600013', '14876018402', 1);
INSERT INTO `order_item` VALUES ('OI00540', 'E20250630095722018600013', '25855091154', 1);
INSERT INTO `order_item` VALUES ('OI00541', 'E20250630095514071600005', '14870726314', 1);
INSERT INTO `order_item` VALUES ('OI00542', 'E20250630095514071600005', '14852940374', 1);
INSERT INTO `order_item` VALUES ('OI00543', 'E20250630095514071600005', '14854902338', 1);
INSERT INTO `order_item` VALUES ('OI00544', 'E20250630095514071600005', '25894985199', 1);
INSERT INTO `order_item` VALUES ('OI00545', 'E20250630095232040100035', '14854902338', 2);
INSERT INTO `order_item` VALUES ('OI00546', 'E20250630094749007806149', '14852940374', 1);
INSERT INTO `order_item` VALUES ('OI00547', 'E20250630094749007806149', '25855091154', 1);
INSERT INTO `order_item` VALUES ('OI00548', 'E20250630094749007806149', '14854818699', 1);
INSERT INTO `order_item` VALUES ('OI00549', 'E20250630094749007806149', '25851093470', 1);
INSERT INTO `order_item` VALUES ('OI00550', 'E20250630094749007806149', '14870726314', 1);
INSERT INTO `order_item` VALUES ('OI00551', 'E20250630094405040900019', '14854902338', 1);
INSERT INTO `order_item` VALUES ('OI00552', 'E20250630094405040900019', '14870726314', 7);
INSERT INTO `order_item` VALUES ('OI00553', 'E20250630093054007206205', '25855091154', 1);
INSERT INTO `order_item` VALUES ('OI00554', 'E20250630093054007206205', '14854818699', 1);
INSERT INTO `order_item` VALUES ('OI00555', 'E20250630093054007206205', '14870726314', 2);
INSERT INTO `order_item` VALUES ('OI00556', 'E20250630082950009706177', '14854516310', 1);
INSERT INTO `order_item` VALUES ('OI00557', 'E20250630082950009706177', '14876018402', 1);
INSERT INTO `order_item` VALUES ('OI00558', 'E20250630072403052600001', '14870726314', 3);
INSERT INTO `order_item` VALUES ('OI00559', 'E20250630071213011206195', '14853005111', 1);
INSERT INTO `order_item` VALUES ('OI00560', 'E20250630071213011206195', '14852940374', 1);
INSERT INTO `order_item` VALUES ('OI00561', 'E20250630014514062700045', '14854902338', 1);
INSERT INTO `order_item` VALUES ('OI00562', 'E20250629234203082300067', '14870726314', 3);
INSERT INTO `order_item` VALUES ('OI00563', 'E20250629233345057400015', NULL, 1);
INSERT INTO `order_item` VALUES ('OI00564', 'E20250629233345057400015', '14870726314', 4);
INSERT INTO `order_item` VALUES ('OI00565', 'E20250629223859072800021', '14870726314', 2);
INSERT INTO `order_item` VALUES ('OI00566', 'E20250629223859072800021', '14853005111', 1);
INSERT INTO `order_item` VALUES ('OI00567', 'E20250629223859072800021', '14870726841', 1);
INSERT INTO `order_item` VALUES ('OI00568', 'E20250629215030056406153', '25855192432', 1);
INSERT INTO `order_item` VALUES ('OI00569', 'E20250629215030056406153', '14870726314', 2);
INSERT INTO `order_item` VALUES ('OI00570', 'E20250629214625052506205', '14854818699', 1);
INSERT INTO `order_item` VALUES ('OI00571', 'E20250629214625052506205', '25886992114', 1);
INSERT INTO `order_item` VALUES ('OI00572', 'E20250629214625052506205', '14870726314', 5);
INSERT INTO `order_item` VALUES ('OI00573', 'E20250629214400090606199', '25886992114', 1);
INSERT INTO `order_item` VALUES ('OI00574', 'E20250629214400090606199', '14876018402', 1);
INSERT INTO `order_item` VALUES ('OI00575', 'E20250629214400090606199', '14870726841', 1);
INSERT INTO `order_item` VALUES ('OI00576', 'E20250629214359089306177', '14870726314', 6);
INSERT INTO `order_item` VALUES ('OI00577', 'E20250629212345051306159', '25855192432', 1);
INSERT INTO `order_item` VALUES ('OI00578', 'E20250629212345051306159', '14852940374', 2);
INSERT INTO `order_item` VALUES ('OI00579', 'E20250629211753028900059', '14852940374', 1);
INSERT INTO `order_item` VALUES ('OI00580', 'E20250629211753028900059', '14870726314', 2);
INSERT INTO `order_item` VALUES ('OI00581', 'E20250629211753028900059', '14853005111', 1);
INSERT INTO `order_item` VALUES ('OI00582', 'E20250629204835033900033', '14870726841', 1);
INSERT INTO `order_item` VALUES ('OI00583', 'E20250629204835033900033', '25894977612', 1);
INSERT INTO `order_item` VALUES ('OI00584', 'E20250629204008099706193', '14870726841', 1);
INSERT INTO `order_item` VALUES ('OI00585', 'E20250629204008099706193', '14852940374', 2);
INSERT INTO `order_item` VALUES ('OI00586', 'E20250629203951054706155', '25894985199', 1);
INSERT INTO `order_item` VALUES ('OI00587', 'E20250629203951054706155', '14870726314', 2);
INSERT INTO `order_item` VALUES ('OI00588', 'E20250629203951054706155', '25886992114', 1);
INSERT INTO `order_item` VALUES ('OI00589', 'E20250629202102066700067', '14870726314', 2);
INSERT INTO `order_item` VALUES ('OI00590', 'E20250629202102066700067', '14852940374', 1);
INSERT INTO `order_item` VALUES ('OI00591', 'E20250629202102066700067', '25886992114', 2);
INSERT INTO `order_item` VALUES ('OI00592', 'E20250629202102066700067', '25894985199', 2);
INSERT INTO `order_item` VALUES ('OI00593', 'E20250629202102066700067', '25851093470', 1);
INSERT INTO `order_item` VALUES ('OI00594', 'E20250629200116065400043', '14854818699', 1);
INSERT INTO `order_item` VALUES ('OI00595', 'E20250629200116065400043', '14854516310', 1);
INSERT INTO `order_item` VALUES ('OI00596', 'E20250629195111030606197', '14852940374', 1);
INSERT INTO `order_item` VALUES ('OI00597', 'E20250629194651045906185', '25855192432', 1);
INSERT INTO `order_item` VALUES ('OI00598', 'E20250629194651045906185', '14854902338', 1);
INSERT INTO `order_item` VALUES ('OI00599', 'E20250629194651045906185', '25886992114', 1);
INSERT INTO `order_item` VALUES ('OI00600', 'E20250629193431053500067', '14854818699', 1);
INSERT INTO `order_item` VALUES ('OI00601', 'E20250629193431053500067', '14870726841', 1);
INSERT INTO `order_item` VALUES ('OI00602', 'E20250629193431053500067', '14852940374', 1);
INSERT INTO `order_item` VALUES ('OI00603', 'E20250629193140031606185', '14870726314', 2);
INSERT INTO `order_item` VALUES ('OI00604', 'E20250629192838039700035', '14854902338', 1);
INSERT INTO `order_item` VALUES ('OI00605', 'E20250629192838039700035', '25894985199', 1);
INSERT INTO `order_item` VALUES ('OI00606', 'E20250629192838039700035', '14876018402', 1);
INSERT INTO `order_item` VALUES ('OI00607', 'E20250629192838039700035', '25894977612', 1);
INSERT INTO `order_item` VALUES ('OI00608', 'E20250629192439014600061', '25886992114', 2);
INSERT INTO `order_item` VALUES ('OI00609', 'E20250629192439014600061', '14870726314', 2);
INSERT INTO `order_item` VALUES ('OI00610', 'E20250629192439014600061', '14854902338', 1);
INSERT INTO `order_item` VALUES ('OI00611', 'E20250629191343071506161', '14852942070', 1);
INSERT INTO `order_item` VALUES ('OI00612', 'E20250629191258098800053', '14852942070', 1);
INSERT INTO `order_item` VALUES ('OI00613', 'E20250629191258098800053', '25894985199', 1);
INSERT INTO `order_item` VALUES ('OI00614', 'E20250629191258098800053', '14870726841', 1);
INSERT INTO `order_item` VALUES ('OI00615', 'E20250629191258098800053', '14870726314', 2);
INSERT INTO `order_item` VALUES ('OI00616', 'E20250629185828101700059', NULL, 1);
INSERT INTO `order_item` VALUES ('OI00617', 'E20250629185828101700059', '14870726314', 1);
INSERT INTO `order_item` VALUES ('OI00618', 'E20250629185614022306173', NULL, 1);
INSERT INTO `order_item` VALUES ('OI00619', 'E20250629183350090100049', '25851093470', 1);
INSERT INTO `order_item` VALUES ('OI00620', 'E20250629183350090100049', '25886992114', 2);
INSERT INTO `order_item` VALUES ('OI00621', 'E20250629182900064706163', NULL, 1);
INSERT INTO `order_item` VALUES ('OI00622', 'E20250629182900064706163', '14870726841', 1);
INSERT INTO `order_item` VALUES ('OI00623', 'E20250629182900064706163', '25886992114', 1);
INSERT INTO `order_item` VALUES ('OI00624', 'E20250629182607088306187', '25886992114', 2);
INSERT INTO `order_item` VALUES ('OI00625', 'E20250629182359101406173', '14870726314', 4);
INSERT INTO `order_item` VALUES ('OI00626', 'E20250629181454053900077', '25855192432', 2);
INSERT INTO `order_item` VALUES ('OI00627', 'E20250629181454053900077', '14870726314', 4);
INSERT INTO `order_item` VALUES ('OI00628', 'E20250629175256097806147', '25894985199', 1);
INSERT INTO `order_item` VALUES ('OI00629', 'E20250629175256097806147', '14854516310', 1);
INSERT INTO `order_item` VALUES ('OI00630', 'E20250629172019038806189', '14854818699', 1);
INSERT INTO `order_item` VALUES ('OI00631', 'E20250629170448006006153', '14870726841', 1);
INSERT INTO `order_item` VALUES ('OI00632', 'E20250629165739029706203', '14870726314', 3);
INSERT INTO `order_item` VALUES ('OI00633', 'E20250629164818082006181', '14852940374', 2);
INSERT INTO `order_item` VALUES ('OI00634', 'E20250629164818082006181', '25851093470', 1);
INSERT INTO `order_item` VALUES ('OI00635', 'E20250629164818082006181', '25886992114', 2);
INSERT INTO `order_item` VALUES ('OI00636', 'E20250629164818082006181', '14870726314', 2);
INSERT INTO `order_item` VALUES ('OI00637', 'E20250629163628077806145', '25894985199', 1);
INSERT INTO `order_item` VALUES ('OI00638', 'E20250629161711016306157', '14870726314', 1);
INSERT INTO `order_item` VALUES ('OI00639', 'E20250629161711016306157', '14854902338', 1);
INSERT INTO `order_item` VALUES ('OI00640', 'E20250629160547017406185', '14870726314', 2);
INSERT INTO `order_item` VALUES ('OI00641', 'E20250629160547017406185', '25855192432', 1);
INSERT INTO `order_item` VALUES ('OI00642', 'E20250629160547017406185', '14870726841', 2);
INSERT INTO `order_item` VALUES ('OI00643', 'E20250629154319020000053', '14870726841', 2);
INSERT INTO `order_item` VALUES ('OI00644', 'E20250629153714052500027', '25851093470', 1);
INSERT INTO `order_item` VALUES ('OI00645', 'E20250629153714052500027', '14854902338', 1);
INSERT INTO `order_item` VALUES ('OI00646', 'E20250629153714052500027', '14870726314', 1);
INSERT INTO `order_item` VALUES ('OI00647', 'E20250629153411034206171', '25851093470', 1);
INSERT INTO `order_item` VALUES ('OI00648', 'E20250629153411034206171', '14870726841', 1);
INSERT INTO `order_item` VALUES ('OI00649', 'E20250629153411034206171', '14870726314', 2);
INSERT INTO `order_item` VALUES ('OI00650', 'E20250629153207083106211', '14870726314', 2);
INSERT INTO `order_item` VALUES ('OI00651', 'E20250629153207083106211', '14854516310', 1);
INSERT INTO `order_item` VALUES ('OI00652', 'E20250629153207083106211', '25886992114', 1);
INSERT INTO `order_item` VALUES ('OI00653', 'E20250629153039064106209', '14870726314', 1);
INSERT INTO `order_item` VALUES ('OI00654', 'E20250629153039064106209', '14854516310', 1);
INSERT INTO `order_item` VALUES ('OI00655', 'E20250629152505016000057', '14854818699', 1);
INSERT INTO `order_item` VALUES ('OI00656', 'E20250629152505016000057', '25886992114', 2);
INSERT INTO `order_item` VALUES ('OI00657', 'E20250629152505016000057', '14852940374', 2);
INSERT INTO `order_item` VALUES ('OI00658', 'E20250629152222053706209', '14852940374', 1);
INSERT INTO `order_item` VALUES ('OI00659', 'E20250629152222053706209', '14852942070', 4);
INSERT INTO `order_item` VALUES ('OI00660', 'E20250629151954092700059', '14870726314', 6);
INSERT INTO `order_item` VALUES ('OI00661', 'E20250629151954092700059', '25851093470', 1);
INSERT INTO `order_item` VALUES ('OI00662', 'E20250629151954092700059', '14854902338', 1);
INSERT INTO `order_item` VALUES ('OI00663', 'E20250629150601024006159', '14854818699', 1);
INSERT INTO `order_item` VALUES ('OI00664', 'E20250629150601024006159', '25855192432', 1);
INSERT INTO `order_item` VALUES ('OI00665', 'E20250629150601024006159', '14852940374', 1);
INSERT INTO `order_item` VALUES ('OI00666', 'E20250629104349012206197', '14854823784', 1);
INSERT INTO `order_item` VALUES ('OI00667', 'E20250629104349012206197', '14854902338', 1);
INSERT INTO `order_item` VALUES ('OI00668', 'E20250629101514056706203', '14854902338', 1);
INSERT INTO `order_item` VALUES ('OI00669', 'E20250629070332052900007', NULL, 1);
INSERT INTO `order_item` VALUES ('OI00670', 'E20250628190852026006215', '14854818699', 1);
INSERT INTO `order_item` VALUES ('OI00671', 'E20250628181626038400013', '14870726314', 11);
INSERT INTO `order_item` VALUES ('OI00672', 'E20250628181620094006185', NULL, 1);
INSERT INTO `order_item` VALUES ('OI00673', 'E20250628181115070000021', '14870726314', 13);
INSERT INTO `order_item` VALUES ('OI00674', 'E20250628181115070000021', '25855192432', 1);
INSERT INTO `order_item` VALUES ('OI00675', 'E20250628150730048906183', '14876018402', 1);
INSERT INTO `order_item` VALUES ('OI00676', 'E20250628150730048906183', '14853005111', 1);
INSERT INTO `order_item` VALUES ('OI00677', 'E20250628150730048906183', '14852940374', 1);
INSERT INTO `order_item` VALUES ('OI00678', 'E20250628150730048906183', '14854902338', 1);
INSERT INTO `order_item` VALUES ('OI00679', 'E20250628144312056000013', '14854516310', 1);
INSERT INTO `order_item` VALUES ('OI00680', 'E20250628130749097300059', '25886992114', 2);
INSERT INTO `order_item` VALUES ('OI00681', 'E20250628130457097300077', '14852942070', 2);
INSERT INTO `order_item` VALUES ('OI00682', 'E20250627214754012700055', '25855192432', 4);
INSERT INTO `order_item` VALUES ('OI00683', 'E20250627203712015000023', NULL, 2);
INSERT INTO `order_item` VALUES ('OI00684', 'E20250627175044087506147', '14870726841', 1);
INSERT INTO `order_item` VALUES ('OI00685', 'E20250627175044087506147', '14854516310', 1);
INSERT INTO `order_item` VALUES ('OI00686', 'E20250627141825041906191', '14853005111', 1);
INSERT INTO `order_item` VALUES ('OI00687', 'E20250627141825041906191', '14854516310', 2);
INSERT INTO `order_item` VALUES ('OI00688', 'E20250627141825041906191', '14870726314', 2);
INSERT INTO `order_item` VALUES ('OI00689', 'E20250627130558012706241', NULL, 1);
INSERT INTO `order_item` VALUES ('OI00690', 'E20250627125334014800037', '25894985199', 1);
INSERT INTO `order_item` VALUES ('OI00691', 'E20250627125334014800037', '14870726841', 1);
INSERT INTO `order_item` VALUES ('OI00692', 'E20250627125334014800037', '14852940374', 1);
INSERT INTO `order_item` VALUES ('OI00693', 'E20250627125334014800037', '25855192432', 1);
INSERT INTO `order_item` VALUES ('OI00694', 'E20250627125136055906253', '25851093470', 1);
INSERT INTO `order_item` VALUES ('OI00695', 'E20250627125136055906253', '25894985199', 1);
INSERT INTO `order_item` VALUES ('OI00696', 'E20250627125136055906253', '25855192432', 1);
INSERT INTO `order_item` VALUES ('OI00697', 'E20250626172259070006215', '14870726314', 11);
INSERT INTO `order_item` VALUES ('OI00698', 'E20250626002959065306149', '14876018402', 3);
INSERT INTO `order_item` VALUES ('OI00699', 'E20250626002959065306149', '14854516310', 2);
INSERT INTO `order_item` VALUES ('OI00700', 'E20250626002959065306149', '25855192432', 3);
INSERT INTO `order_item` VALUES ('OI00701', 'E20250625230842074706165', '25855192432', 1);
INSERT INTO `order_item` VALUES ('OI00702', 'E20250625210431030306149', '14870726314', 10);
INSERT INTO `order_item` VALUES ('OI00703', 'E20250625182051045300079', '14854516310', 1);
INSERT INTO `order_item` VALUES ('OI00704', 'E20250625171426010406209', '14870726314', 20);
INSERT INTO `order_item` VALUES ('OI00705', 'E20250625141644012706147', '14852942070', 1);
INSERT INTO `order_item` VALUES ('OI00706', 'E20250625141644012706147', '25894985199', 1);
INSERT INTO `order_item` VALUES ('OI00707', 'E20250625141644012706147', '14870726841', 1);
INSERT INTO `order_item` VALUES ('OI00708', 'E20250625141644012706147', '14852940374', 1);
INSERT INTO `order_item` VALUES ('OI00709', 'E20250625141644012706147', '14854902338', 1);
INSERT INTO `order_item` VALUES ('OI00710', 'E20250625140249010406169', '14870726314', 20);
INSERT INTO `order_item` VALUES ('OI00711', 'E20250625131803052000035', '14854902338', 1);
INSERT INTO `order_item` VALUES ('OI00712', 'E20250625131803052000035', '14854516310', 1);
INSERT INTO `order_item` VALUES ('OI00713', 'E20250623210407083000077', '14870726841', 1);
INSERT INTO `order_item` VALUES ('OI00714', 'E20250623210407083000077', '25894977612', 1);
INSERT INTO `order_item` VALUES ('OI00715', 'E20250623210407083000077', '25894985199', 2);
INSERT INTO `order_item` VALUES ('OI00716', 'E20250623210407083000077', '14854516310', 1);
INSERT INTO `order_item` VALUES ('OI00717', 'E20250623203356094606203', '14870726314', 5);
INSERT INTO `order_item` VALUES ('OI00718', 'E20250623091834067106149', '14854823784', 1);
INSERT INTO `order_item` VALUES ('OI00719', 'E20250623091834067106149', '14870726841', 1);
INSERT INTO `order_item` VALUES ('OI00720', 'E20250623091834067106149', '14854516310', 1);
INSERT INTO `order_item` VALUES ('OI00721', 'E20250622202355009500005', '14854818699', 1);
INSERT INTO `order_item` VALUES ('OI00722', 'E20250622202355009500005', '14870726314', 5);
INSERT INTO `order_item` VALUES ('OI00723', 'E20250622075420017300059', '14870726314', 2);
INSERT INTO `order_item` VALUES ('OI00724', 'E20250622075420017300059', '14854516310', 1);
INSERT INTO `order_item` VALUES ('OI00725', 'E20250621163734040106191', '14852940374', 1);
INSERT INTO `order_item` VALUES ('OI00726', 'E20250621163734040106191', '14878531503', 1);
INSERT INTO `order_item` VALUES ('OI00727', 'E20250621163734040106191', '25854389826', 1);
INSERT INTO `order_item` VALUES ('OI00728', 'E20250621153430040106169', '14878531503', 2);
INSERT INTO `order_item` VALUES ('OI00729', 'E20250621143931040106207', '14852942070', 1);
INSERT INTO `order_item` VALUES ('OI00730', 'E20250621143931040106207', '25854389826', 2);
INSERT INTO `order_item` VALUES ('OI00731', 'E20250621143247040106183', '14878531503', 1);
INSERT INTO `order_item` VALUES ('OI00732', 'E20250621143247040106183', '25854389826', 1);
INSERT INTO `order_item` VALUES ('OI00733', 'E20250621142550040100067', '14878531503', 1);
INSERT INTO `order_item` VALUES ('OI00734', 'E20250621142550040100067', '25854389826', 1);
INSERT INTO `order_item` VALUES ('OI00735', 'E20250620134504019106163', '14870726314', 4);
INSERT INTO `order_item` VALUES ('OI00736', 'E20250620103206017300017', '14870726314', 4);
INSERT INTO `order_item` VALUES ('OI00737', 'E20250620103206017300017', '14854516310', 2);
INSERT INTO `order_item` VALUES ('OI00738', 'E20250619194143067000073', '25894985199', 1);
INSERT INTO `order_item` VALUES ('OI00739', 'E20250619194143067000073', '14852940374', 1);
INSERT INTO `order_item` VALUES ('OI00740', 'E20250619154656100006241', '14854512773', 1);
INSERT INTO `order_item` VALUES ('OI00741', 'E20250619154656100006241', '14870726841', 1);
INSERT INTO `order_item` VALUES ('OI00742', 'E20250618130008039300001', '14870726314', 4);
INSERT INTO `order_item` VALUES ('OI00743', 'E20250617212708029506167', '14854516310', 1);
INSERT INTO `order_item` VALUES ('OI00744', 'E20250617212708029506167', '14854512773', 1);
INSERT INTO `order_item` VALUES ('OI00745', 'E20250616153940016706163', '14870726314', 4);
INSERT INTO `order_item` VALUES ('OI00746', 'E20250616143941024600055', '14854902338', 1);
INSERT INTO `order_item` VALUES ('OI00747', 'E20250616113600024600025', '14854902338', 1);
INSERT INTO `order_item` VALUES ('OI00748', 'E20250614202124037006159', '14876018402', 1);
INSERT INTO `order_item` VALUES ('OI00749', 'E20250614202124037006159', '25886992114', 4);
INSERT INTO `order_item` VALUES ('OI00750', 'E20250614191358037000085', '14870726314', 6);
INSERT INTO `order_item` VALUES ('OI00751', 'E20250614191106001500003', '14870726314', 5);
INSERT INTO `order_item` VALUES ('OI00752', 'E20250613163419050206185', '14854516310', 2);
INSERT INTO `order_item` VALUES ('OI00753', 'E20250613163419050206185', '14852940374', 1);
INSERT INTO `order_item` VALUES ('OI00754', 'E20250612205021051806165', '14853005111', 1);
INSERT INTO `order_item` VALUES ('OI00755', 'E20250612205021051806165', '14854512773', 1);
INSERT INTO `order_item` VALUES ('OI00756', 'E20250612195706041506159', '14870726314', 8);
INSERT INTO `order_item` VALUES ('OI00757', 'E20250612093418048900015', '14852940374', 1);
INSERT INTO `order_item` VALUES ('OI00758', 'E20250612093418048900015', '14853005111', 1);
INSERT INTO `order_item` VALUES ('OI00759', 'E20250612093418048900015', '14854902338', 1);
INSERT INTO `order_item` VALUES ('OI00760', 'E20250612062542014800001', '14853005111', 1);
INSERT INTO `order_item` VALUES ('OI00761', 'E20250612062542014800001', '14854512773', 1);
INSERT INTO `order_item` VALUES ('OI00762', 'E20250612062542014800001', '14852940374', 1);
INSERT INTO `order_item` VALUES ('OI00763', 'E20250611220152001500047', '14870726841', 1);
INSERT INTO `order_item` VALUES ('OI00764', 'E20250611184026035700081', '14854516310', 1);
INSERT INTO `order_item` VALUES ('OI00765', 'E20250611184026035700081', '25886992114', 3);
INSERT INTO `order_item` VALUES ('OI00766', 'E20250610151711077100073', '14854516310', 1);
INSERT INTO `order_item` VALUES ('OI00767', 'E20250609122446017000069', '14852940374', 1);
INSERT INTO `order_item` VALUES ('OI00768', 'E20250609122446017000069', '14870726314', 2);
INSERT INTO `order_item` VALUES ('OI00769', 'E20250609111708092706215', '14870726841', 1);
INSERT INTO `order_item` VALUES ('OI00770', 'E20250609111708092706215', '14854516310', 1);
INSERT INTO `order_item` VALUES ('OI00771', 'E20250609111708092706215', '14853005111', 1);
INSERT INTO `order_item` VALUES ('OI00772', 'E20250609111708092706215', '25851093470', 1);
INSERT INTO `order_item` VALUES ('OI00773', 'E20250609111708092706215', '14870726314', 3);
INSERT INTO `order_item` VALUES ('OI00774', 'E20250609111708092706215', '14854902338', 1);
INSERT INTO `order_item` VALUES ('OI00775', 'E20250608200044010406199', '14854828202', 1);
INSERT INTO `order_item` VALUES ('OI00776', 'E20250608200044010406199', '14854516310', 1);
INSERT INTO `order_item` VALUES ('OI00777', 'E20250608170928050906173', '25886992114', 1);
INSERT INTO `order_item` VALUES ('OI00778', 'E20250608155433055906157', '25855192432', 2);
INSERT INTO `order_item` VALUES ('OI00779', 'E20250608151936055900053', '25855192432', 2);
INSERT INTO `order_item` VALUES ('OI00780', 'E20250608114610052006175', '14854516310', 1);
INSERT INTO `order_item` VALUES ('OI00781', 'E20250608092657010400069', '14870726841', 2);
INSERT INTO `order_item` VALUES ('OI00782', 'E20250608092657010400069', '14870726314', 10);
INSERT INTO `order_item` VALUES ('OI00783', 'E20250607212047040100041', '25886992114', 1);
INSERT INTO `order_item` VALUES ('OI00784', 'E20250607202545055906169', '25886992114', 4);
INSERT INTO `order_item` VALUES ('OI00785', 'E20250607152253045506203', '25851093470', 1);
INSERT INTO `order_item` VALUES ('OI00786', 'E20250607152253045506203', '25855192432', 1);
INSERT INTO `order_item` VALUES ('OI00787', 'E20250607094618024900027', '14854828202', 1);
INSERT INTO `order_item` VALUES ('OI00788', 'E20250607094618024900027', '14870726841', 2);
INSERT INTO `order_item` VALUES ('OI00789', 'E20250606170104014800047', '14852940374', 1);
INSERT INTO `order_item` VALUES ('OI00790', 'E20250606163746067300031', '14870726314', 1);
INSERT INTO `order_item` VALUES ('OI00791', 'E20250606160826024400081', '14854512773', 1);
INSERT INTO `order_item` VALUES ('OI00792', 'E20250606153547025600019', '14853005111', 1);
INSERT INTO `order_item` VALUES ('OI00793', 'E20250606153547025600019', '25855091154', 1);
INSERT INTO `order_item` VALUES ('OI00794', 'E20250606152911025600065', '25851093470', 1);
INSERT INTO `order_item` VALUES ('OI00795', 'E20250606152911025600065', '25855192432', 1);
INSERT INTO `order_item` VALUES ('OI00796', 'E20250606152142012700025', '25855192432', 1);
INSERT INTO `order_item` VALUES ('OI00797', 'E20250606144314101906201', '14870726841', 1);
INSERT INTO `order_item` VALUES ('OI00798', 'E20250606144150055900043', '14854512773', 1);
INSERT INTO `order_item` VALUES ('OI00799', 'E20250606144150055900043', '25855192432', 1);
INSERT INTO `order_item` VALUES ('OI00800', 'E20250606144038055900023', '14854512773', 1);
INSERT INTO `order_item` VALUES ('OI00801', 'E20250606143440018600031', '14852940374', 1);
INSERT INTO `order_item` VALUES ('OI00802', 'E20250606143440018600031', '14870726314', 2);
INSERT INTO `order_item` VALUES ('OI00803', 'E20250606143115042006161', '25855192432', 1);
INSERT INTO `order_item` VALUES ('OI00804', 'E20250606143115042006161', '14852940374', 1);
INSERT INTO `order_item` VALUES ('OI00805', 'E20250606140410040606173', '14853005111', 2);
INSERT INTO `order_item` VALUES ('OI00806', 'E20250606134315060600039', '25886992114', 3);
INSERT INTO `order_item` VALUES ('OI00807', 'E20250606134315060600039', '14870726314', 3);
INSERT INTO `order_item` VALUES ('OI00808', 'E20250606134315060600039', '14854512773', 1);
INSERT INTO `order_item` VALUES ('OI00809', 'E20250606132958060606219', '14854512773', 1);
INSERT INTO `order_item` VALUES ('OI00810', 'E20250606132958060606219', '25886992114', 3);
INSERT INTO `order_item` VALUES ('OI00811', 'E20250606132958060606219', '14870726314', 3);
INSERT INTO `order_item` VALUES ('OI00812', 'E20250606125738093206179', '14870726314', 2);
INSERT INTO `order_item` VALUES ('OI00813', 'E20250606124345045500003', '25855192432', 1);
INSERT INTO `order_item` VALUES ('OI00814', 'E20250606122936071600031', '14854512773', 1);
INSERT INTO `order_item` VALUES ('OI00815', 'E20250606122502055906167', '25855192432', 1);
INSERT INTO `order_item` VALUES ('OI00816', 'E20250606122502055906167', '25886992114', 1);
INSERT INTO `order_item` VALUES ('OI00817', 'E20250606122502055906167', '14870726314', 2);
INSERT INTO `order_item` VALUES ('OI00818', 'E20250606121831093200055', '14870726314', 1);
INSERT INTO `order_item` VALUES ('OI00819', 'E20250606120211048900019', '14870726314', 1);
INSERT INTO `order_item` VALUES ('OI00820', 'E20250606120003079500061', '14854902338', 1);
INSERT INTO `order_item` VALUES ('OI00821', 'E20250606120003079500061', '14870726314', 1);
INSERT INTO `order_item` VALUES ('OI00822', 'E20250605211407093200051', '25886992114', 1);
INSERT INTO `order_item` VALUES ('OI00823', 'E20250605204750093206163', '25886992114', 1);
INSERT INTO `order_item` VALUES ('OI00824', 'E20250602173624040106169', '14870726314', 1);
INSERT INTO `order_item` VALUES ('OI00825', 'E20250602170233075906155', NULL, 1);
INSERT INTO `order_item` VALUES ('OI00826', 'E20250513160631040106159', NULL, 1);
INSERT INTO `order_item` VALUES ('OI00827', 'E20250513145255040106185', NULL, 1);
INSERT INTO `order_item` VALUES ('OI00828', 'E20250505194102040100087', NULL, 4);
INSERT INTO `order_item` VALUES ('OI00829', 'E20250505194102040100087', NULL, 4);
INSERT INTO `order_item` VALUES ('OI00830', 'E20250505193113040106197', NULL, 2);
INSERT INTO `order_item` VALUES ('OI00831', 'E20250505193113040106197', NULL, 1);

-- ----------------------------
-- Table structure for orders
-- ----------------------------
DROP TABLE IF EXISTS `orders`;
CREATE TABLE `orders`  (
  `OrderID` char(36) CHARACTER SET utf8mb4 COLLATE utf8mb4_0900_ai_ci NOT NULL,
  `RegionID` char(36) CHARACTER SET utf8mb4 COLLATE utf8mb4_0900_ai_ci NULL DEFAULT NULL,
  `Customer_ID` char(36) CHARACTER SET utf8mb4 COLLATE utf8mb4_0900_ai_ci NULL DEFAULT NULL,
  `Status` varchar(20) CHARACTER SET utf8mb4 COLLATE utf8mb4_0900_ai_ci NOT NULL,
  `Created_time` datetime NOT NULL,
  `Payment_time` datetime NULL DEFAULT NULL,
  `Completed_time` datetime NULL DEFAULT NULL,
  `AllProduct` varchar(500) CHARACTER SET utf8mb4 COLLATE utf8mb4_0900_ai_ci NULL DEFAULT NULL,
  `Totalnumber` int NULL DEFAULT NULL,
  `Pdnumber` int NULL DEFAULT NULL,
  `TotalAmount` decimal(10, 2) NOT NULL,
  `Freight` decimal(10, 2) NULL DEFAULT NULL,
  `Discount` decimal(10, 2) NULL DEFAULT NULL,
  PRIMARY KEY (`OrderID`) USING BTREE,
  INDEX `FK_Relationship_1`(`Customer_ID` ASC) USING BTREE,
  INDEX `FK_Relationship_4`(`RegionID` ASC) USING BTREE,
  CONSTRAINT `FK_Relationship_1` FOREIGN KEY (`Customer_ID`) REFERENCES `customer` (`Customer_ID`) ON DELETE RESTRICT ON UPDATE RESTRICT,
  CONSTRAINT `FK_Relationship_4` FOREIGN KEY (`RegionID`) REFERENCES `region` (`RegionID`) ON DELETE RESTRICT ON UPDATE RESTRICT
) ENGINE = InnoDB CHARACTER SET = utf8mb4 COLLATE = utf8mb4_0900_ai_ci ROW_FORMAT = Dynamic;

-- ----------------------------
-- Records of orders
-- ----------------------------
INSERT INTO `orders` VALUES ('E20250505193113040106197', 'R169', '镇艳', '交易关闭', '2025-05-05 19:31:00', NULL, NULL, '韩式米肠(2件);韩式香辣蟹(1件)', 3, 2, 0.40, 20.00, 0.00);
INSERT INTO `orders` VALUES ('E20250505194102040100087', 'R211', '镇艳', '交易关闭', '2025-05-05 19:41:00', NULL, NULL, '韩式米肠(4件);韩式香辣蟹(4件)', 8, 2, 1.20, 15.00, 0.00);
INSERT INTO `orders` VALUES ('E20250513145255040106185', 'R212', '镇艳', '交易关闭', '2025-05-13 14:52:00', NULL, NULL, '韩式香辣蟹 500g(1盒)', 1, 1, 58.00, 0.00, 0.00);
INSERT INTO `orders` VALUES ('E20250513160631040106159', 'R211', '镇艳', '交易关闭', '2025-05-13 16:06:00', NULL, NULL, '韩式香辣蟹 500g(1盒)', 1, 1, 58.10, 18.00, 0.00);
INSERT INTO `orders` VALUES ('E20250602170233075906155', 'R015', '赵哲彬', '交易关闭', '2025-06-02 17:02:00', NULL, NULL, '韩式米肠 500g(1袋)', 1, 1, 25.00, 12.00, -10.00);
INSERT INTO `orders` VALUES ('E20250602173624040106169', 'R210', '镇艳', '交易关闭', '2025-06-02 17:36:00', NULL, NULL, '韩味冷面 750g(1袋)', 1, 1, 7.84, 12.00, -7.84);
INSERT INTO `orders` VALUES ('E20250605204750093206163', 'R194', '顶楼泡菜之家（张太峰）', '交易关闭', '2025-06-05 20:47:00', NULL, NULL, '米汁 500g(1瓶)', 1, 1, 8.00, 12.00, -8.00);
INSERT INTO `orders` VALUES ('E20250605205730040600045', 'R209', 'huan', '交易关闭', '2025-06-05 20:57:00', '2025-06-05 21:26:00', '2025-06-05 21:26:00', '黄金会员(有效期：12个月)(1件)', 1, 1, 98.80, 0.00, 0.00);
INSERT INTO `orders` VALUES ('E20250605211407093200051', 'R194', '顶楼泡菜之家（张太峰）', '交易完成', '2025-06-05 21:14:00', '2025-06-05 21:22:00', '2025-06-14 11:22:00', '米汁 500g(1瓶)', 1, 1, 8.00, 12.00, 0.00);
INSERT INTO `orders` VALUES ('E20250605212200083206197', 'R208', '甜与苦', '交易关闭', '2025-06-05 21:22:00', NULL, NULL, '小银鱼/干虾 干果150g(小银鱼干果)(1盒)', 1, 1, 22.00, 12.00, -10.00);
INSERT INTO `orders` VALUES ('E20250606120003079500061', 'R186', '小承韩国童装工厂直销(韩国内衣）', '交易关闭', '2025-06-06 12:00:00', NULL, NULL, '酱辣蟹 500g(1盒);韩味冷面 750g(1袋)', 2, 2, 66.00, 14.00, -10.00);
INSERT INTO `orders` VALUES ('E20250606120133079500073', 'R186', '小承韩国童装工厂直销(韩国内衣）', '交易关闭', '2025-06-06 12:01:00', NULL, NULL, '小银鱼/干虾 干果150g(小银鱼干果)(1盒)', 1, 1, 22.00, 13.00, 0.00);
INSERT INTO `orders` VALUES ('E20250606120211048900019', 'R187', '叮铃铃🐀   💨', '交易关闭', '2025-06-06 12:02:00', NULL, NULL, '韩味冷面 750g(1袋)', 1, 1, 8.00, 19.50, -8.00);
INSERT INTO `orders` VALUES ('E20250606121831093200055', 'R194', '顶楼泡菜之家（张太峰）', '交易关闭', '2025-06-06 12:18:00', NULL, NULL, '韩味冷面 750g(1袋)', 1, 1, 8.00, 12.00, -8.00);
INSERT INTO `orders` VALUES ('E20250606121846096806151', 'R207', 'wl', '交易关闭', '2025-06-06 12:18:00', '2025-06-06 12:18:00', '2025-06-07 12:12:00', '拌牛板筋(500g)(1袋)', 1, 1, 46.00, 12.00, -10.00);
INSERT INTO `orders` VALUES ('E20250606122502055906167', 'R157', '兰兰준호맘', '交易关闭', '2025-06-06 12:25:00', NULL, NULL, '朝鲜族米肠 500g(1袋);米汁 500g(1瓶);韩味冷面 750g(2袋);拌牛板筋(250g)(1袋)', 5, 4, 74.00, 0.00, -10.00);
INSERT INTO `orders` VALUES ('E20250606122936071600031', 'R072', '嗯哼', '交易完成', '2025-06-06 12:29:00', '2025-06-06 12:29:00', '2025-06-13 17:43:00', '拌板筋丝 250g(1袋);小银鱼/干虾 干果150g(小银鱼干果)(1盒)', 2, 2, 47.00, 18.40, -10.00);
INSERT INTO `orders` VALUES ('E20250606123030040100019', 'R019', '镇艳', '交易完成', '2025-06-06 12:30:00', '2025-06-06 12:30:00', '2025-06-08 08:40:00', '拌牛板筋(250g)(1袋);小银鱼/干虾 干果150g(干虾干果)(1盒)', 2, 2, 52.92, 12.00, -10.00);
INSERT INTO `orders` VALUES ('E20250606124345045500003', 'R196', 'L55', '交易关闭', '2025-06-06 12:43:00', NULL, NULL, '朝鲜族米肠 500g(1袋)', 1, 1, 25.00, 17.90, -10.00);
INSERT INTO `orders` VALUES ('E20250606125738093206179', 'R206', '顶楼泡菜之家（张太峰）', '交易关闭', '2025-06-06 12:57:00', NULL, NULL, '拌桔梗（咸口&甜口） 250g(手撕拌桔梗（咸口）)(1袋);韩味冷面 750g(2袋)', 3, 2, 34.00, 24.90, 0.00);
INSERT INTO `orders` VALUES ('E20250606132958060606219', 'R205', 'oil', '交易关闭', '2025-06-06 13:29:00', NULL, NULL, '拌板筋丝 250g(1袋);辣白菜 袋装(1kg)(1袋);米汁 500g(3瓶);韩味冷面 750g(3袋)', 8, 4, 95.00, 12042.40, -10.00);
INSERT INTO `orders` VALUES ('E20250606134315060600039', 'R205', 'oil', '交易完成', '2025-06-06 13:43:00', '2025-06-06 13:43:00', '2025-06-13 17:41:00', '米汁 500g(3件);韩味冷面 750g(3袋);拌板筋丝 250g(1袋);辣白菜 袋装(1kg)(1袋)', 8, 4, 95.00, 50.40, -10.00);
INSERT INTO `orders` VALUES ('E20250606140410040606173', 'R003', 'huan', '交易完成', '2025-06-06 14:04:00', '2025-06-06 14:04:00', '2025-06-08 17:24:00', '香葱泡菜 500g(2袋);小银鱼/干虾 干果150g(干虾干果)(2盒);小银鱼/干虾 干果150g(小银鱼干果)(2盒)', 6, 3, 131.10, 12.00, 0.00);
INSERT INTO `orders` VALUES ('E20250606143115042006161', 'R204', 'Miyeong', '交易完成', '2025-06-06 14:31:00', '2025-06-06 14:32:00', '2025-06-13 17:38:00', '朝鲜族米肠 500g(1袋);小萝卜泡菜 500g(1袋);小银鱼/干虾 干果150g(小银鱼干果)(1盒)', 3, 3, 64.00, 12.00, -10.00);
INSERT INTO `orders` VALUES ('E20250606143440018600031', 'R203', '123', '交易完成', '2025-06-06 14:34:00', '2025-06-06 14:34:00', '2025-06-13 17:36:00', '小萝卜泡菜 500g(1袋);韩味冷面 750g(2袋)', 3, 2, 33.00, 24.90, -10.00);
INSERT INTO `orders` VALUES ('E20250606144038055900023', 'R157', '兰兰준호맘', '交易关闭', '2025-06-06 14:40:00', NULL, NULL, '拌板筋丝 250g(1袋)', 1, 1, 25.00, 17.90, -10.00);
INSERT INTO `orders` VALUES ('E20250606144150055900043', 'R157', '兰兰준호맘', '交易完成', '2025-06-06 14:41:00', '2025-06-06 14:42:00', '2025-06-13 17:35:00', '拌板筋丝 250g(1袋);朝鲜族米肠 500g(1袋)', 2, 2, 50.00, 17.90, 0.00);
INSERT INTO `orders` VALUES ('E20250606144314101906201', 'R202', '不加班还是喜相逢', '交易完成', '2025-06-06 14:43:00', '2025-06-06 14:43:00', '2025-06-08 17:51:00', '萝卜块泡菜 400g(1袋);小银鱼/干虾 干果150g(小银鱼干果)(2盒)', 3, 2, 53.00, 14.00, -10.00);
INSERT INTO `orders` VALUES ('E20250606152142012700025', 'R069', '진베베花(童装）', '交易关闭', '2025-06-06 15:21:00', NULL, NULL, '朝鲜族米肠 500g(1袋)', 1, 1, 25.00, 17.90, -10.00);
INSERT INTO `orders` VALUES ('E20250606152911025600065', 'R153', '虎哥', '交易关闭', '2025-06-06 15:29:00', NULL, NULL, '参鸡汤 1000g(1袋);朝鲜族米肠 500g(1袋)', 2, 2, 67.00, 24.90, -10.00);
INSERT INTO `orders` VALUES ('E20250606153547025600019', 'R153', '虎哥', '交易完成', '2025-06-06 15:35:00', '2025-06-06 15:35:00', '2025-06-13 17:31:00', '香葱泡菜 500g(1袋);四季包饭酱 500g(1盒)', 2, 2, 34.00, 17.90, 0.00);
INSERT INTO `orders` VALUES ('E20250606154154017906183', 'R201', '吉吉兔', '交易完成', '2025-06-06 15:41:00', '2025-06-06 15:42:00', '2025-06-13 17:27:00', '拌牛板筋(500g)(4袋)', 4, 1, 184.00, 16.00, -10.00);
INSERT INTO `orders` VALUES ('E20250606160826024400081', 'R200', '贾', '交易完成', '2025-06-06 16:08:00', '2025-06-06 16:08:00', '2025-06-13 17:24:00', '拌牛板筋(250g)(1袋);拌板筋丝 250g(1袋)', 2, 2, 50.00, 17.90, -10.00);
INSERT INTO `orders` VALUES ('E20250606163746067300031', 'R199', '玟佑妈妈（韩国直邮韩妆，奶粉）', '交易完成', '2025-06-06 16:37:00', '2025-06-06 16:37:00', '2025-06-14 15:45:00', '小银鱼/干虾 干果150g(小银鱼干果)(1盒);拌桔梗（咸口&甜口） 250g(手撕拌桔梗（咸口）)(1袋);拌牛板筋(250g)(1袋);韩味冷面 750g(1袋)', 4, 4, 73.00, 24.90, -10.00);
INSERT INTO `orders` VALUES ('E20250606164618067300039', 'R199', '玟佑妈妈（韩国直邮韩妆，奶粉）', '交易完成', '2025-06-06 16:46:00', '2025-06-06 17:23:00', '2025-06-14 15:48:00', '亲久米酒(玉米米酒)(1瓶);亲久米酒(糯米米酒)(1瓶)', 2, 2, 30.00, 14.00, 0.00);
INSERT INTO `orders` VALUES ('E20250606170104014800047', 'R156', '로이맘德国🇩🇪PM', '交易完成', '2025-06-06 17:01:00', '2025-06-06 17:01:00', '2025-06-09 12:13:00', '小萝卜泡菜 500g(1袋);拌牛板筋(250g)(1袋);小银鱼/干虾 干果150g(干虾干果)(1盒)', 3, 3, 71.00, 17.90, -10.00);
INSERT INTO `orders` VALUES ('E20250606200243048506199', 'R198', '养乐多(薪雅)', '交易完成', '2025-06-06 20:02:00', '2025-06-06 20:03:00', '2025-06-14 15:28:00', '辣白菜 袋装(1.5kg)(4袋)', 4, 1, 116.00, 18.00, -10.00);
INSERT INTO `orders` VALUES ('E20250607094618024900027', 'R197', '小螺号', '交易完成', '2025-06-07 09:46:00', '2025-06-07 09:46:00', '2025-06-14 16:17:00', '拌桔梗（咸口&甜口） 250g(手撕拌桔梗（咸口）)(2袋);辣椒酱 500g(1盒);辣白菜 袋装(1kg)(2袋);萝卜块泡菜 400g(2袋)', 7, 4, 118.00, 12.00, -10.00);
INSERT INTO `orders` VALUES ('E20250607152253045506203', 'R196', 'L55', '交易完成', '2025-06-07 15:22:00', '2025-06-07 15:23:00', '2025-06-14 15:43:00', '拌牛板筋(250g)(1袋);参鸡汤 1000g(1袋);亲久米酒(草莓米酒)(1瓶);朝鲜族米肠 500g(1袋)', 4, 4, 94.60, 31.90, -10.00);
INSERT INTO `orders` VALUES ('E20250607202545055906169', 'R157', '兰兰준호맘', '交易完成', '2025-06-07 20:25:00', '2025-06-07 20:25:00', '2025-06-15 14:14:00', '米汁 500g(4件)', 4, 1, 32.00, 24.90, -10.00);
INSERT INTO `orders` VALUES ('E20250607210235058506165', 'R195', '鱼糕大叔', '交易关闭', '2025-06-07 21:02:00', NULL, NULL, '小银鱼/干虾 干果150g(小银鱼干果)(1盒)', 1, 1, 22.00, 12.00, -10.00);
INSERT INTO `orders` VALUES ('E20250607212047040100041', 'R019', '镇艳', '交易关闭', '2025-06-07 21:20:00', NULL, NULL, '小银鱼/干虾 干果150g(小银鱼干果)(1盒);米汁 500g(1件)', 2, 2, 24.00, 12.00, 0.00);
INSERT INTO `orders` VALUES ('E20250607212423093200025', 'R194', '顶楼泡菜之家（张太峰）', '交易关闭', '2025-06-07 21:24:00', '2025-06-07 21:24:00', NULL, '小银鱼/干虾 干果150g(小银鱼干果)(1盒)', 1, 1, 17.60, 12.00, -10.00);
INSERT INTO `orders` VALUES ('E20250607212522093200035', 'R194', '顶楼泡菜之家（张太峰）', '交易关闭', '2025-06-07 21:25:00', NULL, NULL, '小银鱼/干虾 干果150g(干虾干果)(1盒)', 1, 1, 23.20, 12.00, 0.00);
INSERT INTO `orders` VALUES ('E20250608092657010400069', 'R164', '明日之King', '交易完成', '2025-06-08 09:26:00', '2025-06-08 09:27:00', '2025-06-15 19:04:00', '萝卜块泡菜 400g(2袋);韩味冷面 750g(10袋)', 12, 2, 98.00, 73.90, -10.00);
INSERT INTO `orders` VALUES ('E20250608114610052006175', 'R026', '索多', '交易完成', '2025-06-08 11:46:00', '2025-06-08 11:46:00', '2025-06-15 17:34:00', '辣白菜 袋装(1.5kg)(1袋);小银鱼/干虾 干果150g(小银鱼干果)(1盒);拌明太鱼 250g(1袋)', 3, 3, 76.00, 12.00, -10.00);
INSERT INTO `orders` VALUES ('E20250608151936055900053', 'R157', '兰兰준호맘', '交易关闭', '2025-06-08 15:19:00', NULL, NULL, '朝鲜族米肠 500g(2袋)', 2, 1, 50.00, 7.00, 0.00);
INSERT INTO `orders` VALUES ('E20250608155433055906157', 'R157', '兰兰준호맘', '交易关闭', '2025-06-08 15:54:00', NULL, NULL, '朝鲜族米肠 500g(2袋)', 2, 1, 50.00, 7.00, 0.00);
INSERT INTO `orders` VALUES ('E20250608170928050906173', 'R193', 'Cary ෆ⃛ ོ    ོ', '交易完成', '2025-06-08 17:09:00', '2025-06-08 17:09:00', '2025-06-16 15:34:00', '辣白菜 袋装(1.5kg)(1袋);拌桔梗（咸口&甜口） 250g(手撕拌桔梗（咸口）)(1袋);米汁 500g(1件)', 3, 3, 55.00, 18.00, -10.00);
INSERT INTO `orders` VALUES ('E20250608200044010406199', 'R192', '罗', '交易完成', '2025-06-08 20:00:00', '2025-06-08 20:00:00', '2025-06-16 15:36:00', '辣椒酱 500g(1盒);拌桔梗（咸口&甜口） 250g(手撕拌桔梗（咸口）)(1袋);拌明太鱼 250g(1袋);小银鱼/干虾 干果150g(小银鱼干果)(1盒);拌牛板筋(500g)(1袋)', 5, 5, 131.00, 24.90, -10.00);
INSERT INTO `orders` VALUES ('E20250609111708092706215', 'R137', '唉呀妈呀（Q）', '交易完成', '2025-06-09 11:17:00', '2025-06-09 11:17:00', '2025-06-16 15:31:00', '萝卜块泡菜 400g(1袋);拌明太鱼 250g(1袋);香葱泡菜 500g(1袋);参鸡汤 1000g(1袋);韩味冷面 750g(3袋);酱辣蟹 500g(1盒);小银鱼/干虾 干果150g(干虾干果)(1盒)', 9, 7, 205.00, 18.00, -10.00);
INSERT INTO `orders` VALUES ('E20250609122446017000069', 'R191', '张磊', '交易完成', '2025-06-09 12:24:00', '2025-06-09 12:25:00', '2025-06-16 15:23:00', '小萝卜泡菜 500g(1袋);韩味冷面 750g(2袋);拌牛板筋(250g)(1袋);小银鱼/干虾 干果150g(小银鱼干果)(1盒)', 5, 4, 80.00, 15.00, -10.00);
INSERT INTO `orders` VALUES ('E20250610151711077100073', 'R190', '王皓淼', '交易完成', '2025-06-10 15:17:00', '2025-06-10 15:18:00', '2025-06-17 15:22:00', '拌牛板筋(250g)(3袋);拌明太鱼 250g(1袋);小银鱼/干虾 干果150g(小银鱼干果)(3盒)', 7, 3, 166.00, 12.00, -10.00);
INSERT INTO `orders` VALUES ('E20250611184026035700081', 'R189', '白凤', '交易完成', '2025-06-11 18:40:00', '2025-06-11 18:40:00', '2025-06-19 13:56:00', '拌明太鱼 250g(1袋);米汁 500g(3件)', 4, 2, 49.00, 26.40, -10.00);
INSERT INTO `orders` VALUES ('E20250611220152001500047', 'R188', '别的小菇凉💃💃', '交易完成', '2025-06-11 22:01:00', '2025-06-11 22:02:00', '2025-06-19 13:58:00', '萝卜块泡菜 400g(1袋);小银鱼/干虾 干果150g(小银鱼干果)(1盒);拌桔梗（咸口&甜口） 250g(手撕拌桔梗（咸口）)(1袋)', 3, 3, 49.00, 19.50, -10.00);
INSERT INTO `orders` VALUES ('E20250612062542014800001', 'R156', '로이맘德国🇩🇪PM', '交易完成', '2025-06-12 06:25:00', '2025-06-12 06:25:00', '2025-06-19 13:59:00', '香葱泡菜 500g(1袋);拌板筋丝 250g(1袋);小萝卜泡菜 500g(1袋);拌牛板筋(500g)(1袋);拌桔梗（咸口&甜口） 250g(手撕拌桔梗（咸口）)(1袋)', 5, 5, 124.00, 24.90, 0.00);
INSERT INTO `orders` VALUES ('E20250612093418048900015', 'R187', '叮铃铃🐀   💨', '交易关闭', '2025-06-12 09:34:00', NULL, NULL, '辣白菜 袋装(1kg)(1袋);小萝卜泡菜 500g(1袋);香葱泡菜 500g(1袋);酱辣蟹 500g(1盒);小银鱼/干虾 干果150g(小银鱼干果)(1盒);小银鱼/干虾 干果150g(干虾干果)(1盒)', 6, 6, 166.00, 37.50, -10.00);
INSERT INTO `orders` VALUES ('E20250612094819040606169', 'R003', 'huan', '交易完成', '2025-06-12 09:48:00', '2025-06-12 09:48:00', '2025-06-20 12:56:00', '小银鱼/干虾 干果150g(小银鱼干果)(4盒)', 4, 1, 70.40, 12.00, 0.00);
INSERT INTO `orders` VALUES ('E20250612094843079500051', 'R186', '小承韩国童装工厂直销(韩国内衣）', '交易完成', '2025-06-12 09:48:00', '2025-06-12 09:57:00', '2025-06-19 14:01:00', '小银鱼/干虾 干果150g(小银鱼干果)(2盒);小银鱼/干虾 干果150g(干虾干果)(1盒)', 3, 2, 73.00, 0.00, -10.00);
INSERT INTO `orders` VALUES ('E20250612095301042506195', 'R185', '🔅蓝宝石', '交易完成', '2025-06-12 09:53:00', '2025-06-12 10:00:00', '2025-06-19 14:02:00', '小银鱼/干虾 干果150g(干虾干果)(1盒);小银鱼/干虾 干果150g(小银鱼干果)(2盒)', 3, 2, 73.00, 0.00, -10.00);
INSERT INTO `orders` VALUES ('E20250612104729071106179', 'R184', 'nana', '交易完成', '2025-06-12 10:47:00', '2025-06-12 11:03:00', '2025-06-23 15:00:00', '拌牛板筋(500g)(1袋);小银鱼/干虾 干果150g(干虾干果)(2盒);小银鱼/干虾 干果150g(小银鱼干果)(1盒)', 4, 3, 126.00, 0.00, -10.00);
INSERT INTO `orders` VALUES ('E20250612105141031906191', 'R183', '선화', '交易关闭', '2025-06-12 10:51:00', NULL, NULL, '拌桔梗（咸口&甜口） 250g(手撕拌桔梗（咸口）)(1袋);小银鱼/干虾 干果150g(干虾干果)(1盒);小银鱼/干虾 干果150g(小银鱼干果)(1盒)', 3, 3, 69.00, 17.90, -10.00);
INSERT INTO `orders` VALUES ('E20250612181128015006193', 'R182', '华', '交易完成', '2025-06-12 18:11:00', '2025-06-12 18:11:00', '2025-06-20 15:21:00', '拌牛板筋(250g)(2袋)', 2, 1, 50.00, 13.00, -10.00);
INSERT INTO `orders` VALUES ('E20250612195706041506159', 'R181', '金子', '交易完成', '2025-06-12 19:57:00', '2025-06-12 19:57:00', '2025-06-21 07:37:00', '韩味冷面 750g(8袋)', 8, 1, 64.00, 12.00, -10.00);
INSERT INTO `orders` VALUES ('E20250612205021051806165', 'R180', 'Paopao', '交易完成', '2025-06-12 20:50:00', '2025-06-12 21:03:00', '2025-06-20 15:18:00', '香葱泡菜 500g(1袋);拌板筋丝 250g(1袋)', 2, 2, 43.00, 19.50, -16.00);
INSERT INTO `orders` VALUES ('E20250613163419050206185', 'R179', '谢紫棋cindy', '交易完成', '2025-06-13 16:34:00', '2025-06-13 16:34:00', '2025-06-21 19:04:00', '拌明太鱼 250g(2袋);小萝卜泡菜 500g(1袋);拌牛板筋(250g)(15袋)', 18, 3, 442.00, 22.00, -10.00);
INSERT INTO `orders` VALUES ('E20250614191106001500003', 'R178', 'D·JiaoJiao🧸ྀི', '交易完成', '2025-06-14 19:11:00', '2025-06-14 19:11:00', '2025-06-23 08:10:00', '韩味冷面 750g(5袋)', 5, 1, 40.00, 12.00, -10.00);
INSERT INTO `orders` VALUES ('E20250614191358037000085', 'R177', 'River ᐝ', '交易关闭', '2025-06-14 19:13:00', NULL, NULL, '韩味冷面 750g(6袋)', 6, 1, 48.00, 12.00, -10.00);
INSERT INTO `orders` VALUES ('E20250614202124037006159', 'R177', 'River ᐝ', '交易完成', '2025-06-14 20:21:00', '2025-06-14 20:21:00', '2025-06-23 08:10:00', '辣白菜 袋装(1.5kg)(1袋);章鱼酱 195g(1袋);拌牛板筋(500g)(1袋);米汁 500g(4件)', 7, 4, 136.00, 12.00, -10.00);
INSERT INTO `orders` VALUES ('E20250616113600024600025', 'R176', '金谨商贸', '交易关闭', '2025-06-16 11:36:00', NULL, NULL, '酱辣蟹 500g(1盒)', 1, 1, 58.00, 12.00, -10.00);
INSERT INTO `orders` VALUES ('E20250616143941024600055', 'R176', '金谨商贸', '交易完成', '2025-06-16 14:39:00', '2025-06-16 14:39:00', '2025-06-24 08:04:00', '酱辣蟹 500g(1盒)', 1, 1, 58.00, 12.00, -10.00);
INSERT INTO `orders` VALUES ('E20250616153940016706163', 'R175', '芃芃麻麻', '交易完成', '2025-06-16 15:39:00', '2025-06-16 15:39:00', '2025-06-23 15:50:00', '韩味冷面 750g(4袋);亲久米酒(玉米米酒)(1瓶);亲久米酒(草莓米酒)(1瓶);亲久米酒(青提米酒)(4瓶)', 10, 4, 147.00, 20.00, -10.00);
INSERT INTO `orders` VALUES ('E20250617125651017300091', 'R168', '小小小赵🤍', '交易完成', '2025-06-17 12:56:00', '2025-06-17 12:57:00', '2025-06-24 16:07:00', '辣白菜 袋装(1kg)(2袋);拌牛板筋(250g)(5袋)', 7, 2, 169.00, 16.00, -10.00);
INSERT INTO `orders` VALUES ('E20250617212708029506167', 'R174', '颢颢', '交易完成', '2025-06-17 21:27:00', '2025-06-17 21:27:00', '2025-06-25 14:17:00', '拌明太鱼 250g(1袋);拌牛板筋(500g)(1袋);拌板筋丝 250g(1袋);辣白菜 袋装(1.5kg)(4袋)', 7, 4, 212.00, 26.00, -10.00);
INSERT INTO `orders` VALUES ('E20250618130008039300001', 'R173', '大草莓', '交易完成', '2025-06-18 13:00:00', '2025-06-18 13:00:00', '2025-06-25 14:16:00', '拌板筋片(500g)(2袋);韩味冷面 750g(4袋)', 6, 2, 124.00, 16.00, -10.00);
INSERT INTO `orders` VALUES ('E20250619154656100006241', 'R172', '🍭米迦勒_004603', '交易完成', '2025-06-19 15:46:00', '2025-06-19 15:47:00', '2025-06-27 13:23:00', '拌板筋片(500g)(1袋);拌板筋丝 250g(1袋);辣白菜 袋装(1.5kg)(1袋);萝卜块泡菜 400g(1袋)', 4, 4, 109.00, 15.00, -10.00);
INSERT INTO `orders` VALUES ('E20250619194143067000073', 'R171', 'beoChen', '交易完成', '2025-06-19 19:41:00', '2025-06-19 19:41:00', '2025-06-27 13:24:00', '小银鱼/干虾 干果150g(小银鱼干果)(1盒);辣白菜 袋装(1kg)(1袋);拌苏子叶 190g(1袋);小萝卜泡菜 500g(1袋)', 4, 4, 71.00, 14.00, -10.00);
INSERT INTO `orders` VALUES ('E20250620103206017300017', 'R168', '小小小赵🤍', '交易完成', '2025-06-20 10:32:00', '2025-06-20 10:32:00', '2025-06-27 13:25:00', '韩味冷面 750g(4袋);拌明太鱼 250g(2袋);拌板筋片(500g)(2袋)', 8, 3, 174.00, 17.00, -23.00);
INSERT INTO `orders` VALUES ('E20250620134504019106163', 'R170', '*。Ю媛※■', '交易完成', '2025-06-20 13:45:00', '2025-06-20 13:45:00', '2025-06-27 16:54:00', '小银鱼/干虾 干果150g(小银鱼干果)(1盒);辣白菜 袋装(1kg)(1袋);亲久米酒(糯米米酒)(1瓶);亲久米酒(玉米米酒)(1瓶);韩味冷面 750g(4袋)', 8, 5, 106.00, 12.00, -10.00);
INSERT INTO `orders` VALUES ('E20250621142550040100067', 'R019', '镇艳', '交易关闭', '2025-06-21 14:25:00', NULL, NULL, '测试用 - 2号(1件);测试用 - 1号(1袋)', 2, 2, 40.00, 0.00, 0.00);
INSERT INTO `orders` VALUES ('E20250621143247040106183', 'R169', '镇艳', '交易关闭', '2025-06-21 14:32:00', NULL, NULL, '测试用 - 2号(1件);测试用 - 1号(1袋)', 2, 2, 40.00, 18.40, 0.00);
INSERT INTO `orders` VALUES ('E20250621143931040106207', 'R019', '镇艳', '交易关闭', '2025-06-21 14:39:00', NULL, NULL, '酱黑豆 220g(1袋);测试用 - 1号(2袋)', 3, 2, 40.00, 12.00, 0.00);
INSERT INTO `orders` VALUES ('E20250621153430040106169', 'R169', '镇艳', '交易关闭', '2025-06-21 15:34:00', NULL, NULL, '测试用 - 2号(2件);拌板筋片(250g)(1袋)', 3, 2, 68.00, 18.40, 0.00);
INSERT INTO `orders` VALUES ('E20250621163734040106191', 'R169', '镇艳', '交易关闭', '2025-06-21 16:37:00', NULL, NULL, '小萝卜泡菜 500g(1袋);测试用 - 2号(1件);测试用 - 1号(1袋)', 3, 3, 53.60, 18.40, 0.00);
INSERT INTO `orders` VALUES ('E20250622075420017300059', 'R168', '小小小赵🤍', '交易完成', '2025-06-22 07:54:00', '2025-06-22 07:54:00', '2025-06-29 15:03:00', '牛板筋(板筋片500g)(1袋);韩味冷面 750g(2袋);拌明太鱼 250g(1袋)', 4, 3, 87.00, 15.00, 0.00);
INSERT INTO `orders` VALUES ('E20250622202355009500005', 'R048', '孟昕霖', '交易完成', '2025-06-22 20:23:00', '2025-06-22 20:24:00', '2025-06-30 14:17:00', '拌饭酱 425g(1盒);韩味冷面 750g(5袋)', 6, 2, 55.00, 22.00, -10.00);
INSERT INTO `orders` VALUES ('E20250623091834067106149', 'R167', '冀晔', '交易完成', '2025-06-23 09:18:00', '2025-06-23 09:18:00', '2025-06-30 15:54:00', '韩式辣椒酱 500g(1盒);萝卜块泡菜 400g(1袋);拌明太鱼 250g(1袋);拌桔梗（咸口&甜口） 250g(手撕拌桔梗（咸口）)(1袋);辣白菜 袋装(1kg)(1袋);牛板筋(板筋丝250g)(1袋)', 6, 6, 115.00, 12.00, -10.00);
INSERT INTO `orders` VALUES ('E20250623203356094606203', 'R166', '言覃木南木南', '交易完成', '2025-06-23 20:33:00', '2025-06-23 20:34:00', '2025-07-01 14:20:00', '韩味冷面 750g(5袋)', 5, 1, 40.00, 16.00, -10.00);
INSERT INTO `orders` VALUES ('E20250623210407083000077', 'R165', '奔跑的犀牛', '交易完成', '2025-06-23 21:04:00', '2025-06-23 21:04:00', '2025-07-01 14:21:00', '萝卜块泡菜 400g(1袋);鱿鱼酱 240g(1袋);拌苏子叶 190g(2袋);拌明太鱼 250g(1袋);牛板筋(板筋丝250g)(1袋)', 6, 5, 101.00, 28.50, -10.00);
INSERT INTO `orders` VALUES ('E20250625131803052000035', 'R026', '索多', '交易完成', '2025-06-25 13:18:00', '2025-06-25 13:18:00', '2025-07-03 06:19:00', '酱辣蟹 500g(1盒);拌明太鱼 250g(1袋);牛板筋(板筋片500g)(1袋)', 3, 3, 122.55, 12.00, -99.00);
INSERT INTO `orders` VALUES ('E20250625140249010406169', 'R164', '明日之King', '交易关闭', '2025-06-25 14:02:00', NULL, NULL, '韩味冷面 750g(20袋)', 20, 1, 160.00, 0.00, 0.00);
INSERT INTO `orders` VALUES ('E20250625141644012706147', 'R069', '진베베花(童装）', '交易完成', '2025-06-25 14:16:00', '2025-06-25 14:29:00', '2025-07-03 17:39:00', '酱黑豆 220g(1袋);拌苏子叶 190g(1袋);萝卜块泡菜 400g(1袋);小萝卜泡菜 500g(1袋);酱辣蟹 500g(1盒)', 5, 5, 83.20, 0.00, -10.00);
INSERT INTO `orders` VALUES ('E20250625171426010406209', 'R164', '明日之King', '交易完成', '2025-06-25 17:14:00', '2025-06-25 17:23:00', '2025-07-03 17:39:00', '韩味冷面 750g(20袋)', 20, 1, 160.00, 0.00, 0.00);
INSERT INTO `orders` VALUES ('E20250625182051045300079', 'R163', '阿才才', '交易完成', '2025-06-25 18:20:00', '2025-06-25 18:21:00', '2025-07-03 13:58:00', '牛板筋(板筋丝250g)(1袋);牛板筋(板筋片250g)(1袋);拌明太鱼 250g(1袋);拌桔梗（咸口&甜口） 250g(拌桔梗（甜口）)(1袋)', 4, 4, 90.00, 17.90, -10.00);
INSERT INTO `orders` VALUES ('E20250625210431030306149', 'R162', '好运来', '交易完成', '2025-06-25 21:04:00', '2025-06-25 21:04:00', '2025-07-04 12:19:00', '韩味冷面 750g(10袋)', 10, 1, 80.00, 12.00, -10.00);
INSERT INTO `orders` VALUES ('E20250625230842074706165', 'R161', 'jiawei', '交易完成', '2025-06-25 23:08:00', '2025-06-25 23:08:00', '2025-07-03 13:58:00', '朝鲜族米肠 500g(1袋);小银鱼/干虾 干果150g(小银鱼干果)(1盒);牛板筋(板筋片250g)(1袋);牛板筋(板筋丝250g)(2袋);牛板筋(板筋片500g)(2袋)', 7, 5, 214.00, 18.00, -10.00);
INSERT INTO `orders` VALUES ('E20250626002959065306149', 'R160', '小花', '交易完成', '2025-06-26 00:29:00', '2025-06-26 00:30:00', '2025-07-03 13:57:00', '章鱼酱 195g(3袋);拌明太鱼 250g(2袋);朝鲜族米肠 500g(3袋);牛板筋(板筋丝250g)(3袋)', 11, 4, 287.00, 20.00, -10.00);
INSERT INTO `orders` VALUES ('E20250626172259070006215', 'R159', '小狼～', '交易关闭', '2025-06-26 17:22:00', NULL, NULL, '辣白菜 袋装(1kg)(11袋);韩味冷面 750g(11袋)', 22, 2, 330.00, 32.00, -10.00);
INSERT INTO `orders` VALUES ('E20250627103902011306169', 'R158', '素然🐴🐯🐶439', '交易完成', '2025-06-27 10:39:00', '2025-06-27 10:39:00', '2025-07-04 14:53:00', '辣白菜 袋装(1kg)(5袋);小银鱼/干虾 干果150g(干虾干果)(3盒);小银鱼/干虾 干果150g(小银鱼干果)(2盒);牛板筋(板筋片500g)(5袋)', 15, 4, 471.00, 0.00, -10.00);
INSERT INTO `orders` VALUES ('E20250627125136055906253', 'R157', '兰兰준호맘', '交易完成', '2025-06-27 12:51:00', '2025-06-27 12:51:00', '2025-07-04 14:54:00', '牛板筋(板筋片250g)(1袋);参鸡汤 1000g(1袋);拌苏子叶 190g(1袋);亲久米酒(青提米酒)(1瓶);朝鲜族米肠 500g(1袋)', 5, 5, 122.00, 0.00, 0.00);
INSERT INTO `orders` VALUES ('E20250627125334014800037', 'R156', '로이맘德国🇩🇪PM', '交易完成', '2025-06-27 12:53:00', '2025-06-27 12:53:00', '2025-07-04 14:54:00', '拌苏子叶 190g(1袋);萝卜块泡菜 400g(1袋);小萝卜泡菜 500g(1袋);朝鲜族米肠 500g(1袋);牛板筋(板筋片500g)(1袋)', 5, 5, 107.00, 0.00, 0.00);
INSERT INTO `orders` VALUES ('E20250627130558012706241', 'R069', '진베베花(童装）', '交易关闭', '2025-06-27 13:06:00', NULL, NULL, '朝鲜族米肠 500g*4袋(1袋)', 1, 1, 88.00, 0.00, 0.00);
INSERT INTO `orders` VALUES ('E20250627141825041906191', 'R155', '伊本 微微', '交易完成', '2025-06-27 14:18:00', '2025-06-27 14:18:00', '2025-07-04 14:55:00', '香葱泡菜 500g(1袋);拌明太鱼 250g(2袋);拌桔梗（咸口&甜口） 250g(拌桔梗（甜口）)(2袋);韩味冷面 750g(2袋)', 7, 4, 114.00, 0.00, -10.00);
INSERT INTO `orders` VALUES ('E20250627175044087506147', 'R154', '阿蓝', '交易完成', '2025-06-27 17:50:00', '2025-06-27 17:50:00', '2025-07-05 19:37:00', '萝卜块泡菜 400g(1袋);拌明太鱼 250g(1袋);亲久米酒(奶油米酒)(2瓶)', 4, 3, 74.00, 12.00, -10.00);
INSERT INTO `orders` VALUES ('E20250627203712015000023', 'R153', '虎哥', '交易完成', '2025-06-27 20:37:00', '2025-06-27 20:37:00', '2025-07-05 14:52:00', '朝鲜族米肠 500g*4袋(2袋)', 2, 1, 176.00, 0.00, -10.00);
INSERT INTO `orders` VALUES ('E20250627214754012700055', 'R069', '진베베花(童装）', '交易关闭', '2025-06-27 21:47:00', NULL, NULL, '朝鲜族米肠 500g(4袋)', 4, 1, 80.00, 24.90, 0.00);
INSERT INTO `orders` VALUES ('E20250627215029015006189', 'R152', 'A加加布鲁根', '交易完成', '2025-06-27 21:50:00', '2025-06-27 21:50:00', '2025-07-05 14:54:00', '牛板筋(板筋片250g)(4袋);牛板筋(板筋丝250g)(4袋)', 8, 2, 200.00, 0.00, -10.00);
INSERT INTO `orders` VALUES ('E20250628130457097300077', 'R070', '💫飞天小仙女🎀', '交易完成', '2025-06-28 13:04:00', '2025-06-28 13:05:00', '2025-07-06 10:54:00', '酱黑豆 220g(2袋);小银鱼/干虾 干果150g(干虾干果)(2盒);小银鱼/干虾 干果150g(小银鱼干果)(5盒);牛板筋(板筋片250g)(3袋);辣白菜1kg 2袋+牛板筋250g 2袋(板筋片250g 2袋+辣白菜1kg 2袋)(1套)', 13, 5, 351.00, 0.00, -10.00);
INSERT INTO `orders` VALUES ('E20250628130749097300059', 'R070', '💫飞天小仙女🎀', '交易完成', '2025-06-28 13:07:00', '2025-06-28 13:07:00', '2025-07-06 11:03:00', '米汁 500g(2件);小银鱼/干虾 干果150g(小银鱼干果)(4盒)', 6, 2, 104.00, 0.00, 0.00);
INSERT INTO `orders` VALUES ('E20250628144312056000013', 'R151', '文心^^*(윤희)', '交易完成', '2025-06-28 14:43:00', '2025-06-28 14:43:00', '2025-07-05 15:00:00', '辣白菜1kg 2袋+牛板筋250g 2袋(板筋片250g 2袋+辣白菜1kg 2袋)(1套);拌明太鱼 250g(1袋)', 2, 2, 113.00, 0.00, -10.00);
INSERT INTO `orders` VALUES ('E20250628150730048906183', 'R150', '叮铃铃🐀   💨', '交易完成', '2025-06-28 15:07:00', '2025-06-28 15:09:00', '2025-07-06 10:54:00', '章鱼酱 195g(1袋);香葱泡菜 500g(1袋);小萝卜泡菜 500g(1袋);小银鱼/干虾 干果150g(干虾干果)(1盒);酱辣蟹 500g(1盒)', 5, 5, 151.00, 0.00, -10.00);
INSERT INTO `orders` VALUES ('E20250628161134074606165', 'R149', 'Rebecca💦', '交易完成', '2025-06-28 16:11:00', '2025-06-28 16:11:00', '2025-07-05 16:37:00', '辣白菜1kg 2袋+牛板筋250g 2袋(板筋丝250g 2袋+辣白菜1kg 2袋)(1套)', 1, 1, 88.00, 0.00, -10.00);
INSERT INTO `orders` VALUES ('E20250628175759056100039', 'R148', '昨儿', '交易完成', '2025-06-28 17:57:00', '2025-06-28 17:58:00', '2025-07-06 14:44:00', '拌板筋(拌板筋片500g)(2袋);小银鱼/干虾 干果150g(小银鱼干果)(1盒)', 3, 2, 114.00, 0.00, -10.00);
INSERT INTO `orders` VALUES ('E20250628181115070000021', 'R147', '小狼～', '交易完成', '2025-06-28 18:11:00', '2025-06-28 18:11:00', '2025-07-06 14:45:00', '亲久米酒(青提米酒)(1瓶);亲久米酒(糯米米酒)(1瓶);韩味冷面 750g(13袋);辣白菜 袋装(1kg)(14袋);拌板筋(拌板筋片250g)(2袋);朝鲜族米肠 500g(1袋)', 32, 6, 522.00, 0.00, -10.00);
INSERT INTO `orders` VALUES ('E20250628181620094006185', 'R146', 'GYC🎀하 베이비', '交易完成', '2025-06-28 18:16:00', '2025-06-28 18:16:00', '2025-07-06 17:24:00', '酱辣蟹 500g*2盒(1盒)', 1, 1, 108.00, 0.00, -10.00);
INSERT INTO `orders` VALUES ('E20250628181626038400013', 'R145', '刘', '交易完成', '2025-06-28 18:16:00', '2025-06-28 18:16:00', '2025-07-06 14:47:00', '辣白菜 袋装(1kg)(11袋);韩味冷面 750g(11袋)', 22, 2, 330.00, 0.00, -10.00);
INSERT INTO `orders` VALUES ('E20250628190852026006215', 'R144', 'ʚ🐨ིྀɞ', '交易完成', '2025-06-28 19:08:00', '2025-06-28 19:09:00', '2025-07-06 14:47:00', '拌饭酱 425g(1盒);拌板筋(拌板筋丝250g)(1袋);拌板筋(拌板筋片500g)(1袋);小银鱼/干虾 干果150g(小银鱼干果)(1盒)', 4, 4, 108.00, 0.00, -10.00);
INSERT INTO `orders` VALUES ('E20250629070332052900007', 'R143', '加油', '交易完成', '2025-06-29 07:03:00', '2025-06-29 07:03:00', '2025-07-06 14:48:00', '朝鲜族米肠 500g*4袋(1袋)', 1, 1, 88.00, 0.00, -10.00);
INSERT INTO `orders` VALUES ('E20250629094301085106177', 'R142', '谭雪', '交易完成', '2025-06-29 09:43:00', '2025-06-29 09:43:00', '2025-07-06 14:49:00', '小银鱼/干虾 干果150g(小银鱼干果)(1盒);小银鱼/干虾 干果150g(干虾干果)(1盒);辣白菜1kg 2袋+拌板筋250g 2袋(拌板筋片250g 2袋+辣白菜1kg 2袋)(1套)', 3, 3, 139.00, 0.00, -10.00);
INSERT INTO `orders` VALUES ('E20250629101514056706203', 'R141', 'A0--西美丽♈', '交易完成', '2025-06-29 10:15:00', '2025-06-29 10:15:00', '2025-07-06 14:49:00', '拌板筋(拌板筋丝250g)(1袋);酱辣蟹 500g(1盒);拌桔梗（咸口&甜口） 250g(手撕拌桔梗（咸口）)(1袋);小银鱼/干虾 干果150g(小银鱼干果)(1盒)', 4, 4, 123.00, 0.00, -10.00);
INSERT INTO `orders` VALUES ('E20250629104349012206197', 'R140', '温shu芸', '交易完成', '2025-06-29 10:43:00', '2025-06-29 10:43:00', '2025-07-06 10:55:00', '拌板筋(拌板筋丝250g)(1袋);韩式辣椒酱 500g(1盒);酱辣蟹 500g(1盒);辣白菜 袋装(1.5kg)(1袋)', 4, 4, 128.00, 0.00, -10.00);
INSERT INTO `orders` VALUES ('E20250629150601024006159', 'R139', 'Daisy', '交易完成', '2025-06-29 15:06:00', '2025-06-29 15:06:00', '2025-07-07 12:44:00', '拌板筋(拌板筋丝250g)(1袋);拌饭酱 425g(1盒);辣白菜 袋装(1.5kg)(1袋);朝鲜族米肠 500g(1袋);小萝卜泡菜 500g(1袋)', 5, 5, 111.00, 0.00, -10.00);
INSERT INTO `orders` VALUES ('E20250629151805004200045', 'R138', '芝士小丸子', '交易关闭', '2025-06-29 15:18:00', NULL, NULL, '拌板筋(拌板筋片250g)(1袋)', 1, 1, 25.00, 14.00, -10.00);
INSERT INTO `orders` VALUES ('E20250629151954092700059', 'R137', '唉呀妈呀（Q）', '交易完成', '2025-06-29 15:19:00', '2025-06-29 15:20:00', '2025-07-07 12:46:00', '韩味冷面 750g(6袋);参鸡汤 1000g(1袋);酱辣蟹 500g(1盒)', 8, 3, 148.00, 0.00, 0.00);
INSERT INTO `orders` VALUES ('E20250629152059015006171', 'R136', '旋紫', '交易完成', '2025-06-29 15:21:00', '2025-06-29 15:21:00', '2025-07-07 18:29:00', '拌板筋(拌板筋片500g)(1袋);小银鱼/干虾 干果150g(小银鱼干果)(3盒)', 4, 2, 112.00, 0.00, -10.00);
INSERT INTO `orders` VALUES ('E20250629152109064100045', 'R135', 'NE.fifi💋', '交易关闭', '2025-06-29 15:21:00', NULL, NULL, '辣白菜1kg 2袋+拌板筋250g 2袋(拌板筋丝250g 2袋+辣白菜1kg 2袋)(1套)', 1, 1, 88.00, 0.00, -10.00);
INSERT INTO `orders` VALUES ('E20250629152222053706209', 'R134', '十五', '交易完成', '2025-06-29 15:22:00', '2025-06-29 15:22:00', '2025-07-07 12:54:00', '小萝卜泡菜 500g(1袋);拌板筋(拌板筋丝250g)(1袋);酱黑豆 220g(4袋);辣白菜 袋装(1.5kg)(1袋)', 7, 4, 111.00, 0.00, -10.00);
INSERT INTO `orders` VALUES ('E20250629152505016000057', 'R133', '小宇', '交易完成', '2025-06-29 15:25:00', '2025-06-29 15:25:00', '2025-07-07 12:48:00', '拌饭酱 425g(1盒);米汁 500g(2件);拌板筋(拌板筋片500g)(1袋);小萝卜泡菜 500g(2袋)', 6, 4, 111.00, 0.00, -10.00);
INSERT INTO `orders` VALUES ('E20250629152845006106209', 'R132', '刘慧慧啊🌴', '交易完成', '2025-06-29 15:28:00', '2025-06-29 15:28:00', '2025-07-07 18:38:00', '拌桔梗（咸口&甜口） 250g(手撕拌桔梗（咸口）)(1袋);拌板筋(拌板筋片500g)(1袋)', 2, 2, 64.00, 12.00, -10.00);
INSERT INTO `orders` VALUES ('E20250629153039064106209', 'R131', 'NE.fifi💋', '交易完成', '2025-06-29 15:30:00', '2025-06-29 15:30:00', '2025-07-07 12:49:00', '韩味冷面 750g(1袋);拌明太鱼 250g(1袋);拌板筋(拌板筋丝250g)(3袋)', 5, 3, 108.00, 0.00, -10.00);
INSERT INTO `orders` VALUES ('E20250629153207083106211', 'R130', '我是你的阿拉平', '交易完成', '2025-06-29 15:32:00', '2025-06-29 15:32:00', '2025-07-07 18:39:00', '拌桔梗（咸口&甜口） 250g(手撕拌桔梗（咸口）)(1袋);韩味冷面 750g(2袋);拌明太鱼 250g(1袋);米汁 500g(1件);辣白菜 袋装(1.5kg)(2袋)', 7, 5, 125.00, 0.00, -10.00);
INSERT INTO `orders` VALUES ('E20250629153411034206171', 'R129', '닥터 김', '交易完成', '2025-06-29 15:34:00', '2025-06-29 15:34:00', '2025-07-07 12:50:00', '拌桔梗（咸口&甜口） 250g(拌桔梗（甜口）)(1袋);参鸡汤 1000g(1袋);萝卜块泡菜 400g(1袋);辣白菜 袋装(1.5kg)(1袋);韩味冷面 750g(2袋)', 6, 5, 111.00, 0.00, -10.00);
INSERT INTO `orders` VALUES ('E20250629153714052500027', 'R128', 'O耶', '交易完成', '2025-06-29 15:37:00', '2025-06-29 15:37:00', '2025-07-07 12:55:00', '参鸡汤 1000g(1袋);酱辣蟹 500g(1盒);辣白菜 袋装(1.5kg)(1袋);韩味冷面 750g(1袋)', 4, 4, 137.00, 0.00, -10.00);
INSERT INTO `orders` VALUES ('E20250629154319020000053', 'R127', '文小文', '交易完成', '2025-06-29 15:43:00', '2025-06-29 15:43:00', '2025-07-07 18:28:00', '萝卜块泡菜 400g(2袋);拌桔梗（咸口&甜口） 250g(拌桔梗（甜口）)(3袋);辣白菜 袋装(1.5kg)(2袋)', 7, 3, 121.00, 0.00, -10.00);
INSERT INTO `orders` VALUES ('E20250629160547017406185', 'R126', '努力努力再努力@续', '交易完成', '2025-06-29 16:05:00', '2025-06-29 16:05:00', '2025-07-07 14:34:00', '亲久米酒(糯米米酒)(1瓶);辣白菜 袋装(1.5kg)(1袋);韩味冷面 750g(2袋);朝鲜族米肠 500g(1袋);拌板筋(拌板筋丝250g)(1袋);小银鱼/干虾 干果150g(小银鱼干果)(1盒);萝卜块泡菜 400g(2袋)', 9, 7, 150.00, 0.00, -10.00);
INSERT INTO `orders` VALUES ('E20250629161711016306157', 'R125', '吉文静', '交易完成', '2025-06-29 16:17:00', '2025-06-29 16:17:00', '2025-07-07 14:35:00', '韩味冷面 750g(1袋);拌板筋(拌板筋片500g)(1袋);辣白菜 袋装(1.5kg)(1袋);酱辣蟹 500g(1盒)', 4, 4, 141.00, 0.00, -10.00);
INSERT INTO `orders` VALUES ('E20250629163628077806145', 'R124', '张小花', '交易完成', '2025-06-29 16:36:00', '2025-06-29 16:36:00', '2025-07-07 14:36:00', '拌苏子叶 190g(1袋);拌板筋(拌板筋片250g)(1袋);辣白菜 袋装(1.5kg)(1袋);小银鱼/干虾 干果150g(小银鱼干果)(2盒)', 5, 4, 108.00, 0.00, -10.00);
INSERT INTO `orders` VALUES ('E20250629164818082006181', 'R123', '蕾', '交易完成', '2025-06-29 16:48:00', '2025-06-29 16:48:00', '2025-07-07 14:38:00', '小萝卜泡菜 500g(2袋);参鸡汤 1000g(1袋);米汁 500g(2件);韩味冷面 750g(2袋)', 7, 4, 108.00, 0.00, -10.00);
INSERT INTO `orders` VALUES ('E20250629165739029706203', 'R122', '阿蓝', '交易完成', '2025-06-29 16:57:00', '2025-06-29 16:57:00', '2025-07-07 14:38:00', '韩味冷面 750g(3袋);拌板筋(拌板筋片500g)(1袋);拌板筋(拌板筋丝250g)(2袋)', 6, 3, 120.00, 0.00, -10.00);
INSERT INTO `orders` VALUES ('E20250629170448006006153', 'R121', '阿蓝', '交易完成', '2025-06-29 17:04:00', '2025-06-29 17:04:00', '2025-07-07 18:27:00', '萝卜块泡菜 400g(1袋);拌板筋(拌板筋片250g)(1袋);辣白菜1kg 2袋+拌板筋250g 2袋(拌板筋片250g 2袋+辣白菜1kg 2袋)(1套)', 3, 3, 122.00, 0.00, -10.00);
INSERT INTO `orders` VALUES ('E20250629172019038806189', 'R009', '娜', '交易完成', '2025-06-29 17:20:00', '2025-06-29 17:20:00', '2025-07-07 18:27:00', '拌饭酱 425g(1盒);小银鱼/干虾 干果150g(小银鱼干果)(3盒);拌板筋(拌板筋丝250g)(2袋)', 6, 3, 131.00, 0.00, -10.00);
INSERT INTO `orders` VALUES ('E20250629175256097806147', 'R120', '小花', '交易完成', '2025-06-29 17:52:00', '2025-06-29 17:53:00', '2025-07-07 19:33:00', '拌苏子叶 190g(1袋);拌板筋(拌板筋片500g)(1袋);小银鱼/干虾 干果150g(干虾干果)(1盒);拌桔梗（咸口&甜口） 250g(拌桔梗（甜口）)(1袋);拌明太鱼 250g(1袋)', 5, 5, 125.00, 0.00, -10.00);
INSERT INTO `orders` VALUES ('E20250629181454053900077', 'R119', '萝溪.', '交易关闭', '2025-06-29 18:14:00', NULL, NULL, '朝鲜族米肠 500g(2袋);韩味冷面 750g(4袋);拌板筋(拌板筋片250g)(2袋)', 8, 3, 132.00, 0.00, -10.00);
INSERT INTO `orders` VALUES ('E20250629181456097400017', 'R118', '喜洋洋', '交易完成', '2025-06-29 18:14:00', '2025-06-29 18:15:00', '2025-07-07 12:55:00', '辣白菜1kg 2袋+拌板筋250g 2袋(拌板筋丝250g 2袋+辣白菜1kg 2袋)(1套)', 1, 1, 88.00, 0.00, -10.00);
INSERT INTO `orders` VALUES ('E20250629182359101406173', 'R117', '顾佳妮', '交易完成', '2025-06-29 18:24:00', '2025-06-29 18:24:00', '2025-07-07 14:39:00', '拌板筋(拌板筋片500g)(2袋);韩味冷面 750g(4袋)', 6, 2, 124.00, 0.00, -10.00);
INSERT INTO `orders` VALUES ('E20250629182556077200001', 'R116', '若冰', '交易完成', '2025-06-29 18:25:00', '2025-06-29 18:26:00', '2025-07-07 14:39:00', '小银鱼/干虾 干果150g(干虾干果)(1盒);辣白菜1kg 2袋+拌板筋250g 2袋(拌板筋片250g 2袋+辣白菜1kg 2袋)(1套)', 2, 2, 117.00, 0.00, -10.00);
INSERT INTO `orders` VALUES ('E20250629182607088306187', 'R115', '花开不败', '交易完成', '2025-06-29 18:26:00', '2025-06-29 18:26:00', '2025-07-07 14:40:00', '米汁 500g(2件);拌板筋(拌板筋片500g)(3袋)', 5, 2, 154.00, 0.00, -10.00);
INSERT INTO `orders` VALUES ('E20250629182827078900015', 'R114', '平淡生活', '交易完成', '2025-06-29 18:28:00', '2025-06-29 18:28:00', '2025-07-07 18:29:00', '辣白菜1kg 2袋+拌板筋250g 2袋(拌板筋片250g 2袋+辣白菜1kg 2袋)(1套);小银鱼/干虾 干果150g(干虾干果)(1盒)', 2, 2, 117.00, 0.00, -10.00);
INSERT INTO `orders` VALUES ('E20250629182900064706163', 'R113', 'Neo', '交易完成', '2025-06-29 18:29:00', '2025-06-29 18:29:00', '2025-07-07 12:56:00', '辣白菜 袋装(1.5kg)(1袋);酱辣蟹 500g*2盒(1盒);萝卜块泡菜 400g(1袋);米汁 500g(1件)', 4, 4, 154.00, 0.00, -10.00);
INSERT INTO `orders` VALUES ('E20250629183350090100049', 'R112', 'Bowen', '交易完成', '2025-06-29 18:33:00', '2025-06-29 18:34:00', '2025-07-07 14:40:00', '参鸡汤 1000g(1袋);米汁 500g(2件);小银鱼/干虾 干果150g(干虾干果)(1盒);拌板筋(拌板筋片500g)(1袋)', 5, 4, 133.00, 0.00, -10.00);
INSERT INTO `orders` VALUES ('E20250629184940083306153', 'R111', 'Z🌷＾小栋', '交易完成', '2025-06-29 18:49:00', '2025-06-29 18:49:00', '2025-07-07 18:26:00', '拌板筋(拌板筋片500g)(1袋)', 1, 1, 46.00, 12.00, -10.00);
INSERT INTO `orders` VALUES ('E20250629185614022306173', 'R110', '圆溜溜', '交易完成', '2025-06-29 18:56:00', '2025-06-29 18:56:00', '2025-07-07 14:41:00', '拌板筋(拌板筋片250g)(1袋);朝鲜族米肠 500g*4袋(1袋);小银鱼/干虾 干果150g(干虾干果)(1盒)', 3, 3, 142.00, 0.00, -10.00);
INSERT INTO `orders` VALUES ('E20250629185828101700059', 'R109', '大海', '交易完成', '2025-06-29 18:58:00', '2025-06-29 18:58:00', '2025-07-07 16:28:00', '酱辣蟹 500g*2盒(1盒);小银鱼/干虾 干果150g(小银鱼干果)(1盒);韩味冷面 750g(1袋);拌板筋(拌板筋丝250g)(1袋)', 4, 4, 163.00, 0.00, -10.00);
INSERT INTO `orders` VALUES ('E20250629190755038706181', 'R108', '青草香', '交易完成', '2025-06-29 19:07:00', '2025-06-29 19:08:00', '2025-07-07 12:57:00', '辣白菜1kg 2袋+拌板筋250g 2袋(拌板筋片250g 2袋+辣白菜1kg 2袋)(1套)', 1, 1, 88.00, 0.00, -10.00);
INSERT INTO `orders` VALUES ('E20250629190804043706229', 'R107', '娜，初心烘焙.私人定制15032312714', '交易完成', '2025-06-29 19:08:00', '2025-06-29 19:08:00', '2025-07-07 14:41:00', '拌板筋(拌板筋片250g)(1袋);拌板筋(拌板筋片500g)(2袋)', 3, 2, 117.00, 0.00, -10.00);
INSERT INTO `orders` VALUES ('E20250629191258098800053', 'R106', 'ShufeiZHENG', '交易完成', '2025-06-29 19:12:00', '2025-06-29 19:13:00', '2025-07-07 12:58:00', '辣白菜 袋装(1kg)(2袋);酱黑豆 220g(1袋);拌苏子叶 190g(1袋);萝卜块泡菜 400g(1袋);小银鱼/干虾 干果150g(小银鱼干果)(1盒);韩味冷面 750g(2袋)', 8, 6, 111.00, 0.00, -10.00);
INSERT INTO `orders` VALUES ('E20250629191343071506161', 'R105', '阳洋', '交易完成', '2025-06-29 19:13:00', '2025-06-29 19:13:00', '2025-07-07 15:58:00', '拌板筋(拌板筋片500g)(1袋);酱黑豆 220g(1袋);辣白菜 袋装(1kg)(1袋);拌桔梗（咸口&甜口） 250g(拌桔梗（甜口）)(1袋);小银鱼/干虾 干果150g(小银鱼干果)(1盒)', 5, 5, 115.00, 0.00, -10.00);
INSERT INTO `orders` VALUES ('E20250629192439014600061', 'R104', 'Q', '交易完成', '2025-06-29 19:24:00', '2025-06-29 19:24:00', '2025-07-07 12:59:00', '亲久米酒(玉米米酒)(1瓶);亲久米酒(糯米米酒)(1瓶);米汁 500g(2件);小银鱼/干虾 干果150g(干虾干果)(1盒);韩味冷面 750g(2袋);拌桔梗（咸口&甜口） 250g(拌桔梗（甜口）)(1袋);酱辣蟹 500g(1盒)', 9, 7, 164.00, 0.00, -10.00);
INSERT INTO `orders` VALUES ('E20250629192838039700035', 'R103', 'Kobe', '交易完成', '2025-06-29 19:28:00', '2025-06-29 19:29:00', '2025-07-07 13:00:00', '酱辣蟹 500g(1盒);小银鱼/干虾 干果150g(干虾干果)(1盒);辣白菜 袋装(1kg)(1袋);拌苏子叶 190g(1袋);章鱼酱 195g(1袋);鱿鱼酱 240g(1袋)', 6, 6, 170.00, 0.00, -10.00);
INSERT INTO `orders` VALUES ('E20250629193140031606185', 'R102', 'Emma', '交易完成', '2025-06-29 19:31:00', '2025-06-29 19:31:00', '2025-07-07 18:40:00', '辣白菜1kg 2袋+拌板筋250g 2袋(拌板筋片250g 2袋+辣白菜1kg 2袋)(1套);韩味冷面 750g(2袋);小银鱼/干虾 干果150g(小银鱼干果)(1盒)', 4, 3, 126.00, 0.00, -10.00);
INSERT INTO `orders` VALUES ('E20250629193431053500067', 'R101', '温小温', '交易完成', '2025-06-29 19:34:00', '2025-06-29 19:34:00', '2025-07-07 15:59:00', '拌板筋(拌板筋丝250g)(1袋);拌饭酱 425g(1盒);萝卜块泡菜 400g(1袋);辣白菜 袋装(1.5kg)(1袋);小萝卜泡菜 500g(1袋);拌桔梗（咸口&甜口） 250g(拌桔梗（甜口）)(1袋)', 6, 6, 110.00, 0.00, -10.00);
INSERT INTO `orders` VALUES ('E20250629194651045906185', 'R100', '大海', '交易完成', '2025-06-29 19:46:00', '2025-06-29 19:47:00', '2025-07-07 16:00:00', '亲久米酒(草莓米酒)(1瓶);亲久米酒(青提米酒)(1瓶);朝鲜族米肠 500g(1袋);酱辣蟹 500g(1盒);拌板筋(拌板筋丝250g)(1袋);拌板筋(拌板筋片250g)(1袋);米汁 500g(1件);拌桔梗（咸口&甜口） 250g(手撕拌桔梗（咸口）)(2袋)', 9, 8, 217.00, 0.00, -10.00);
INSERT INTO `orders` VALUES ('E20250629195111030606197', 'R099', '冉冉妈', '交易完成', '2025-06-29 19:51:00', '2025-06-29 19:51:00', '2025-07-07 18:41:00', '拌桔梗（咸口&甜口） 250g(手撕拌桔梗（咸口）)(1袋);小萝卜泡菜 500g(1袋);辣白菜1kg 2袋+拌板筋250g 2袋(拌板筋丝250g 2袋+辣白菜1kg 2袋)(1套)', 3, 3, 123.00, 0.00, -10.00);
INSERT INTO `orders` VALUES ('E20250629200116065400043', 'R098', '彬彬', '交易完成', '2025-06-29 20:01:00', '2025-06-29 20:01:00', '2025-07-07 13:01:00', '拌饭酱 425g(1盒);小银鱼/干虾 干果150g(干虾干果)(1盒);拌明太鱼 250g(1袋);小银鱼/干虾 干果150g(小银鱼干果)(2盒)', 5, 4, 113.00, 0.00, -10.00);
INSERT INTO `orders` VALUES ('E20250629202102066700067', 'R097', 'ʚ阿喂ɞ', '交易完成', '2025-06-29 20:21:00', '2025-06-29 20:21:00', '2025-07-07 13:03:00', '韩味冷面 750g(2袋);小萝卜泡菜 500g(1袋);米汁 500g(2件);拌苏子叶 190g(2袋);参鸡汤 1000g(1袋)', 8, 5, 111.00, 0.00, -10.00);
INSERT INTO `orders` VALUES ('E20250629203951054706155', 'R096', '小金', '交易完成', '2025-06-29 20:39:00', '2025-06-29 20:39:00', '2025-07-07 18:20:00', '拌苏子叶 190g(1袋);辣白菜1kg 2袋+拌板筋250g 2袋(拌板筋片250g 2袋+辣白菜1kg 2袋)(1套);韩味冷面 750g(2袋);米汁 500g(1件)', 5, 4, 122.00, 0.00, -10.00);
INSERT INTO `orders` VALUES ('E20250629204008099706193', 'R095', '阿蓝', '交易完成', '2025-06-29 20:40:00', '2025-06-29 20:40:00', '2025-07-07 13:04:00', '辣白菜1kg 2袋+拌板筋250g 2袋(拌板筋片250g 2袋+辣白菜1kg 2袋)(1套);萝卜块泡菜 400g(1袋);小萝卜泡菜 500g(2袋)', 4, 3, 131.00, 0.00, -10.00);
INSERT INTO `orders` VALUES ('E20250629204835033900033', 'R094', '周润发', '交易完成', '2025-06-29 20:48:00', '2025-06-29 20:48:00', '2025-07-07 13:05:00', '萝卜块泡菜 400g(1袋);鱿鱼酱 240g(1袋);辣白菜 袋装(1.5kg)(1袋);小银鱼/干虾 干果150g(干虾干果)(1盒);小银鱼/干虾 干果150g(小银鱼干果)(1盒)', 5, 5, 111.00, 0.00, -10.00);
INSERT INTO `orders` VALUES ('E20250629211753028900059', 'R093', '1983', '交易完成', '2025-06-29 21:17:00', '2025-06-29 21:18:00', '2025-07-07 18:21:00', '亲久米酒(糯米米酒)(1瓶);小萝卜泡菜 500g(1袋);韩味冷面 750g(2袋);辣白菜1kg 2袋+拌板筋250g 2袋(拌板筋丝250g 2袋+辣白菜1kg 2袋)(1套);香葱泡菜 500g(1袋)', 6, 5, 154.00, 0.00, -10.00);
INSERT INTO `orders` VALUES ('E20250629212345051306159', 'R092', '🍇Mandy🍇', '交易完成', '2025-06-29 21:23:00', '2025-06-29 21:23:00', '2025-07-07 18:30:00', '朝鲜族米肠 500g(1袋);小萝卜泡菜 500g(2袋);辣白菜 袋装(1.5kg)(1袋);辣白菜 袋装(1kg)(1袋)', 5, 4, 110.00, 0.00, -10.00);
INSERT INTO `orders` VALUES ('E20250629213947041400009', 'R091', '杨旸', '交易完成', '2025-06-29 21:39:00', '2025-06-29 21:39:00', '2025-07-07 16:01:00', '小银鱼/干虾 干果150g(小银鱼干果)(6盒)', 6, 1, 132.00, 0.00, -10.00);
INSERT INTO `orders` VALUES ('E20250629214359089306177', 'R090', '大海', '交易完成', '2025-06-29 21:44:00', '2025-06-29 21:44:00', '2025-07-07 16:58:00', '韩味冷面 750g(6袋);拌板筋(拌板筋片500g)(2袋)', 8, 2, 140.00, 0.00, -10.00);
INSERT INTO `orders` VALUES ('E20250629214400090606199', 'R089', '-.-', '交易完成', '2025-06-29 21:44:00', '2025-06-29 21:44:00', '2025-07-07 13:06:00', '米汁 500g(1件);拌板筋(拌板筋丝250g)(1袋);章鱼酱 195g(1袋);拌桔梗（咸口&甜口） 250g(拌桔梗（甜口）)(1袋);萝卜块泡菜 400g(1袋);小银鱼/干虾 干果150g(小银鱼干果)(1盒)', 6, 6, 108.00, 0.00, -10.00);
INSERT INTO `orders` VALUES ('E20250629214625052506205', 'R088', '张三', '交易完成', '2025-06-29 21:46:00', '2025-06-29 21:46:00', '2025-07-07 16:58:00', '拌饭酱 425g(1盒);米汁 500g(1件);韩味冷面 750g(5袋);小银鱼/干虾 干果150g(小银鱼干果)(1盒);拌板筋(拌板筋丝250g)(1袋)', 9, 5, 110.00, 0.00, -10.00);
INSERT INTO `orders` VALUES ('E20250629215030056406153', 'R037', '年年', '交易完成', '2025-06-29 21:50:00', '2025-06-29 21:50:00', '2025-07-07 16:59:00', '朝鲜族米肠 500g(1袋);辣白菜1kg 2袋+拌板筋250g 2袋(拌板筋丝250g 2袋+辣白菜1kg 2袋)(2套);拌桔梗（咸口&甜口） 250g(手撕拌桔梗（咸口）)(3袋);韩味冷面 750g(2袋)', 8, 4, 271.00, 0.00, -10.00);
INSERT INTO `orders` VALUES ('E20250629221746004906155', 'R087', '💕尚好佳💕', '交易完成', '2025-06-29 22:17:00', '2025-06-29 22:18:00', '2025-07-07 18:23:00', '拌板筋(拌板筋片250g)(1袋);小银鱼/干虾 干果150g(小银鱼干果)(4盒)', 5, 2, 113.00, 0.00, -10.00);
INSERT INTO `orders` VALUES ('E20250629223129072806213', 'R086', '阿淼仔。', '交易关闭', '2025-06-29 22:31:00', NULL, NULL, '亲久米酒(青提米酒)(1瓶)', 1, 1, 20.00, 13.00, -10.00);
INSERT INTO `orders` VALUES ('E20250629223859072800021', 'R086', '阿淼仔。', '交易完成', '2025-06-29 22:39:00', '2025-06-29 22:39:00', '2025-07-07 17:00:00', '韩味冷面 750g(2袋);香葱泡菜 500g(1袋);萝卜块泡菜 400g(1袋);小银鱼/干虾 干果150g(小银鱼干果)(3盒)', 7, 4, 109.00, 0.00, -10.00);
INSERT INTO `orders` VALUES ('E20250629224533074100011', 'R085', 'Zjc', '交易完成', '2025-06-29 22:45:00', '2025-06-29 22:45:00', '2025-07-07 13:07:00', '拌板筋(拌板筋丝250g)(1袋);拌板筋(拌板筋片250g)(1袋)', 2, 2, 50.00, 18.40, -10.00);
INSERT INTO `orders` VALUES ('E20250629233345057400015', 'R084', 'Daisy.', '交易完成', '2025-06-29 23:33:00', '2025-06-29 23:33:00', '2025-07-07 13:07:00', '辣白菜 袋装(1kg)(1袋);酱辣蟹 500g*2盒(1盒);拌桔梗（咸口&甜口） 250g(拌桔梗（甜口）)(1袋);拌桔梗（咸口&甜口） 250g(手撕拌桔梗（咸口）)(1袋);拌板筋(拌板筋丝250g)(1袋);拌板筋(拌板筋片250g)(1袋);韩味冷面 750g(4袋)', 10, 7, 245.00, 0.00, -10.00);
INSERT INTO `orders` VALUES ('E20250629234203082300067', 'R083', '君子兰', '交易完成', '2025-06-29 23:42:00', '2025-06-29 23:42:00', '2025-07-07 13:08:00', '韩味冷面 750g(3袋);辣白菜 袋装(1.5kg)(3袋);小银鱼/干虾 干果150g(小银鱼干果)(1盒)', 7, 3, 133.00, 0.00, -10.00);
INSERT INTO `orders` VALUES ('E20250630014514062700045', 'R082', '黎刚', '交易完成', '2025-06-30 01:45:00', '2025-06-30 01:45:00', '2025-07-07 17:01:00', '酱辣蟹 500g(1盒);辣白菜1kg 2袋+拌板筋250g 2袋(拌板筋片250g 2袋+辣白菜1kg 2袋)(1套)', 2, 2, 146.00, 0.00, -10.00);
INSERT INTO `orders` VALUES ('E20250630071213011206195', 'R081', 'Kelly', '交易完成', '2025-06-30 07:12:00', '2025-06-30 07:12:00', '2025-07-08 20:48:00', '香葱泡菜 500g(1袋);拌桔梗（咸口&甜口） 250g(手撕拌桔梗（咸口）)(2袋);小萝卜泡菜 500g(1袋);小银鱼/干虾 干果150g(小银鱼干果)(2盒)', 6, 4, 115.00, 0.00, -10.00);
INSERT INTO `orders` VALUES ('E20250630072403052600001', 'R080', '米菲和贝利', '交易完成', '2025-06-30 07:24:00', '2025-06-30 07:24:00', '2025-07-08 20:47:00', '韩味冷面 750g(3袋);小银鱼/干虾 干果150g(小银鱼干果)(2盒);拌桔梗（咸口&甜口） 250g(拌桔梗（甜口）)(1袋);拌板筋(拌板筋片250g)(1袋)', 7, 4, 108.00, 0.00, -10.00);
INSERT INTO `orders` VALUES ('E20250630082950009706177', 'R079', '吉吉国王', '交易完成', '2025-06-30 08:29:00', '2025-06-30 08:29:00', '2025-07-07 16:05:00', '亲久米酒(玉米米酒)(1瓶);拌板筋(拌板筋丝250g)(1袋);拌明太鱼 250g(1袋);章鱼酱 195g(1袋);拌板筋(拌板筋片250g)(1袋)', 5, 5, 119.00, 0.00, -10.00);
INSERT INTO `orders` VALUES ('E20250630083056009900063', 'R078', '遥远', '交易关闭', '2025-06-30 08:30:00', NULL, NULL, '拌板筋(拌板筋丝250g)(3袋);拌板筋(拌板筋片250g)(2袋)', 5, 2, 125.00, 0.00, -10.00);
INSERT INTO `orders` VALUES ('E20250630084919030800069', 'R077', '呱呱呱', '交易关闭', '2025-06-30 08:49:00', NULL, NULL, '辣白菜1kg 2袋+拌板筋250g 2袋(拌板筋片250g 2袋+辣白菜1kg 2袋)(1套)', 1, 1, 88.00, 0.00, -10.00);
INSERT INTO `orders` VALUES ('E20250630085507030800021', 'R077', '呱呱呱', '交易完成', '2025-06-30 08:55:00', '2025-06-30 08:55:00', '2025-07-07 16:30:00', '辣白菜 袋装(1kg)(2袋);拌板筋(拌板筋片250g)(1袋);小银鱼/干虾 干果150g(小银鱼干果)(2盒)', 5, 3, 113.00, 0.00, -10.00);
INSERT INTO `orders` VALUES ('E20250630093054007206205', 'R074', '阿蓝', '交易完成', '2025-06-30 09:30:00', '2025-06-30 09:31:00', '2025-07-07 17:02:00', '四季包饭酱 500g(1盒);拌饭酱 425g(1盒);韩味冷面 750g(2袋);小银鱼/干虾 干果150g(干虾干果)(1盒);小银鱼/干虾 干果150g(小银鱼干果)(1盒)', 6, 5, 98.00, 0.00, 0.00);
INSERT INTO `orders` VALUES ('E20250630094405040900019', 'R076', '大萱', '交易完成', '2025-06-30 09:44:00', '2025-06-30 09:44:00', '2025-07-07 17:03:00', '酱辣蟹 500g(1盒);韩味冷面 750g(7袋)', 8, 2, 114.00, 0.00, -10.00);
INSERT INTO `orders` VALUES ('E20250630094749007806149', 'R075', 'treasure', '交易完成', '2025-06-30 09:47:00', '2025-06-30 09:48:00', '2025-07-07 17:03:00', '小萝卜泡菜 500g(1袋);四季包饭酱 500g(1盒);拌饭酱 425g(1盒);参鸡汤 1000g(1袋);拌桔梗（咸口&甜口） 250g(拌桔梗（甜口）)(1袋);韩味冷面 750g(1袋)', 6, 6, 113.00, 0.00, -10.00);
INSERT INTO `orders` VALUES ('E20250630094833007206183', 'R074', '阿蓝', '交易关闭', '2025-06-30 09:48:00', NULL, NULL, '小银鱼/干虾 干果150g(干虾干果)(3盒)', 3, 1, 87.00, 19.50, -10.00);
INSERT INTO `orders` VALUES ('E20250630095232040100035', 'R073', '🌟Z.sN_', '交易完成', '2025-06-30 09:52:00', '2025-06-30 09:52:00', '2025-07-08 20:45:00', '酱辣蟹 500g(2盒)', 2, 1, 116.00, 0.00, -10.00);
INSERT INTO `orders` VALUES ('E20250630095514071600005', 'R072', '嗯哼', '交易完成', '2025-06-30 09:55:00', '2025-06-30 09:55:00', '2025-07-07 17:04:00', '韩味冷面 750g(1袋);小萝卜泡菜 500g(1袋);酱辣蟹 500g(1盒);辣白菜 袋装(1kg)(1袋);拌板筋(拌板筋丝250g)(1袋);拌苏子叶 190g(1袋)', 6, 6, 140.00, 0.00, 0.00);
INSERT INTO `orders` VALUES ('E20250630095722018600013', 'R071', '黑崎一护', '交易完成', '2025-06-30 09:57:00', '2025-06-30 09:57:00', '2025-07-07 16:07:00', '章鱼酱 195g(1袋);四季包饭酱 500g(1盒);拌板筋(拌板筋片500g)(1袋);辣白菜 袋装(1.5kg)(1袋)', 4, 4, 120.00, 0.00, -10.00);
INSERT INTO `orders` VALUES ('E20250630100658059300019', 'R070', '💫飞天小仙女🎀', '交易完成', '2025-06-30 10:06:00', '2025-06-30 10:07:00', '2025-07-07 17:05:00', '拌板筋(拌板筋丝250g)(2袋);拌板筋(拌板筋片250g)(2袋)', 4, 2, 100.00, 0.00, 0.00);
INSERT INTO `orders` VALUES ('E20250630103755012706211', 'R069', '진베베花(童装）', '交易关闭', '2025-06-30 10:37:00', NULL, NULL, '拌桔梗（咸口&甜口） 250g(拌桔梗（甜口）)(1袋);辣白菜 袋装(1kg)(1袋);章鱼酱 195g(1袋);萝卜块泡菜 400g(1袋)', 4, 4, 60.00, 24.90, 0.00);
INSERT INTO `orders` VALUES ('E20250630104013087200031', 'R068', '琥珀', '交易完成', '2025-06-30 10:40:00', '2025-06-30 10:40:00', '2025-07-05 19:20:00', '拌桔梗（咸口&甜口） 250g(拌桔梗（甜口）)(1袋);韩味冷面 750g(1袋);韩式辣椒酱 500g(1盒);辣白菜 袋装(1.5kg)(2袋);火辣酱 500g(1盒)', 6, 5, 119.00, 0.00, -10.00);
INSERT INTO `orders` VALUES ('E20250630105328041406189', 'R067', '杨旸', '交易完成', '2025-06-30 10:53:00', '2025-06-30 10:53:00', '2025-07-07 16:08:00', '章鱼酱 195g(1袋);米汁 500g(2件);小银鱼/干虾 干果150g(小银鱼干果)(3盒);拌桔梗（咸口&甜口） 250g(拌桔梗（甜口）)(1袋);拌板筋(拌板筋丝250g)(1袋)', 8, 5, 151.00, 0.00, 0.00);
INSERT INTO `orders` VALUES ('E20250630114024003706161', 'R066', '雪儿', '交易完成', '2025-06-30 11:40:00', '2025-06-30 11:40:00', '2025-07-08 20:46:00', '辣白菜 袋装(1kg)(1袋);小银鱼/干虾 干果150g(小银鱼干果)(1盒);韩味冷面 750g(5袋);拌板筋(拌板筋丝250g)(1袋)', 8, 4, 109.00, 0.00, -10.00);
INSERT INTO `orders` VALUES ('E20250630114228039106187', 'R065', '侯珊珊-邮储前所古城支行', '交易完成', '2025-06-30 11:42:00', '2025-06-30 11:42:00', '2025-07-08 16:29:00', '萝卜块泡菜 400g(1袋);拌明太鱼 250g(1袋);参鸡汤 1000g(1袋);米汁 500g(2件);韩味冷面 750g(2袋)', 7, 5, 108.00, 0.00, -10.00);
INSERT INTO `orders` VALUES ('E20250630115209008206153', 'R064', '♚Wang.*≈', '交易完成', '2025-06-30 11:52:00', '2025-06-30 11:52:00', '2025-07-08 13:02:00', '辣白菜1kg 2袋+拌板筋250g 2袋(拌板筋丝250g 2袋+辣白菜1kg 2袋)(1套)', 1, 1, 88.00, 0.00, -10.00);
INSERT INTO `orders` VALUES ('E20250630115223024806183', 'R063', '孔雀', '交易完成', '2025-06-30 11:52:00', '2025-06-30 11:52:00', '2025-07-07 16:09:00', '拌苏子叶 190g(1袋);小萝卜泡菜 500g(1袋);辣白菜 袋装(1.5kg)(1袋);拌明太鱼 250g(1袋);拌板筋(拌板筋丝250g)(1袋);小银鱼/干虾 干果150g(小银鱼干果)(1盒)', 6, 6, 128.00, 0.00, -10.00);
INSERT INTO `orders` VALUES ('E20250630115352040500019', 'R062', '张璐', '交易完成', '2025-06-30 11:53:00', '2025-06-30 11:54:00', '2025-07-07 16:10:00', '拌苏子叶 190g(1袋);萝卜块泡菜 400g(1袋);拌桔梗（咸口&甜口） 250g(拌桔梗（甜口）)(2袋);辣白菜1kg 2袋+拌板筋250g 2袋(拌板筋片250g 2袋+辣白菜1kg 2袋)(1套)', 5, 4, 137.00, 0.00, -10.00);
INSERT INTO `orders` VALUES ('E20250630121243054000025', 'R061', 'aaa', '交易关闭', '2025-06-30 12:12:00', NULL, NULL, '韩味冷面 750g(14袋)', 14, 1, 112.00, 0.00, -10.00);
INSERT INTO `orders` VALUES ('E20250630124203093706183', 'R060', '张三', '交易完成', '2025-06-30 12:42:00', '2025-06-30 12:42:00', '2025-07-07 16:12:00', '拌桔梗（咸口&甜口） 250g(拌桔梗（甜口）)(1袋);拌板筋(拌板筋丝250g)(1袋);小萝卜泡菜 500g(1袋);辣白菜 袋装(1.5kg)(1袋);小银鱼/干虾 干果150g(小银鱼干果)(1盒)', 5, 5, 108.00, 0.00, -10.00);
INSERT INTO `orders` VALUES ('E20250630135133017300053', 'R059', '阿蓝', '交易完成', '2025-06-30 13:51:00', '2025-06-30 13:51:00', '2025-07-08 13:08:00', '韩味冷面 750g(2袋);小银鱼/干虾 干果150g(干虾干果)(1盒);拌板筋(拌板筋片500g)(2袋)', 5, 3, 137.00, 0.00, -10.00);
INSERT INTO `orders` VALUES ('E20250630141608035606201', 'R058', '🍑桃喜🍑', '交易完成', '2025-06-30 14:16:00', '2025-06-30 14:16:00', '2025-07-08 20:45:00', '酱辣蟹 500g(1盒);章鱼酱 195g(1袋);韩味冷面 750g(1袋);小银鱼/干虾 干果150g(小银鱼干果)(1盒);拌板筋(拌板筋片500g)(1袋)', 5, 5, 163.00, 0.00, -10.00);
INSERT INTO `orders` VALUES ('E20250630142751011000075', 'R057', 'A蚂蚱', '交易完成', '2025-06-30 14:27:00', '2025-06-30 14:28:00', '2025-07-08 13:03:00', '米汁 500g(2件);韩味冷面 750g(1袋);拌明太鱼 250g(1袋);小银鱼/干虾 干果150g(小银鱼干果)(3盒)', 7, 4, 115.00, 0.00, -10.00);
INSERT INTO `orders` VALUES ('E20250630143117086900063', 'R056', 'Mo茉', '交易完成', '2025-06-30 14:31:00', '2025-06-30 14:31:00', '2025-07-07 16:12:00', '酱黑豆 220g(1袋);参鸡汤 1000g(1袋);拌桔梗（咸口&甜口） 250g(拌桔梗（甜口）)(1袋);米汁 500g(2件);拌板筋(拌板筋丝250g)(1袋)', 6, 5, 108.00, 0.00, -10.00);
INSERT INTO `orders` VALUES ('E20250630145006077700013', 'R055', '杨帆', '交易完成', '2025-06-30 14:50:00', '2025-06-30 14:50:00', '2025-07-07 15:56:00', '小萝卜泡菜 500g(1袋);拌桔梗（咸口&甜口） 250g(手撕拌桔梗（咸口）)(1袋);拌板筋(拌板筋片500g)(1袋);拌板筋(拌板筋丝250g)(1袋);小银鱼/干虾 干果150g(小银鱼干果)(1盒)', 5, 5, 128.00, 0.00, -10.00);
INSERT INTO `orders` VALUES ('E20250630161541016706169', 'R054', '阿蓝', '交易完成', '2025-06-30 16:15:00', '2025-06-30 16:15:00', '2025-07-08 13:11:00', '拌板筋(拌板筋片500g)(1袋);拌板筋(拌板筋丝250g)(1袋);拌明太鱼 250g(1袋);小银鱼/干虾 干果150g(小银鱼干果)(1盒)', 4, 4, 118.00, 0.00, -10.00);
INSERT INTO `orders` VALUES ('E20250630165538027700061', 'R053', '李涵嵋', '交易完成', '2025-06-30 16:55:00', '2025-06-30 16:55:00', '2025-07-08 13:10:00', '拌明太鱼 250g(1袋);韩味冷面 750g(2袋);小银鱼/干虾 干果150g(小银鱼干果)(2盒);拌板筋(拌板筋丝250g)(1袋)', 6, 4, 110.00, 0.00, -10.00);
INSERT INTO `orders` VALUES ('E20250630170540081900033', 'R052', '小花', '交易关闭', '2025-06-30 17:05:00', NULL, NULL, '辣白菜 袋装(1.5kg)(1袋);拌板筋(拌板筋片500g)(2袋);韩味冷面 750g(1袋);拌板筋(拌板筋丝250g)(1袋);参鸡汤 1000g(2袋)', 7, 5, 238.00, 0.00, -10.00);
INSERT INTO `orders` VALUES ('E20250630171319081900033', 'R052', '小花', '交易完成', '2025-06-30 17:13:00', '2025-06-30 17:13:00', '2025-07-08 13:04:00', '火辣酱 500g(1盒);辣白菜 袋装(1.5kg)(1袋);参鸡汤 1000g(1袋);拌板筋(拌板筋片500g)(2袋);韩味冷面 750g(1袋)', 6, 5, 193.00, 0.00, -10.00);
INSERT INTO `orders` VALUES ('E20250630185131010406205', 'R051', '苦咖啡💕', '交易完成', '2025-06-30 18:51:00', '2025-06-30 18:51:00', '2025-07-08 13:04:00', '萝卜块泡菜 400g(2袋);亲久米酒(青提米酒)(1瓶);朝鲜族米肠 500g(1袋);辣白菜 袋装(1.5kg)(1袋);小银鱼/干虾 干果150g(小银鱼干果)(2盒)', 7, 5, 136.00, 0.00, -10.00);
INSERT INTO `orders` VALUES ('E20250630190053036206163', 'R050', '嗅嗅😼', '交易完成', '2025-06-30 19:00:00', '2025-06-30 19:01:00', '2025-07-08 13:09:00', '朝鲜族米肠 500g(1袋);韩味冷面 750g(2袋);辣白菜 袋装(1.5kg)(1袋);香葱泡菜 500g(1袋);小银鱼/干虾 干果150g(小银鱼干果)(1盒)', 6, 5, 110.00, 0.00, -10.00);
INSERT INTO `orders` VALUES ('E20250630191903097100097', 'R049', '说什么呢？', '交易完成', '2025-06-30 19:19:00', '2025-06-30 19:19:00', '2025-07-11 16:48:00', '拌桔梗（咸口&甜口） 250g(拌桔梗（甜口）)(2袋);辣白菜 袋装(1.5kg)(1袋);韩味冷面 750g(2袋);香葱泡菜 500g(2袋)', 7, 4, 111.00, 0.00, -10.00);
INSERT INTO `orders` VALUES ('E20250630201004009506239', 'R048', '孟昕霖', '交易完成', '2025-06-30 20:10:00', '2025-06-30 20:10:00', '2025-07-12 15:33:00', '小银鱼/干虾 干果150g(干虾干果)(1盒);韩味冷面 750g(9袋)', 10, 2, 101.00, 0.00, 0.00);
INSERT INTO `orders` VALUES ('E20250701090122074500011', 'R047', '1', '交易关闭', '2025-07-01 09:01:00', NULL, NULL, '小银鱼/干虾 干果150g(小银鱼干果)(1盒)', 1, 1, 22.00, 13.00, -10.00);
INSERT INTO `orders` VALUES ('E20250701090501074506211', 'R047', '1', '交易完成', '2025-07-01 09:05:00', '2025-07-01 09:05:00', '2025-07-08 13:13:00', '小银鱼/干虾 干果150g(小银鱼干果)(1盒);酱黑豆 220g(1袋);小银鱼/干虾 干果150g(干虾干果)(1盒)', 3, 3, 61.00, 13.00, -10.00);
INSERT INTO `orders` VALUES ('E20250701121623098100011', 'R046', '哈哈', '交易完成', '2025-07-01 12:16:00', '2025-07-01 12:16:00', '2025-07-08 13:12:00', '酱黑豆 220g(1袋);小银鱼/干虾 干果150g(干虾干果)(1盒);小银鱼/干虾 干果150g(小银鱼干果)(1盒)', 3, 3, 61.00, 13.00, -10.00);
INSERT INTO `orders` VALUES ('E20250701141533059506217', 'R045', '良辰', '交易完成', '2025-07-01 14:15:00', '2025-07-01 14:15:00', '2025-07-08 15:07:00', '辣白菜 袋装(1.5kg)(3袋)', 3, 1, 87.00, 45.90, -10.00);
INSERT INTO `orders` VALUES ('E20250701143116014700011', 'R044', '杨咩咩', '交易关闭', '2025-07-01 14:31:00', NULL, NULL, '章鱼酱 195g(1袋);小银鱼/干虾 干果150g(小银鱼干果)(2盒)', 3, 2, 73.00, 13.00, -10.00);
INSERT INTO `orders` VALUES ('E20250701145241081100045', 'R043', 'Jiang', '交易完成', '2025-07-01 14:52:00', '2025-07-01 14:52:00', '2025-07-08 15:07:00', '拌板筋(拌板筋片500g)(1袋);小银鱼/干虾 干果150g(小银鱼干果)(1盒)', 2, 2, 68.00, 14.00, -10.00);
INSERT INTO `orders` VALUES ('E20250701222810072906149', 'R042', '🌸🐒', '交易关闭', '2025-07-01 22:28:00', '2025-07-01 22:28:00', NULL, '拌板筋(拌板筋丝500g)(1袋);拌板筋(拌板筋片500g)(1袋);小银鱼/干虾 干果150g(小银鱼干果)(1盒)', 3, 3, 114.00, 24.90, -10.00);
INSERT INTO `orders` VALUES ('E20250701223350079606185', 'R042', '🌸🐒', '交易完成', '2025-07-01 22:33:00', '2025-07-01 22:33:00', '2025-07-09 13:17:00', '拌板筋(拌板筋片500g)(2袋)', 2, 1, 92.00, 17.90, 0.00);
INSERT INTO `orders` VALUES ('E20250702092147082200049', 'R041', '思密达', '交易完成', '2025-07-02 09:21:00', '2025-07-02 09:21:00', '2025-07-09 17:47:00', '亲久米酒(奶油米酒)(2瓶);亲久米酒(青提米酒)(2瓶);米汁 500g(2件)', 6, 3, 96.00, 12.00, -10.00);
INSERT INTO `orders` VALUES ('E20250702150657029700087', 'R040', '阿蓝', '交易完成', '2025-07-02 15:06:00', '2025-07-02 15:07:00', '2025-07-11 16:48:00', '拌明太鱼 250g(1袋);香葱泡菜 500g(1袋);拌板筋(拌板筋片500g)(2袋)', 4, 3, 135.00, 24.90, -10.00);
INSERT INTO `orders` VALUES ('E20250702163118092700075', 'R039', '六月', '交易关闭', '2025-07-02 16:31:00', NULL, NULL, '拌板筋(拌板筋丝250g)(1袋)', 1, 1, 25.00, 14.00, -10.00);
INSERT INTO `orders` VALUES ('E20250702173858090106223', 'R038', 'Bowen', '交易完成', '2025-07-02 17:38:00', '2025-07-02 17:39:00', '2025-07-10 15:10:00', '亲久米酒(糯米米酒)(2瓶);拌板筋(拌板筋片500g)(1袋);小银鱼/干虾 干果150g(小银鱼干果)(2盒)', 5, 3, 120.00, 18.00, 0.00);
INSERT INTO `orders` VALUES ('E20250702185336056406147', 'R037', '年年', '交易完成', '2025-07-02 18:53:00', '2025-07-02 19:06:00', '2025-07-10 15:12:00', '辣白菜 袋装(1.5kg)(2袋);朝鲜族米肠 500g(4袋);拌板筋(拌板筋片250g)(2袋);韩味冷面 750g(10袋)', 18, 4, 282.24, 0.00, 0.00);
INSERT INTO `orders` VALUES ('E20250702212010041706205', 'R036', 'TONGYAO', '交易完成', '2025-07-02 21:20:00', '2025-07-02 21:20:00', '2025-07-11 15:56:00', '小萝卜泡菜 500g(5袋);香葱泡菜 500g(1袋)', 6, 2, 103.00, 18.00, -10.00);
INSERT INTO `orders` VALUES ('E20250703085819013800085', 'R035', 'Jonathon', '交易关闭', '2025-07-03 08:58:00', NULL, NULL, '小萝卜泡菜 500g(4袋)', 4, 1, 68.00, 26.40, -10.00);
INSERT INTO `orders` VALUES ('E20250703090757013806241', 'R035', 'Jonathon', '交易完成', '2025-07-03 09:07:00', '2025-07-03 09:08:00', '2025-07-10 15:13:00', '朝鲜族米肠 500g(2袋);萝卜块泡菜 400g(2袋)', 4, 2, 68.00, 26.40, -10.00);
INSERT INTO `orders` VALUES ('E20250703101836070000029', 'R034', '小狼～', '交易完成', '2025-07-03 10:18:00', '2025-07-03 10:18:00', '2025-07-10 15:14:00', '亲久米酒(青提米酒)(1瓶);亲久米酒(糯米米酒)(1瓶);萝卜块泡菜 400g(1袋);拌明太鱼 250g(1袋);韩味冷面 750g(2袋)', 6, 5, 83.30, 16.00, -30.00);
INSERT INTO `orders` VALUES ('E20250703111007092706165', 'R033', '六月', '交易完成', '2025-07-03 11:10:00', '2025-07-03 11:10:00', '2025-07-10 15:15:00', '韩味冷面 750g(2袋);拌饭酱 425g(1盒);拌板筋(拌板筋丝500g)(1袋);小银鱼/干虾 干果150g(小银鱼干果)(1盒);辣白菜 袋装(1.5kg)(1袋)', 6, 5, 128.00, 22.00, -10.00);
INSERT INTO `orders` VALUES ('E20250703142231075500041', 'R032', '没人点西班牙拿铁', '交易完成', '2025-07-03 14:22:00', '2025-07-03 14:22:00', '2025-07-11 16:47:00', '香葱泡菜 500g(1袋);拌板筋(拌板筋丝250g)(1袋);小萝卜泡菜 500g(1袋);辣白菜 袋装(1kg)(1袋);韩式辣椒酱 500g(2盒)', 6, 5, 114.00, 20.00, -10.00);
INSERT INTO `orders` VALUES ('E20250703150604074606199', 'R031', '大媛🍀', '交易完成', '2025-07-03 15:06:00', '2025-07-03 15:06:00', '2025-07-10 15:16:00', '萝卜块泡菜 400g(1袋);韩味冷面 750g(2袋);参鸡汤 1000g(1袋);拌板筋(拌板筋片500g)(1袋);辣白菜 袋装(1kg)(1袋);拌饭酱 425g(1盒);朝鲜族米肠 500g(1袋)', 8, 7, 175.00, 18.00, -10.00);
INSERT INTO `orders` VALUES ('E20250703153709012706171', 'R012', '진베베花(童装）', '交易关闭', '2025-07-03 15:37:00', NULL, NULL, '韩味冷面 750g(4袋)', 4, 1, 25.60, 31.90, 0.00);
INSERT INTO `orders` VALUES ('E20250703161532096800057', 'R030', 'wl', '交易完成', '2025-07-03 16:15:00', '2025-07-03 16:15:00', '2025-07-04 17:02:00', '韩味冷面 750g(2袋)', 2, 1, 16.00, 0.00, 0.00);
INSERT INTO `orders` VALUES ('E20250703214903052806209', 'R029', '大亦金雕唐木德CarvedGold_', '交易完成', '2025-07-03 21:49:00', '2025-07-03 21:49:00', '2025-07-11 15:55:00', '亲久米酒(青提米酒)(1瓶);小银鱼/干虾 干果150g(小银鱼干果)(1盒);拌明太鱼 250g(1袋);拌桔梗（咸口&甜口） 250g(拌桔梗（甜口）)(1袋);小银鱼/干虾 干果150g(干虾干果)(1盒);拌板筋(拌板筋片250g)(1袋)', 6, 6, 136.00, 28.50, -10.00);
INSERT INTO `orders` VALUES ('E20250703225848033400033', 'R028', 'B55S7', '交易完成', '2025-07-03 22:58:00', '2025-07-03 23:02:00', '2025-07-11 18:38:00', '小银鱼/干虾 干果150g(小银鱼干果)(1盒)', 1, 1, 22.00, 12.00, -10.00);
INSERT INTO `orders` VALUES ('E20250704113154068006199', 'R027', '阿蓝', '待发货', '2025-07-04 11:31:00', '2025-07-04 11:32:00', NULL, '拌苏子叶 190g(2袋);拌桔梗（咸口&甜口） 250g(手撕拌桔梗（咸口）)(2袋);拌桔梗（咸口&甜口） 250g(拌桔梗（甜口）)(2袋);小银鱼/干虾 干果150g(小银鱼干果)(2盒);拌板筋(拌板筋片250g)(2袋)', 10, 5, 180.00, 31.90, -10.00);
INSERT INTO `orders` VALUES ('E20250704125644052006189', 'R026', '索多', '交易完成', '2025-07-04 12:56:00', '2025-07-04 12:56:00', '2025-07-11 18:38:00', '小银鱼/干虾 干果150g(小银鱼干果)(1盒);章鱼酱 195g(1袋);拌板筋(拌板筋片500g)(1袋);拌苏子叶 190g(1袋);拌桔梗（咸口&甜口） 250g(手撕拌桔梗（咸口）)(1袋)', 5, 5, 118.75, 12.00, -99.00);
INSERT INTO `orders` VALUES ('E20250704160014061500005', 'R025', '夏', '交易完成', '2025-07-04 16:00:00', '2025-07-04 16:00:00', '2025-07-12 21:42:00', '韩味冷面 750g(10袋)', 10, 1, 80.00, 12.00, -10.00);
INSERT INTO `orders` VALUES ('E20250705235456020900107', 'R024', 'Xue元H', '交易完成', '2025-07-05 23:54:00', '2025-07-05 23:55:00', '2025-07-13 14:41:00', '拌板筋(拌板筋丝250g)(3袋);拌板筋(拌板筋片250g)(3袋);小银鱼/干虾 干果150g(小银鱼干果)(4盒)', 10, 3, 238.00, 31.90, -10.00);
INSERT INTO `orders` VALUES ('E20250706130100084506181', 'R023', '晶晶美甲美睫(香烟批发）', '交易关闭', '2025-07-06 13:01:00', NULL, NULL, '拌板筋(拌板筋丝250g)(1袋)', 1, 1, 25.00, 14.00, -10.00);
INSERT INTO `orders` VALUES ('E20250706130450084500093', 'R023', '晶晶美甲美睫(香烟批发）', '已发货', '2025-07-06 13:04:00', '2025-07-06 13:04:00', NULL, '朝鲜族米肠 500g(1袋);米汁 500g(2件);韩味冷面 750g(6袋);拌板筋(拌板筋丝250g)(2袋)', 11, 4, 139.00, 26.00, 0.00);
INSERT INTO `orders` VALUES ('E20250706205826020806187', 'R022', '哈哈', '已发货', '2025-07-06 20:58:00', '2025-07-06 20:58:00', NULL, '拌板筋(拌板筋丝500g)(1袋)', 1, 1, 46.00, 14.00, -10.00);
INSERT INTO `orders` VALUES ('E20250707121121081806171', 'R021', '张博', '已发货', '2025-07-07 12:11:00', '2025-07-07 12:11:00', NULL, '拌明太鱼 250g(1袋);拌板筋(拌板筋丝500g)(1袋);小银鱼/干虾 干果150g(小银鱼干果)(1盒);拌板筋(拌板筋片500g)(1袋)', 4, 4, 139.00, 12.00, -10.00);
INSERT INTO `orders` VALUES ('E20250707155231011806195', 'R020', 'A00000 霍鑫   15311903822', '已发货', '2025-07-07 15:52:00', '2025-07-07 15:52:00', NULL, '韩味冷面 750g(5袋);火辣酱 500g(1盒);辣白菜 袋装(1kg)(2袋);拌板筋(拌板筋丝500g)(1袋);朝鲜族米肠 500g(1袋);酱辣蟹 500g(1盒);拌明太鱼 250g(1袋);小银鱼/干虾 干果150g(小银鱼干果)(1盒)', 13, 8, 282.00, 30.00, -10.00);
INSERT INTO `orders` VALUES ('E20250708093620040106167', 'R019', '镇艳', '交易关闭', '2025-07-08 09:36:00', NULL, NULL, '小银鱼/干虾 干果150g(小银鱼干果)(1盒);亲久米酒(糯米米酒)(1瓶);萝卜块泡菜 400g(1袋)', 3, 3, 17.60, 12.00, 0.00);
INSERT INTO `orders` VALUES ('E20250708141752010606219', 'R018', 'Karris LS', '已发货', '2025-07-08 14:17:00', '2025-07-08 14:18:00', NULL, '酱黑豆 220g(1袋);韩味冷面 750g(5袋);参鸡汤 1000g(参鸡汤 2袋)(2袋)', 8, 3, 218.00, 82.50, -10.00);
INSERT INTO `orders` VALUES ('E20250708144801064200043', 'R017', '叫·、我💓小草莓yu', '已发货', '2025-07-08 14:48:00', '2025-07-08 14:48:00', NULL, '萝卜块泡菜 400g(1袋);韩味冷面 750g(1袋);拌板筋(拌板筋片250g)(3袋)', 5, 3, 92.00, 14.00, -10.00);
INSERT INTO `orders` VALUES ('E20250708150754071306167', 'R016', 'Ss。', '已发货', '2025-07-08 15:07:00', '2025-07-08 15:09:00', NULL, '辣白菜 袋装(1.5kg)(1袋)', 1, 1, 29.00, 28.50, -10.00);
INSERT INTO `orders` VALUES ('E20250708150801075906171', 'R015', '赵哲彬', '交易关闭', '2025-07-08 15:08:00', NULL, NULL, '参鸡汤 1000g(参鸡汤 2袋)(1袋);亲久米酒(糯米米酒)(1瓶);萝卜块泡菜 400g(1袋)', 3, 3, 67.20, 12.00, -10.00);
INSERT INTO `orders` VALUES ('E20250708150846075900009', 'R015', '赵哲彬', '交易关闭', '2025-07-08 15:08:00', NULL, NULL, '参鸡汤 1000g(参鸡汤 1袋)(1袋)', 1, 1, 33.60, 12.00, 0.00);
INSERT INTO `orders` VALUES ('E20250708154522063900029', 'R014', '李碧霞', '已发货', '2025-07-08 15:45:00', '2025-07-08 15:45:00', NULL, '韩味冷面 750g(6袋)', 6, 1, 48.00, 12.00, -10.00);
INSERT INTO `orders` VALUES ('E20250708154927008600007', 'R013', '陈欣', '已发货', '2025-07-08 15:49:00', '2025-07-08 15:49:00', NULL, '拌苏子叶 190g(2袋);拌板筋(拌板筋丝500g)(1袋);拌板筋(拌板筋片500g)(1袋)', 4, 3, 112.00, 12.00, -10.00);
INSERT INTO `orders` VALUES ('E20250708170558012700049', 'R012', '진베베花(童装）', '交易关闭', '2025-07-08 17:05:00', NULL, NULL, '韩味冷面 750g(10袋)', 10, 1, 64.00, 66.90, 0.00);
INSERT INTO `orders` VALUES ('E20250708184925035006183', 'R011', '小花', '已发货', '2025-07-08 18:49:00', '2025-07-08 18:49:00', NULL, '辣白菜 袋装(1.5kg)(3袋)', 3, 1, 87.00, 55.50, -10.00);
INSERT INTO `orders` VALUES ('E20250708214453095506213', 'R010', '萍', '已发货', '2025-07-08 21:44:00', '2025-07-08 21:45:00', NULL, '拌板筋(拌板筋丝500g)(1袋)', 1, 1, 46.00, 12.00, -10.00);
INSERT INTO `orders` VALUES ('E20250709140850038800029', 'R009', '娜', '交易完成', '2025-07-09 14:08:00', '2025-07-09 14:09:00', '2025-07-10 15:30:00', '小银鱼/干虾 干果150g(小银鱼干果)(6盒);小银鱼/干虾 干果150g(干虾干果)(2盒)', 8, 2, 190.00, 12.00, 0.00);
INSERT INTO `orders` VALUES ('E20250709164914028300019', 'R008', '崔凤日13752643160', '交易关闭', '2025-07-09 16:49:00', '2025-07-09 16:49:00', NULL, '酱辣蟹 500g(2盒);拌板筋(拌板筋丝250g)(1袋);萝卜块泡菜 400g(1袋);拌桔梗（咸口&甜口） 250g(拌桔梗（甜口）)(1袋);香葱泡菜 500g(1袋);小萝卜泡菜 500g(2袋);朝鲜族米肠 500g(1袋);拌苏子叶 190g(1袋);辣白菜 袋装(1.5kg)(2袋)', 12, 9, 310.00, 28.00, -10.00);
INSERT INTO `orders` VALUES ('E20250709170106035006149', 'R007', '小花', '已发货', '2025-07-09 17:01:00', '2025-07-09 17:01:00', NULL, '辣白菜 袋装(1.5kg)(3袋)', 3, 1, 87.00, 55.50, 0.00);
INSERT INTO `orders` VALUES ('E20250710105442013100043', 'R006', 'NN', '已发货', '2025-07-10 10:54:00', '2025-07-10 11:25:00', NULL, '拌明太鱼 250g(2袋);韩味冷面 750g(8袋)', 10, 2, 114.00, 59.90, -10.00);
INSERT INTO `orders` VALUES ('E20250710164527077300001', 'R005', 'A人保张楠', '已发货', '2025-07-10 16:45:00', '2025-07-10 16:45:00', NULL, '酱辣蟹 500g(2盒);萝卜块泡菜 400g(2袋);拌桔梗（咸口&甜口） 250g(机撕&甜口)(1袋);小银鱼/干虾 干果150g(小银鱼干果)(2盒)', 7, 4, 193.00, 12.00, -10.00);
INSERT INTO `orders` VALUES ('E20250710165207089706205', 'R004', '于喆', '已发货', '2025-07-10 16:52:00', '2025-07-10 16:52:00', NULL, '辣白菜 袋装(1kg)(2袋);米汁 500g(2件);拌板筋(拌板筋片500g)(3袋)', 7, 3, 198.00, 22.00, -10.00);
INSERT INTO `orders` VALUES ('E20250710231959040600105', 'R003', 'huan', '交易完成', '2025-07-10 23:20:00', '2025-07-10 23:20:00', '2025-07-12 09:08:00', '参鸡汤 1000g(参鸡汤 2袋)(1袋);小银鱼/干虾 干果150g(小银鱼干果)(8盒);酱辣蟹 500g(2盒)', 11, 3, 300.80, 12.00, 0.00);
INSERT INTO `orders` VALUES ('E20250712164451094106219', 'R002', '✨リン', '已发货', '2025-07-12 16:44:00', '2025-07-12 16:45:00', NULL, '辣白菜 袋装(1kg)(1袋);辣椒酱 500g(1盒);拌板筋(拌板筋丝500g)(1袋)', 3, 3, 88.00, 12.00, -10.00);
INSERT INTO `orders` VALUES ('E20250712164713085706151', 'R001', '英子', '已发货', '2025-07-12 16:47:00', '2025-07-12 16:47:00', NULL, '韩味冷面 750g(6袋)', 6, 1, 48.00, 12.00, -10.00);

-- ----------------------------
-- Table structure for product
-- ----------------------------
DROP TABLE IF EXISTS `product`;
CREATE TABLE `product`  (
  `ProductID` char(36) CHARACTER SET utf8mb4 COLLATE utf8mb4_0900_ai_ci NOT NULL,
  `CategoryID` char(36) CHARACTER SET utf8mb4 COLLATE utf8mb4_0900_ai_ci NULL DEFAULT NULL,
  `ProductName` varchar(100) CHARACTER SET utf8mb4 COLLATE utf8mb4_0900_ai_ci NOT NULL,
  `Sales` int NULL DEFAULT NULL,
  `Brand1` varchar(100) CHARACTER SET utf8mb4 COLLATE utf8mb4_0900_ai_ci NULL DEFAULT NULL,
  `Brand2` varchar(100) CHARACTER SET utf8mb4 COLLATE utf8mb4_0900_ai_ci NULL DEFAULT NULL,
  PRIMARY KEY (`ProductID`) USING BTREE,
  INDEX `FK_Relationship_7`(`CategoryID` ASC) USING BTREE,
  CONSTRAINT `FK_Relationship_7` FOREIGN KEY (`CategoryID`) REFERENCES `category` (`CategoryID`) ON DELETE RESTRICT ON UPDATE RESTRICT
) ENGINE = InnoDB CHARACTER SET = utf8mb4 COLLATE = utf8mb4_0900_ai_ci ROW_FORMAT = Dynamic;

-- ----------------------------
-- Records of product
-- ----------------------------
INSERT INTO `product` VALUES ('4029931608', 'C002', '辣白菜 袋装', 7, NULL, NULL);
INSERT INTO `product` VALUES ('4029934869', 'C002', '酱黑豆 220g', 0, '中国品牌', '富爸爸泡菜');
INSERT INTO `product` VALUES ('4029936593', 'C002', '香葱泡菜 500g', 6, '中国品牌', '富爸爸泡菜');
INSERT INTO `product` VALUES ('4029939159', 'C001', '小萝卜泡菜 500g', 7, NULL, NULL);
INSERT INTO `product` VALUES ('4029944814', 'C002', '参鸡汤 1000g', 2, NULL, NULL);
INSERT INTO `product` VALUES ('4041234536', 'C001', '干虾干果 150g', 0, '中国品牌', '顶楼泡菜');
INSERT INTO `product` VALUES ('4041235267', 'C001', '拌板筋丝 250g', 8, '中国品牌', '顶楼泡菜');
INSERT INTO `product` VALUES ('4041241844', 'C001', '拌明太鱼 250g', 11, '中国品牌', '顶楼泡菜');
INSERT INTO `product` VALUES ('4041241992', 'C001', '酱萝卜条 250g', 0, '中国品牌', '顶楼泡菜');
INSERT INTO `product` VALUES ('4043113775', 'C003', '拌饭酱 425g', 0, '中国品牌', '李农夫');
INSERT INTO `product` VALUES ('4043115050', 'C003', '辣椒酱 500g', 2, '中国品牌', '李农夫');
INSERT INTO `product` VALUES ('4043116302', 'C003', '火辣酱 500g', 0, '中国品牌', '李农夫');
INSERT INTO `product` VALUES ('4043118435', 'C003', '韩式辣椒酱 500g', 0, '中国品牌', '李农夫');
INSERT INTO `product` VALUES ('4043221447', 'C001', '酱辣蟹 500g', 2, '中国品牌', '顶楼泡菜');
INSERT INTO `product` VALUES ('4127208074', 'C002', '萝卜块泡菜 400g', 8, NULL, NULL);
INSERT INTO `product` VALUES ('4127208077', 'C005', '韩味冷面 750g', 52, NULL, NULL);
INSERT INTO `product` VALUES ('4157424966', 'C003', '章鱼酱 195g', 1, NULL, NULL);
INSERT INTO `product` VALUES ('4172906396', 'C002', '测试用 - 2号', 0, NULL, NULL);
INSERT INTO `product` VALUES ('4357786197', 'C001', '拌桔梗（咸口&甜口） 250g', 7, '中国品牌', '顶楼泡菜');
INSERT INTO `product` VALUES ('4357786584', 'C001', '牛板筋', 0, '中国品牌', '顶楼泡菜');
INSERT INTO `product` VALUES ('4357786608', 'C001', '小银鱼/干虾 干果150g', 25, NULL, NULL);
INSERT INTO `product` VALUES ('4357786698', 'C001', '测试用 - 1号', 0, NULL, NULL);
INSERT INTO `product` VALUES ('4357788347', 'C001', '拌小跟菜 250g', 0, NULL, NULL);
INSERT INTO `product` VALUES ('4357788458', 'C001', '拌黄瓜片 250g', 0, '中国品牌', '顶楼泡菜');
INSERT INTO `product` VALUES ('4357789644', 'C002', '韩式八宝菜 250g', 0, '中国品牌', '顶楼泡菜');
INSERT INTO `product` VALUES ('4357790921', 'C001', '萝卜叶水泡菜', 0, NULL, NULL);
INSERT INTO `product` VALUES ('4357791345', 'C001', '拌干豆腐 250g', 0, NULL, NULL);
INSERT INTO `product` VALUES ('4357792301', 'C001', '香辣豆皮 250g', 0, NULL, NULL);
INSERT INTO `product` VALUES ('4357793714', 'C001', '酱小土豆 250g', 0, '中国品牌', '顶楼泡菜');
INSERT INTO `product` VALUES ('4357794327', 'C001', '拌萝卜丝 250g', 0, '中国品牌', '顶楼泡菜');
INSERT INTO `product` VALUES ('4360590125', 'C003', '四季包饭酱 500g', 1, '中国品牌', '李农夫');
INSERT INTO `product` VALUES ('4360592195', 'C005', '亲久米酒', 2, '中国品牌', '顶楼泡菜');
INSERT INTO `product` VALUES ('4360882894', 'C005', '朝鲜族米肠 500g', 3, '中国品牌', '富爸爸泡菜');
INSERT INTO `product` VALUES ('4543188016', 'C004', '米汁 500g', 16, NULL, NULL);
INSERT INTO `product` VALUES ('4615885579', 'C003', '鱿鱼酱 240g', 0, NULL, NULL);
INSERT INTO `product` VALUES ('4615897034', 'C002', '拌苏子叶 190g', 1, NULL, NULL);

-- ----------------------------
-- Table structure for product_spec
-- ----------------------------
DROP TABLE IF EXISTS `product_spec`;
CREATE TABLE `product_spec`  (
  `ProdSpecID` char(36) CHARACTER SET utf8mb4 COLLATE utf8mb4_0900_ai_ci NOT NULL,
  `ProductID` char(36) CHARACTER SET utf8mb4 COLLATE utf8mb4_0900_ai_ci NULL DEFAULT NULL,
  `SpecName` varchar(100) CHARACTER SET utf8mb4 COLLATE utf8mb4_0900_ai_ci NOT NULL,
  `Price` decimal(10, 2) NOT NULL,
  `Weight` decimal(10, 2) NOT NULL,
  PRIMARY KEY (`ProdSpecID`) USING BTREE,
  INDEX `FK_Relationship_5`(`ProductID` ASC) USING BTREE,
  CONSTRAINT `FK_Relationship_5` FOREIGN KEY (`ProductID`) REFERENCES `product` (`ProductID`) ON DELETE RESTRICT ON UPDATE RESTRICT
) ENGINE = InnoDB CHARACTER SET = utf8mb4 COLLATE = utf8mb4_0900_ai_ci ROW_FORMAT = Dynamic;

-- ----------------------------
-- Records of product_spec
-- ----------------------------
INSERT INTO `product_spec` VALUES ('14852940374', '4029939159', 'nan', 17.00, 0.50);
INSERT INTO `product_spec` VALUES ('14852942070', '4029934869', 'nan', 10.00, 0.22);
INSERT INTO `product_spec` VALUES ('14853005111', '4029936593', 'nan', 18.00, 0.50);
INSERT INTO `product_spec` VALUES ('14854512773', '4041235267', 'nan', 25.00, 0.25);
INSERT INTO `product_spec` VALUES ('14854516225', '4041234536', 'nan', 29.00, 0.15);
INSERT INTO `product_spec` VALUES ('14854516310', '4041241844', 'nan', 25.00, 0.25);
INSERT INTO `product_spec` VALUES ('14854517931', '4041241992', 'nan', 10.00, 0.25);
INSERT INTO `product_spec` VALUES ('14854816961', '4043116302', 'nan', 22.00, 0.50);
INSERT INTO `product_spec` VALUES ('14854818699', '4043113775', 'nan', 15.00, 0.43);
INSERT INTO `product_spec` VALUES ('14854823784', '4043118435', 'nan', 16.00, 0.50);
INSERT INTO `product_spec` VALUES ('14854828202', '4043115050', 'nan', 20.00, 0.50);
INSERT INTO `product_spec` VALUES ('14854902338', '4043221447', 'nan', 58.00, 0.50);
INSERT INTO `product_spec` VALUES ('14870726314', '4127208077', 'nan', 8.00, 0.75);
INSERT INTO `product_spec` VALUES ('14870726841', '4127208074', 'nan', 9.00, 0.40);
INSERT INTO `product_spec` VALUES ('14876018402', '4157424966', 'nan', 29.00, 0.20);
INSERT INTO `product_spec` VALUES ('14878531503', '4172906396', 'nan', 30.00, 0.25);
INSERT INTO `product_spec` VALUES ('14878629220', '4357786584', '板筋片500g', 46.00, 0.50);
INSERT INTO `product_spec` VALUES ('14878629221', '4357786584', '板筋丝250g', 25.00, 0.25);
INSERT INTO `product_spec` VALUES ('14878629222', '4357786584', '板筋片250g', 25.00, 0.25);
INSERT INTO `product_spec` VALUES ('25851093470', '4029944814', 'nan', 42.00, 1.00);
INSERT INTO `product_spec` VALUES ('25854377582', '4357791345', 'nan', 10.00, 0.25);
INSERT INTO `product_spec` VALUES ('25854380993', '4357788458', 'nan', 10.00, 0.25);
INSERT INTO `product_spec` VALUES ('25854380996', '4357792301', 'nan', 8.00, 0.25);
INSERT INTO `product_spec` VALUES ('25854383275', '4357790921', 'nan', 188.00, 0.50);
INSERT INTO `product_spec` VALUES ('25854384038', '4357788347', 'nan', 10.00, 0.25);
INSERT INTO `product_spec` VALUES ('25854389826', '4357786698', 'nan', 20.00, 0.25);
INSERT INTO `product_spec` VALUES ('25854389862', '4357793714', 'nan', 10.00, 0.25);
INSERT INTO `product_spec` VALUES ('25854390767', '4357789644', 'nan', 10.00, 0.25);
INSERT INTO `product_spec` VALUES ('25854390809', '4357794327', 'nan', 9.00, 0.25);
INSERT INTO `product_spec` VALUES ('25855091154', '4360590125', 'nan', 16.00, 0.50);
INSERT INTO `product_spec` VALUES ('25855192432', '4360882894', 'nan', 25.00, 0.50);
INSERT INTO `product_spec` VALUES ('25867386929', '4360592195', '玉米米酒', 15.00, 0.75);
INSERT INTO `product_spec` VALUES ('25867386930', '4360592195', '糯米米酒', 15.00, 0.75);
INSERT INTO `product_spec` VALUES ('25867386931', '4360592195', '草莓米酒', 20.00, 0.75);
INSERT INTO `product_spec` VALUES ('25867386932', '4360592195', '奶油米酒', 20.00, 0.75);
INSERT INTO `product_spec` VALUES ('25867386933', '4360592195', '青提米酒', 20.00, 0.75);
INSERT INTO `product_spec` VALUES ('25867390433', '4029931608', '1.5kg', 29.00, 1.50);
INSERT INTO `product_spec` VALUES ('25867390434', '4029931608', '1kg', 22.00, 1.00);
INSERT INTO `product_spec` VALUES ('25886585340', '4357786608', '干虾干果', 29.00, 0.15);
INSERT INTO `product_spec` VALUES ('25886585341', '4357786608', '小银鱼干果', 22.00, 0.15);
INSERT INTO `product_spec` VALUES ('25886992114', '4543188016', 'nan', 8.00, 0.50);
INSERT INTO `product_spec` VALUES ('25887076864', '4357786197', '手撕拌桔梗（咸口）', 18.00, 0.25);
INSERT INTO `product_spec` VALUES ('25887076865', '4357786197', '拌桔梗（甜口）', 15.00, 0.25);
INSERT INTO `product_spec` VALUES ('25894977612', '4615885579', 'nan', 22.00, 0.24);
INSERT INTO `product_spec` VALUES ('25894985199', '4615897034', 'nan', 10.00, 0.19);

-- ----------------------------
-- Table structure for region
-- ----------------------------
DROP TABLE IF EXISTS `region`;
CREATE TABLE `region`  (
  `RegionID` char(36) CHARACTER SET utf8mb4 COLLATE utf8mb4_0900_ai_ci NOT NULL,
  `Customer_ID` char(36) CHARACTER SET utf8mb4 COLLATE utf8mb4_0900_ai_ci NULL DEFAULT NULL,
  `Province` varchar(50) CHARACTER SET utf8mb4 COLLATE utf8mb4_0900_ai_ci NULL DEFAULT NULL,
  `City` varchar(50) CHARACTER SET utf8mb4 COLLATE utf8mb4_0900_ai_ci NULL DEFAULT NULL,
  `District` varchar(50) CHARACTER SET utf8mb4 COLLATE utf8mb4_0900_ai_ci NULL DEFAULT NULL,
  PRIMARY KEY (`RegionID`) USING BTREE,
  INDEX `FK_Relationship_3`(`Customer_ID` ASC) USING BTREE,
  CONSTRAINT `FK_Relationship_3` FOREIGN KEY (`Customer_ID`) REFERENCES `customer` (`Customer_ID`) ON DELETE RESTRICT ON UPDATE RESTRICT
) ENGINE = InnoDB CHARACTER SET = utf8mb4 COLLATE = utf8mb4_0900_ai_ci ROW_FORMAT = Dynamic;

-- ----------------------------
-- Records of region
-- ----------------------------
INSERT INTO `region` VALUES ('R001', '英子', '辽宁省', '鞍山市', '铁东区');
INSERT INTO `region` VALUES ('R002', '✨リン', '辽宁省', '沈阳市', '于洪区');
INSERT INTO `region` VALUES ('R003', 'huan', '辽宁省', '大连市', '金州区');
INSERT INTO `region` VALUES ('R004', '于喆', '北京市', '北京市', '海淀区');
INSERT INTO `region` VALUES ('R005', 'A人保张楠', '辽宁省', '营口市', '西市区');
INSERT INTO `region` VALUES ('R006', 'NN', '山东省', '烟台市', '芝罘区');
INSERT INTO `region` VALUES ('R007', '小花', '广东省', '深圳市', '龙华区');
INSERT INTO `region` VALUES ('R008', '崔凤日13752643160', '天津市', '天津市', '武清区');
INSERT INTO `region` VALUES ('R009', '娜', '辽宁省', '鞍山市', '高新区');
INSERT INTO `region` VALUES ('R010', '萍', '辽宁省', '铁岭市', '银州区');
INSERT INTO `region` VALUES ('R011', '小花', '广东省', '揭阳市', '惠来县');
INSERT INTO `region` VALUES ('R012', '진베베花(童装）', '山东省', '烟台市', '芝罘区');
INSERT INTO `region` VALUES ('R013', '陈欣', '辽宁省', '葫芦岛市', '龙港区');
INSERT INTO `region` VALUES ('R014', '李碧霞', '辽宁省', '营口市', '盖州市');
INSERT INTO `region` VALUES ('R015', '赵哲彬', '辽宁省', '沈阳市', '苏家屯区');
INSERT INTO `region` VALUES ('R016', 'Ss。', '福建省', '宁德市', '福鼎市');
INSERT INTO `region` VALUES ('R017', '叫·、我💓小草莓yu', '天津市', '天津市', '红桥区');
INSERT INTO `region` VALUES ('R018', 'Karris LS', '广东省', '广州市', '番禺区');
INSERT INTO `region` VALUES ('R019', '镇艳', '辽宁省', '沈阳市', '浑南区');
INSERT INTO `region` VALUES ('R020', 'A00000 霍鑫   15311903822', '北京市', '北京市', '朝阳区');
INSERT INTO `region` VALUES ('R021', '张博', '辽宁省', '铁岭市', '银州区');
INSERT INTO `region` VALUES ('R022', '哈哈', '内蒙古自治区', '赤峰市', '林西县');
INSERT INTO `region` VALUES ('R023', '晶晶美甲美睫(香烟批发）', '河北省', '承德市', '双桥区');
INSERT INTO `region` VALUES ('R024', 'Xue元H', '河南省', '焦作市', '山阳区');
INSERT INTO `region` VALUES ('R025', '夏', '辽宁省', '本溪市', '溪湖区');
INSERT INTO `region` VALUES ('R026', '索多', '辽宁省', '沈阳市', '皇姑区');
INSERT INTO `region` VALUES ('R027', '阿蓝', '内蒙古自治区', '乌兰察布市', '集宁区');
INSERT INTO `region` VALUES ('R028', 'B55S7', '辽宁省', '辽阳市', '文圣区');
INSERT INTO `region` VALUES ('R029', '大亦金雕唐木德CarvedGold_', '广东省', '揭阳市', '普宁市');
INSERT INTO `region` VALUES ('R030', 'wl', '', '', '');
INSERT INTO `region` VALUES ('R031', '大媛🍀', '天津市', '天津市', '北辰区');
INSERT INTO `region` VALUES ('R032', '没人点西班牙拿铁', '北京市', '北京市', '朝阳区');
INSERT INTO `region` VALUES ('R033', '六月', '河北省', '秦皇岛市', '抚宁区');
INSERT INTO `region` VALUES ('R034', '小狼～', '天津市', '天津市', '西青区');
INSERT INTO `region` VALUES ('R035', 'Jonathon', '江西省', '南昌市', '青山湖区');
INSERT INTO `region` VALUES ('R036', 'TONGYAO', '内蒙古自治区', '通辽市', '科尔沁区');
INSERT INTO `region` VALUES ('R037', '年年', '河北省', '石家庄市', '裕华区');
INSERT INTO `region` VALUES ('R038', 'Bowen', '北京市', '北京市', '海淀区');
INSERT INTO `region` VALUES ('R039', '六月', '河北省', '唐山市', '丰润区');
INSERT INTO `region` VALUES ('R040', '阿蓝', '山东省', '济宁市', '邹城市');
INSERT INTO `region` VALUES ('R041', '思密达', '辽宁省', '营口市', '盖州市');
INSERT INTO `region` VALUES ('R042', '🌸🐒', '江苏省', '连云港市', '海州区');
INSERT INTO `region` VALUES ('R043', 'Jiang', '北京市', '北京市', '大兴区');
INSERT INTO `region` VALUES ('R044', '杨咩咩', '吉林省', '吉林市', '丰满区');
INSERT INTO `region` VALUES ('R045', '良辰', '山西省', '太原市', '小店区');
INSERT INTO `region` VALUES ('R046', '哈哈', '吉林省', '吉林市', '船营区');
INSERT INTO `region` VALUES ('R047', '1', '吉林省', '吉林市', '船营区');
INSERT INTO `region` VALUES ('R048', '孟昕霖', '北京市', '北京市', '海淀区');
INSERT INTO `region` VALUES ('R049', '说什么呢？', '河北省', '邯郸市', '永年区');
INSERT INTO `region` VALUES ('R050', '嗅嗅😼', '河北省', '石家庄市', '鹿泉区');
INSERT INTO `region` VALUES ('R051', '苦咖啡💕', '江苏省', '苏州市', '虎丘区');
INSERT INTO `region` VALUES ('R052', '小花', '江苏省', '盐城市', '射阳县');
INSERT INTO `region` VALUES ('R053', '李涵嵋', '北京市', '北京市', '丰台区');
INSERT INTO `region` VALUES ('R054', '阿蓝', '黑龙江省', '哈尔滨市', '道外区');
INSERT INTO `region` VALUES ('R055', '杨帆', '黑龙江省', '哈尔滨市', '香坊区');
INSERT INTO `region` VALUES ('R056', 'Mo茉', '吉林省', '通化市', '东昌区');
INSERT INTO `region` VALUES ('R057', 'A蚂蚱', '安徽省', '合肥市', '肥东县');
INSERT INTO `region` VALUES ('R058', '🍑桃喜🍑', '辽宁省', '丹东市', '元宝区');
INSERT INTO `region` VALUES ('R059', '阿蓝', '吉林省', '长春市', '绿园区');
INSERT INTO `region` VALUES ('R060', '张三', '吉林省', '长春市', '南关区');
INSERT INTO `region` VALUES ('R061', 'aaa', '云南省', '昆明市', '官渡区');
INSERT INTO `region` VALUES ('R062', '张璐', '黑龙江省', '大庆市', '肇源县');
INSERT INTO `region` VALUES ('R063', '孔雀', '河北省', '保定市', '竞秀区');
INSERT INTO `region` VALUES ('R064', '♚Wang.*≈', '内蒙古自治区', '呼和浩特市', '新城区');
INSERT INTO `region` VALUES ('R065', '侯珊珊-邮储前所古城支行', '辽宁省', '葫芦岛市', '绥中县');
INSERT INTO `region` VALUES ('R066', '雪儿', '辽宁省', '大连市', '沙河口区');
INSERT INTO `region` VALUES ('R067', '杨旸', '吉林省', '长春市', '宽城区');
INSERT INTO `region` VALUES ('R068', '琥珀', '广东省', '广州市', '番禺区');
INSERT INTO `region` VALUES ('R069', '진베베花(童装）', '山东省', '烟台市', '牟平区');
INSERT INTO `region` VALUES ('R070', '💫飞天小仙女🎀', '江苏省', '无锡市', '梁溪区');
INSERT INTO `region` VALUES ('R071', '黑崎一护', '天津市', '天津市', '西青区');
INSERT INTO `region` VALUES ('R072', '嗯哼', '上海市', '上海市', '黄浦区');
INSERT INTO `region` VALUES ('R073', '🌟Z.sN_', '辽宁省', '锦州市', '凌河区');
INSERT INTO `region` VALUES ('R074', '阿蓝', '广东省', '东莞市', '樟木头镇');
INSERT INTO `region` VALUES ('R075', 'treasure', '河北省', '唐山市', '路北区');
INSERT INTO `region` VALUES ('R076', '大萱', '山东省', '日照市', '莒县');
INSERT INTO `region` VALUES ('R077', '呱呱呱', '内蒙古自治区', '包头市', '昆都仑区');
INSERT INTO `region` VALUES ('R078', '遥远', '上海市', '上海市', '闵行区');
INSERT INTO `region` VALUES ('R079', '吉吉国王', '山东省', '济宁市', '任城区');
INSERT INTO `region` VALUES ('R080', '米菲和贝利', '辽宁省', '大连市', '沙河口区');
INSERT INTO `region` VALUES ('R081', 'Kelly', '辽宁省', '大连市', '甘井子区');
INSERT INTO `region` VALUES ('R082', '黎刚', '广东省', '广州市', '白云区');
INSERT INTO `region` VALUES ('R083', '君子兰', '四川省', '成都市', '金牛区');
INSERT INTO `region` VALUES ('R084', 'Daisy.', '河南省', '安阳市', '内黄县');
INSERT INTO `region` VALUES ('R085', 'Zjc', '陕西省', '西安市', '碑林区');
INSERT INTO `region` VALUES ('R086', '阿淼仔。', '吉林省', '白山市', '浑江区');
INSERT INTO `region` VALUES ('R087', '💕尚好佳💕', '辽宁省', '锦州市', '太和区');
INSERT INTO `region` VALUES ('R088', '张三', '天津市', '天津市', '东丽区');
INSERT INTO `region` VALUES ('R089', '-.-', '福建省', '福州市', '晋安区');
INSERT INTO `region` VALUES ('R090', '大海', '黑龙江省', '鹤岗市', '萝北县');
INSERT INTO `region` VALUES ('R091', '杨旸', '吉林省', '松原市', '长岭县');
INSERT INTO `region` VALUES ('R092', '🍇Mandy🍇', '辽宁省', '营口市', '大石桥市');
INSERT INTO `region` VALUES ('R093', '1983', '辽宁省', '大连市', '沙河口区');
INSERT INTO `region` VALUES ('R094', '周润发', '福建省', '福州市', '鼓楼区');
INSERT INTO `region` VALUES ('R095', '阿蓝', '陕西省', '西安市', '碑林区');
INSERT INTO `region` VALUES ('R096', '小金', '辽宁省', '本溪市', '桓仁满族自治县');
INSERT INTO `region` VALUES ('R097', 'ʚ阿喂ɞ', '广东省', '广州市', '越秀区');
INSERT INTO `region` VALUES ('R098', '彬彬', '四川省', '成都市', '锦江区');
INSERT INTO `region` VALUES ('R099', '冉冉妈', '辽宁省', '大连市', '中山区');
INSERT INTO `region` VALUES ('R100', '大海', '黑龙江省', '伊春市', '乌翠区');
INSERT INTO `region` VALUES ('R101', '温小温', '北京市', '北京市', '怀柔区');
INSERT INTO `region` VALUES ('R102', 'Emma', '辽宁省', '大连市', '甘井子区');
INSERT INTO `region` VALUES ('R103', 'Kobe', '上海市', '上海市', '浦东新区');
INSERT INTO `region` VALUES ('R104', 'Q', '江苏省', '徐州市', '沛县');
INSERT INTO `region` VALUES ('R105', '阳洋', '北京市', '北京市', '朝阳区');
INSERT INTO `region` VALUES ('R106', 'ShufeiZHENG', '浙江省', '杭州市', '上城区');
INSERT INTO `region` VALUES ('R107', '娜，初心烘焙.私人定制15032312714', '河北省', '秦皇岛市', '昌黎县');
INSERT INTO `region` VALUES ('R108', '青草香', '新疆维吾尔自治区', '塔城地区', '塔城市');
INSERT INTO `region` VALUES ('R109', '大海', '陕西省', '汉中市', '城固县');
INSERT INTO `region` VALUES ('R110', '圆溜溜', '河北省', '秦皇岛市', '海港区');
INSERT INTO `region` VALUES ('R111', 'Z🌷＾小栋', '辽宁省', '大连市', '甘井子区');
INSERT INTO `region` VALUES ('R112', 'Bowen', '北京市', '北京市', '丰台区');
INSERT INTO `region` VALUES ('R113', 'Neo', '江苏省', '南京市', '雨花台区');
INSERT INTO `region` VALUES ('R114', '平淡生活', '辽宁省', '大连市', '沙河口区');
INSERT INTO `region` VALUES ('R115', '花开不败', '北京市', '北京市', '顺义区');
INSERT INTO `region` VALUES ('R116', '若冰', '吉林省', '辽源市', '龙山区');
INSERT INTO `region` VALUES ('R117', '顾佳妮', '北京市', '北京市', '东城区');
INSERT INTO `region` VALUES ('R118', '喜洋洋', '海南省', '海口市', '龙华区');
INSERT INTO `region` VALUES ('R119', '萝溪.', '内蒙古自治区', '巴彦淖尔市', '磴口县');
INSERT INTO `region` VALUES ('R120', '小花', '辽宁省', '盘锦市', '大洼区');
INSERT INTO `region` VALUES ('R121', '阿蓝', '辽宁省', '鞍山市', '立山区');
INSERT INTO `region` VALUES ('R122', '阿蓝', '吉林省', '辽源市', '龙山区');
INSERT INTO `region` VALUES ('R123', '蕾', '天津市', '天津市', '滨海新区');
INSERT INTO `region` VALUES ('R124', '张小花', '吉林省', '吉林市', '永吉县');
INSERT INTO `region` VALUES ('R125', '吉文静', '北京市', '北京市', '朝阳区');
INSERT INTO `region` VALUES ('R126', '努力努力再努力@续', '北京市', '北京市', '朝阳区');
INSERT INTO `region` VALUES ('R127', '文小文', '辽宁省', '大连市', '沙河口区');
INSERT INTO `region` VALUES ('R128', 'O耶', '黑龙江省', '哈尔滨市', '香坊区');
INSERT INTO `region` VALUES ('R129', '닥터 김', '辽宁省', '沈阳市', '于洪区');
INSERT INTO `region` VALUES ('R130', '我是你的阿拉平', '辽宁省', '盘锦市', '兴隆台区');
INSERT INTO `region` VALUES ('R131', 'NE.fifi💋', '辽宁省', '沈阳市', '浑南区');
INSERT INTO `region` VALUES ('R132', '刘慧慧啊🌴', '辽宁省', '铁岭市', '铁岭县');
INSERT INTO `region` VALUES ('R133', '小宇', '辽宁省', '沈阳市', '皇姑区');
INSERT INTO `region` VALUES ('R134', '十五', '天津市', '天津市', '北辰区');
INSERT INTO `region` VALUES ('R135', 'NE.fifi💋', '辽宁省', '沈阳市', '浑南新区');
INSERT INTO `region` VALUES ('R136', '旋紫', '辽宁省', '朝阳市', '双塔区');
INSERT INTO `region` VALUES ('R137', '唉呀妈呀（Q）', '吉林省', '长春市', '南关区');
INSERT INTO `region` VALUES ('R138', '芝士小丸子', '北京市', '北京市', '朝阳区');
INSERT INTO `region` VALUES ('R139', 'Daisy', '浙江省', '温州市', '龙湾区');
INSERT INTO `region` VALUES ('R140', '温shu芸', '广西壮族自治区', '南宁市', '上林县');
INSERT INTO `region` VALUES ('R141', 'A0--西美丽♈', '黑龙江省', '哈尔滨市', '双城市');
INSERT INTO `region` VALUES ('R142', '谭雪', '山东省', '烟台市', '牟平区');
INSERT INTO `region` VALUES ('R143', '加油', '山东省', '烟台市', '牟平区');
INSERT INTO `region` VALUES ('R144', 'ʚ🐨ིྀɞ', '黑龙江省', '哈尔滨市', '道外区');
INSERT INTO `region` VALUES ('R145', '刘', '天津市', '天津市', '南开区');
INSERT INTO `region` VALUES ('R146', 'GYC🎀하 베이비', '辽宁省', '抚顺市', '顺城区');
INSERT INTO `region` VALUES ('R147', '小狼～', '天津市', '天津市', '北辰区');
INSERT INTO `region` VALUES ('R148', '昨儿', '黑龙江省', '哈尔滨市', '香坊区');
INSERT INTO `region` VALUES ('R149', 'Rebecca💦', '上海市', '上海市', '闵行区');
INSERT INTO `region` VALUES ('R150', '叮铃铃🐀   💨', '广西壮族自治区', '南宁市', '西乡塘区');
INSERT INTO `region` VALUES ('R151', '文心^^*(윤희)', '上海市', '上海市', '青浦区');
INSERT INTO `region` VALUES ('R152', 'A加加布鲁根', '河北省', '秦皇岛市', '昌黎县');
INSERT INTO `region` VALUES ('R153', '虎哥', '山东省', '烟台市', '牟平区');
INSERT INTO `region` VALUES ('R154', '阿蓝', '辽宁省', '鞍山市', '岫岩满族自治县');
INSERT INTO `region` VALUES ('R155', '伊本 微微', '山东省', '烟台市', '芝罘区');
INSERT INTO `region` VALUES ('R156', '로이맘德国🇩🇪PM', '山东省', '青岛市', '城阳区');
INSERT INTO `region` VALUES ('R157', '兰兰준호맘', '山东省', '青岛市', '即墨区');
INSERT INTO `region` VALUES ('R158', '素然🐴🐯🐶439', '天津市', '天津市', '南开区');
INSERT INTO `region` VALUES ('R159', '小狼～', '天津市', '天津市', '南开区');
INSERT INTO `region` VALUES ('R160', '小花', '河北省', '石家庄市', '栾城区');
INSERT INTO `region` VALUES ('R161', 'jiawei', '内蒙古自治区', '赤峰市', '林西县');
INSERT INTO `region` VALUES ('R162', '好运来', '辽宁省', '鞍山市', '铁西区');
INSERT INTO `region` VALUES ('R163', '阿才才', '江苏省', '苏州市', '吴中区');
INSERT INTO `region` VALUES ('R164', '明日之King', '山东省', '烟台市', '牟平区');
INSERT INTO `region` VALUES ('R165', '奔跑的犀牛', '广东省', '广州市', '番禺区');
INSERT INTO `region` VALUES ('R166', '言覃木南木南', '黑龙江省', '哈尔滨市', '平房区');
INSERT INTO `region` VALUES ('R167', '冀晔', '辽宁省', '沈阳市', '浑南区');
INSERT INTO `region` VALUES ('R168', '小小小赵🤍', '黑龙江省', '黑河市', '嫩江市');
INSERT INTO `region` VALUES ('R169', '镇艳', '上海市', '上海市', '黄浦区');
INSERT INTO `region` VALUES ('R170', '*。Ю媛※■', '辽宁省', '本溪市', '溪湖区');
INSERT INTO `region` VALUES ('R171', 'beoChen', '天津市', '天津市', '河西区');
INSERT INTO `region` VALUES ('R172', '🍭米迦勒_004603', '黑龙江省', '齐齐哈尔市', '铁锋区');
INSERT INTO `region` VALUES ('R173', '大草莓', '吉林省', '四平市', '铁西区');
INSERT INTO `region` VALUES ('R174', '颢颢', '北京市', '北京市', '东城区');
INSERT INTO `region` VALUES ('R175', '芃芃麻麻', '吉林省', '长春市', '绿园区');
INSERT INTO `region` VALUES ('R176', '金谨商贸', '辽宁省', '抚顺市', '东洲区');
INSERT INTO `region` VALUES ('R177', 'River ᐝ', '辽宁省', '鞍山市', '铁东区');
INSERT INTO `region` VALUES ('R178', 'D·JiaoJiao🧸ྀི', '辽宁省', '鞍山市', '铁东区');
INSERT INTO `region` VALUES ('R179', '谢紫棋cindy', '北京市', '北京市', '西城区');
INSERT INTO `region` VALUES ('R180', 'Paopao', '福建省', '厦门市', '湖里区');
INSERT INTO `region` VALUES ('R181', '金子', '辽宁省', '鞍山市', '铁东区');
INSERT INTO `region` VALUES ('R182', '华', '吉林省', '长春市', '朝阳区');
INSERT INTO `region` VALUES ('R183', '선화', '山东省', '青岛市', '城阳区');
INSERT INTO `region` VALUES ('R184', 'nana', '山东省', '滨州市', '滨城区');
INSERT INTO `region` VALUES ('R185', '🔅蓝宝石', '山东省', '烟台市', '莱州市');
INSERT INTO `region` VALUES ('R186', '小承韩国童装工厂直销(韩国内衣）', '黑龙江省', '牡丹江市', '东宁市');
INSERT INTO `region` VALUES ('R187', '叮铃铃🐀   💨', '广西壮族自治区', '南宁市', '江南区');
INSERT INTO `region` VALUES ('R188', '别的小菇凉💃💃', '广西壮族自治区', '南宁市', '青秀区');
INSERT INTO `region` VALUES ('R189', '白凤', '浙江省', '杭州市', '拱墅区');
INSERT INTO `region` VALUES ('R190', '王皓淼', '辽宁省', '鞍山市', '千山区');
INSERT INTO `region` VALUES ('R191', '张磊', '天津市', '天津市', '河东区');
INSERT INTO `region` VALUES ('R192', '罗', '河南省', '驻马店市', '驿城区');
INSERT INTO `region` VALUES ('R193', 'Cary ෆ⃛ ོ    ོ', '河北省', '廊坊市', '燕郊经济技术开发区');
INSERT INTO `region` VALUES ('R194', '顶楼泡菜之家（张太峰）', '辽宁省', '沈阳市', '和平区');
INSERT INTO `region` VALUES ('R195', '鱼糕大叔', '辽宁省', '沈阳市', '和平区');
INSERT INTO `region` VALUES ('R196', 'L55', '山东省', '烟台市', '牟平区');
INSERT INTO `region` VALUES ('R197', '小螺号', '辽宁省', '盘锦市', '兴隆台区');
INSERT INTO `region` VALUES ('R198', '养乐多(薪雅)', '吉林省', '延边朝鲜族自治州', '敦化市');
INSERT INTO `region` VALUES ('R199', '玟佑妈妈（韩国直邮韩妆，奶粉）', '河南省', '省直辖县级行政区划', '济源市');
INSERT INTO `region` VALUES ('R200', '贾', '内蒙古自治区', '呼伦贝尔市', '海拉尔区');
INSERT INTO `region` VALUES ('R201', '吉吉兔', '河北省', '秦皇岛市', '海港区');
INSERT INTO `region` VALUES ('R202', '不加班还是喜相逢', '河北省', '秦皇岛市', '北戴河区');
INSERT INTO `region` VALUES ('R203', '123', '山东省', '烟台市', '莱山区');
INSERT INTO `region` VALUES ('R204', 'Miyeong', '辽宁省', '抚顺市', '顺城区');
INSERT INTO `region` VALUES ('R205', 'oil', '湖南省', '长沙市', '岳麓区');
INSERT INTO `region` VALUES ('R206', '顶楼泡菜之家（张太峰）', '山东省', '青岛市', '即墨区');
INSERT INTO `region` VALUES ('R207', 'wl', '辽宁省', '沈阳市', '苏家屯区');
INSERT INTO `region` VALUES ('R208', '甜与苦', '辽宁省', '沈阳市', '和平区');
INSERT INTO `region` VALUES ('R209', 'huan', '', '', '');
INSERT INTO `region` VALUES ('R210', '镇艳', '辽宁省', '沈阳市', '铁西区');
INSERT INTO `region` VALUES ('R211', '镇艳', '山东省', '济南市', '历下区');
INSERT INTO `region` VALUES ('R212', '镇艳', '', '', '');

SET FOREIGN_KEY_CHECKS = 1;
